{
  "fio version" : "fio-3.36",
  "timestamp" : 1780125779,
  "timestamp_ms" : 1780125779630,
  "time" : "Sat May 30 16:22:59 2026",
  "jobs" : [
    {
      "jobname" : "prefill_mnt_d",
      "groupid" : 0,
      "job_start" : 1780125774497,
      "error" : 0,
      "eta" : 0,
      "elapsed" : 6,
      "job options" : {
        "name" : "prefill_mnt_d",
        "filename" : "/mnt/d/ssd_lab/results/wsl_path_compare_files/fio_testfile_wsl_path_compare",
        "rw" : "write",
        "bs" : "1M",
        "size" : "512M",
        "iodepth" : "1",
        "numjobs" : "1",
        "direct" : "0"
      },
      "read" : {
        "io_bytes" : 0,
        "io_kbytes" : 0,
        "bw_bytes" : 0,
        "bw" : 0,
        "iops" : 0.000000,
        "runtime" : 0,
        "total_ios" : 0,
        "short_ios" : 0,
        "drop_ios" : 0,
        "slat_ns" : {
          "min" : 0,
          "max" : 0,
          "mean" : 0.000000,
          "stddev" : 0.000000,
          "N" : 0
        },
        "clat_ns" : {
          "min" : 0,
          "max" : 0,
          "mean" : 0.000000,
          "stddev" : 0.000000,
          "N" : 0
        },
        "lat_ns" : {
          "min" : 0,
          "max" : 0,
          "mean" : 0.000000,
          "stddev" : 0.000000,
          "N" : 0
        },
        "bw_min" : 0,
        "bw_max" : 0,
        "bw_agg" : 0.000000,
        "bw_mean" : 0.000000,
        "bw_dev" : 0.000000,
        "bw_samples" : 0,
        "iops_min" : 0,
        "iops_max" : 0,
        "iops_mean" : 0.000000,
        "iops_stddev" : 0.000000,
        "iops_samples" : 0
      },
      "write" : {
        "io_bytes" : 536870912,
        "io_kbytes" : 524288,
        "bw_bytes" : 104878084,
        "bw" : 102420,
        "iops" : 100.019535,
        "runtime" : 5119,
        "total_ios" : 512,
        "short_ios" : 0,
        "drop_ios" : 0,
        "slat_ns" : {
          "min" : 0,
          "max" : 0,
          "mean" : 0.000000,
          "stddev" : 0.000000,
          "N" : 0
        },
        "clat_ns" : {
          "min" : 5507022,
          "max" : 106834762,
          "mean" : 9946728.123047,
          "stddev" : 7010735.351306,
          "N" : 512,
          "percentile" : {
            "1.000000" : 5734400,
            "5.000000" : 6258688,
            "10.000000" : 6520832,
            "20.000000" : 7307264,
            "30.000000" : 7766016,
            "40.000000" : 8224768,
            "50.000000" : 8585216,
            "60.000000" : 9240576,
            "70.000000" : 10027008,
            "80.000000" : 11075584,
            "90.000000" : 13303808,
            "95.000000" : 15663104,
            "99.000000" : 29753344,
            "99.500000" : 39059456,
            "99.900000" : 106430464,
            "99.950000" : 106430464,
            "99.990000" : 106430464
          }
        },
        "lat_ns" : {
          "min" : 5535624,
          "max" : 106867862,
          "mean" : 9988253.458984,
          "stddev" : 7012752.148583,
          "N" : 512
        },
        "bw_min" : 36864,
        "bw_max" : 149504,
        "bw_agg" : 99.380000,
        "bw_mean" : 101785.600000,
        "bw_dev" : 30469.425474,
        "bw_samples" : 10,
        "iops_min" : 36,
        "iops_max" : 146,
        "iops_mean" : 99.400000,
        "iops_stddev" : 29.755298,
        "iops_samples" : 10
      },
      "trim" : {
        "io_bytes" : 0,
        "io_kbytes" : 0,
        "bw_bytes" : 0,
        "bw" : 0,
        "iops" : 0.000000,
        "runtime" : 0,
        "total_ios" : 0,
        "short_ios" : 0,
        "drop_ios" : 0,
        "slat_ns" : {
          "min" : 0,
          "max" : 0,
          "mean" : 0.000000,
          "stddev" : 0.000000,
          "N" : 0
        },
        "clat_ns" : {
          "min" : 0,
          "max" : 0,
          "mean" : 0.000000,
          "stddev" : 0.000000,
          "N" : 0
        },
        "lat_ns" : {
          "min" : 0,
          "max" : 0,
          "mean" : 0.000000,
          "stddev" : 0.000000,
          "N" : 0
        },
        "bw_min" : 0,
        "bw_max" : 0,
        "bw_agg" : 0.000000,
        "bw_mean" : 0.000000,
        "bw_dev" : 0.000000,
        "bw_samples" : 0,
        "iops_min" : 0,
        "iops_max" : 0,
        "iops_mean" : 0.000000,
        "iops_stddev" : 0.000000,
        "iops_samples" : 0
      },
      "sync" : {
        "total_ios" : 0,
        "lat_ns" : {
          "min" : 0,
          "max" : 0,
          "mean" : 0.000000,
          "stddev" : 0.000000,
          "N" : 0
        }
      },
      "job_runtime" : 5118,
      "usr_cpu" : 0.508011,
      "sys_cpu" : 4.728410,
      "ctx" : 8710,
      "majf" : 0,
      "minf" : 9,
      "iodepth_level" : {
        "1" : 100.000000,
        "2" : 0.000000,
        "4" : 0.000000,
        "8" : 0.000000,
        "16" : 0.000000,
        "32" : 0.000000,
        ">=64" : 0.000000
      },
      "iodepth_submit" : {
        "0" : 0.000000,
        "4" : 100.000000,
        "8" : 0.000000,
        "16" : 0.000000,
        "32" : 0.000000,
        "64" : 0.000000,
        ">=64" : 0.000000
      },
      "iodepth_complete" : {
        "0" : 0.000000,
        "4" : 100.000000,
        "8" : 0.000000,
        "16" : 0.000000,
        "32" : 0.000000,
        "64" : 0.000000,
        ">=64" : 0.000000
      },
      "latency_ns" : {
        "2" : 0.000000,
        "4" : 0.000000,
        "10" : 0.000000,
        "20" : 0.000000,
        "50" : 0.000000,
        "100" : 0.000000,
        "250" : 0.000000,
        "500" : 0.000000,
        "750" : 0.000000,
        "1000" : 0.000000
      },
      "latency_us" : {
        "2" : 0.000000,
        "4" : 0.000000,
        "10" : 0.000000,
        "20" : 0.000000,
        "50" : 0.000000,
        "100" : 0.000000,
        "250" : 0.000000,
        "500" : 0.000000,
        "750" : 0.000000,
        "1000" : 0.000000
      },
      "latency_ms" : {
        "2" : 0.000000,
        "4" : 0.000000,
        "10" : 70.507812,
        "20" : 26.953125,
        "50" : 2.148438,
        "100" : 0.000000,
        "250" : 0.390625,
        "500" : 0.000000,
        "750" : 0.000000,
        "1000" : 0.000000,
        "2000" : 0.000000,
        ">=2000" : 0.000000
      },
      "latency_depth" : 1,
      "latency_target" : 0,
      "latency_percentile" : 100.000000,
      "latency_window" : 0
    }
  ]
}
