{
  "fio version" : "fio-3.36",
  "timestamp" : 1780125932,
  "timestamp_ms" : 1780125932293,
  "time" : "Sat May 30 16:25:32 2026",
  "jobs" : [
    {
      "jobname" : "rand_write",
      "groupid" : 0,
      "job_start" : 1780125917279,
      "error" : 0,
      "eta" : 0,
      "elapsed" : 16,
      "job options" : {
        "name" : "rand_write",
        "filename" : "/mnt/d/ssd_lab/results/wsl_path_compare_files/fio_testfile_wsl_path_compare",
        "rw" : "randwrite",
        "bs" : "4k",
        "size" : "512M",
        "iodepth" : "16",
        "numjobs" : "1",
        "direct" : "0",
        "runtime" : "15"
      },
      "read" : {
        "io_bytes" : 0,
        "io_kbytes" : 0,
        "bw_bytes" : 0,
        "bw" : 0,
        "iops" : 0.000000,
        "runtime" : 0,
        "total_ios" : 0,
        "short_ios" : 0,
        "drop_ios" : 0,
        "slat_ns" : {
          "min" : 0,
          "max" : 0,
          "mean" : 0.000000,
          "stddev" : 0.000000,
          "N" : 0
        },
        "clat_ns" : {
          "min" : 0,
          "max" : 0,
          "mean" : 0.000000,
          "stddev" : 0.000000,
          "N" : 0
        },
        "lat_ns" : {
          "min" : 0,
          "max" : 0,
          "mean" : 0.000000,
          "stddev" : 0.000000,
          "N" : 0
        },
        "bw_min" : 0,
        "bw_max" : 0,
        "bw_agg" : 0.000000,
        "bw_mean" : 0.000000,
        "bw_dev" : 0.000000,
        "bw_samples" : 0,
        "iops_min" : 0,
        "iops_max" : 0,
        "iops_mean" : 0.000000,
        "iops_stddev" : 0.000000,
        "iops_samples" : 0
      },
      "write" : {
        "io_bytes" : 205160448,
        "io_kbytes" : 200352,
        "bw_bytes" : 13676451,
        "bw" : 13355,
        "iops" : 3338.977402,
        "runtime" : 15001,
        "total_ios" : 50088,
        "short_ios" : 0,
        "drop_ios" : 0,
        "slat_ns" : {
          "min" : 0,
          "max" : 0,
          "mean" : 0.000000,
          "stddev" : 0.000000,
          "N" : 0
        },
        "clat_ns" : {
          "min" : 135502,
          "max" : 35053561,
          "mean" : 295533.167605,
          "stddev" : 418015.655034,
          "N" : 50088,
          "percentile" : {
            "1.000000" : 150528,
            "5.000000" : 158720,
            "10.000000" : 175104,
            "20.000000" : 189440,
            "30.000000" : 201728,
            "40.000000" : 220160,
            "50.000000" : 238592,
            "60.000000" : 264192,
            "70.000000" : 296960,
            "80.000000" : 346112,
            "90.000000" : 444416,
            "95.000000" : 561152,
            "99.000000" : 1019904,
            "99.500000" : 1302528,
            "99.900000" : 2039808,
            "99.950000" : 3751936,
            "99.990000" : 22413312
          }
        },
        "lat_ns" : {
          "min" : 135702,
          "max" : 35054861,
          "mean" : 295873.936013,
          "stddev" : 418114.466591,
          "N" : 50088
        },
        "bw_min" : 4152,
        "bw_max" : 17960,
        "bw_agg" : 99.536466,
        "bw_mean" : 13294.896552,
        "bw_dev" : 3436.075984,
        "bw_samples" : 29,
        "iops_min" : 1038,
        "iops_max" : 4490,
        "iops_mean" : 3323.724138,
        "iops_stddev" : 859.018996,
        "iops_samples" : 29
      },
      "trim" : {
        "io_bytes" : 0,
        "io_kbytes" : 0,
        "bw_bytes" : 0,
        "bw" : 0,
        "iops" : 0.000000,
        "runtime" : 0,
        "total_ios" : 0,
        "short_ios" : 0,
        "drop_ios" : 0,
        "slat_ns" : {
          "min" : 0,
          "max" : 0,
          "mean" : 0.000000,
          "stddev" : 0.000000,
          "N" : 0
        },
        "clat_ns" : {
          "min" : 0,
          "max" : 0,
          "mean" : 0.000000,
          "stddev" : 0.000000,
          "N" : 0
        },
        "lat_ns" : {
          "min" : 0,
          "max" : 0,
          "mean" : 0.000000,
          "stddev" : 0.000000,
          "N" : 0
        },
        "bw_min" : 0,
        "bw_max" : 0,
        "bw_agg" : 0.000000,
        "bw_mean" : 0.000000,
        "bw_dev" : 0.000000,
        "bw_samples" : 0,
        "iops_min" : 0,
        "iops_max" : 0,
        "iops_mean" : 0.000000,
        "iops_stddev" : 0.000000,
        "iops_samples" : 0
      },
      "sync" : {
        "total_ios" : 0,
        "lat_ns" : {
          "min" : 0,
          "max" : 0,
          "mean" : 0.000000,
          "stddev" : 0.000000,
          "N" : 0
        }
      },
      "job_runtime" : 15000,
      "usr_cpu" : 3.386667,
      "sys_cpu" : 5.546667,
      "ctx" : 50094,
      "majf" : 0,
      "minf" : 7,
      "iodepth_level" : {
        "1" : 100.000000,
        "2" : 0.000000,
        "4" : 0.000000,
        "8" : 0.000000,
        "16" : 0.000000,
        "32" : 0.000000,
        ">=64" : 0.000000
      },
      "iodepth_submit" : {
        "0" : 0.000000,
        "4" : 100.000000,
        "8" : 0.000000,
        "16" : 0.000000,
        "32" : 0.000000,
        "64" : 0.000000,
        ">=64" : 0.000000
      },
      "iodepth_complete" : {
        "0" : 0.000000,
        "4" : 100.000000,
        "8" : 0.000000,
        "16" : 0.000000,
        "32" : 0.000000,
        "64" : 0.000000,
        ">=64" : 0.000000
      },
      "latency_ns" : {
        "2" : 0.000000,
        "4" : 0.000000,
        "10" : 0.000000,
        "20" : 0.000000,
        "50" : 0.000000,
        "100" : 0.000000,
        "250" : 0.000000,
        "500" : 0.000000,
        "750" : 0.000000,
        "1000" : 0.000000
      },
      "latency_us" : {
        "2" : 0.000000,
        "4" : 0.000000,
        "10" : 0.000000,
        "20" : 0.000000,
        "50" : 0.000000,
        "100" : 0.000000,
        "250" : 55.017170,
        "500" : 38.098946,
        "750" : 4.508066,
        "1000" : 1.289730
      },
      "latency_ms" : {
        "2" : 0.984268,
        "4" : 0.057898,
        "10" : 0.019965,
        "20" : 0.010000,
        "50" : 0.015972,
        "100" : 0.000000,
        "250" : 0.000000,
        "500" : 0.000000,
        "750" : 0.000000,
        "1000" : 0.000000,
        "2000" : 0.000000,
        ">=2000" : 0.000000
      },
      "latency_depth" : 16,
      "latency_target" : 0,
      "latency_percentile" : 100.000000,
      "latency_window" : 0
    }
  ]
}
