{
  "fio version" : "fio-3.36",
  "timestamp" : 1780125886,
  "timestamp_ms" : 1780125886481,
  "time" : "Sat May 30 16:24:46 2026",
  "jobs" : [
    {
      "jobname" : "rand_read",
      "groupid" : 0,
      "job_start" : 1780125871460,
      "error" : 0,
      "eta" : 0,
      "elapsed" : 16,
      "job options" : {
        "name" : "rand_read",
        "filename" : "/mnt/d/ssd_lab/results/wsl_path_compare_files/fio_testfile_wsl_path_compare",
        "rw" : "randread",
        "bs" : "4k",
        "size" : "512M",
        "iodepth" : "16",
        "numjobs" : "1",
        "direct" : "0",
        "runtime" : "15"
      },
      "read" : {
        "io_bytes" : 278695936,
        "io_kbytes" : 272164,
        "bw_bytes" : 18578490,
        "bw" : 18143,
        "iops" : 4535.764282,
        "runtime" : 15001,
        "total_ios" : 68041,
        "short_ios" : 0,
        "drop_ios" : 0,
        "slat_ns" : {
          "min" : 0,
          "max" : 0,
          "mean" : 0.000000,
          "stddev" : 0.000000,
          "N" : 0
        },
        "clat_ns" : {
          "min" : 119902,
          "max" : 36081727,
          "mean" : 217564.349686,
          "stddev" : 237836.948681,
          "N" : 68041,
          "percentile" : {
            "1.000000" : 132096,
            "5.000000" : 136192,
            "10.000000" : 138240,
            "20.000000" : 148480,
            "30.000000" : 164864,
            "40.000000" : 173056,
            "50.000000" : 181248,
            "60.000000" : 197632,
            "70.000000" : 222208,
            "80.000000" : 254976,
            "90.000000" : 313344,
            "95.000000" : 395264,
            "99.000000" : 659456,
            "99.500000" : 798720,
            "99.900000" : 1220608,
            "99.950000" : 1581056,
            "99.990000" : 8159232
          }
        },
        "lat_ns" : {
          "min" : 120002,
          "max" : 36082127,
          "mean" : 217759.758822,
          "stddev" : 237880.908937,
          "N" : 68041
        },
        "bw_min" : 12176,
        "bw_max" : 23080,
        "bw_agg" : 100.000000,
        "bw_mean" : 18235.586207,
        "bw_dev" : 2747.337068,
        "bw_samples" : 29,
        "iops_min" : 3044,
        "iops_max" : 5770,
        "iops_mean" : 4558.896552,
        "iops_stddev" : 686.834267,
        "iops_samples" : 29
      },
      "write" : {
        "io_bytes" : 0,
        "io_kbytes" : 0,
        "bw_bytes" : 0,
        "bw" : 0,
        "iops" : 0.000000,
        "runtime" : 0,
        "total_ios" : 0,
        "short_ios" : 0,
        "drop_ios" : 0,
        "slat_ns" : {
          "min" : 0,
          "max" : 0,
          "mean" : 0.000000,
          "stddev" : 0.000000,
          "N" : 0
        },
        "clat_ns" : {
          "min" : 0,
          "max" : 0,
          "mean" : 0.000000,
          "stddev" : 0.000000,
          "N" : 0
        },
        "lat_ns" : {
          "min" : 0,
          "max" : 0,
          "mean" : 0.000000,
          "stddev" : 0.000000,
          "N" : 0
        },
        "bw_min" : 0,
        "bw_max" : 0,
        "bw_agg" : 0.000000,
        "bw_mean" : 0.000000,
        "bw_dev" : 0.000000,
        "bw_samples" : 0,
        "iops_min" : 0,
        "iops_max" : 0,
        "iops_mean" : 0.000000,
        "iops_stddev" : 0.000000,
        "iops_samples" : 0
      },
      "trim" : {
        "io_bytes" : 0,
        "io_kbytes" : 0,
        "bw_bytes" : 0,
        "bw" : 0,
        "iops" : 0.000000,
        "runtime" : 0,
        "total_ios" : 0,
        "short_ios" : 0,
        "drop_ios" : 0,
        "slat_ns" : {
          "min" : 0,
          "max" : 0,
          "mean" : 0.000000,
          "stddev" : 0.000000,
          "N" : 0
        },
        "clat_ns" : {
          "min" : 0,
          "max" : 0,
          "mean" : 0.000000,
          "stddev" : 0.000000,
          "N" : 0
        },
        "lat_ns" : {
          "min" : 0,
          "max" : 0,
          "mean" : 0.000000,
          "stddev" : 0.000000,
          "N" : 0
        },
        "bw_min" : 0,
        "bw_max" : 0,
        "bw_agg" : 0.000000,
        "bw_mean" : 0.000000,
        "bw_dev" : 0.000000,
        "bw_samples" : 0,
        "iops_min" : 0,
        "iops_max" : 0,
        "iops_mean" : 0.000000,
        "iops_stddev" : 0.000000,
        "iops_samples" : 0
      },
      "sync" : {
        "total_ios" : 0,
        "lat_ns" : {
          "min" : 0,
          "max" : 0,
          "mean" : 0.000000,
          "stddev" : 0.000000,
          "N" : 0
        }
      },
      "job_runtime" : 15000,
      "usr_cpu" : 3.246667,
      "sys_cpu" : 5.980000,
      "ctx" : 68047,
      "majf" : 0,
      "minf" : 11,
      "iodepth_level" : {
        "1" : 100.000000,
        "2" : 0.000000,
        "4" : 0.000000,
        "8" : 0.000000,
        "16" : 0.000000,
        "32" : 0.000000,
        ">=64" : 0.000000
      },
      "iodepth_submit" : {
        "0" : 0.000000,
        "4" : 100.000000,
        "8" : 0.000000,
        "16" : 0.000000,
        "32" : 0.000000,
        "64" : 0.000000,
        ">=64" : 0.000000
      },
      "iodepth_complete" : {
        "0" : 0.000000,
        "4" : 100.000000,
        "8" : 0.000000,
        "16" : 0.000000,
        "32" : 0.000000,
        "64" : 0.000000,
        ">=64" : 0.000000
      },
      "latency_ns" : {
        "2" : 0.000000,
        "4" : 0.000000,
        "10" : 0.000000,
        "20" : 0.000000,
        "50" : 0.000000,
        "100" : 0.000000,
        "250" : 0.000000,
        "500" : 0.000000,
        "750" : 0.000000,
        "1000" : 0.000000
      },
      "latency_us" : {
        "2" : 0.000000,
        "4" : 0.000000,
        "10" : 0.000000,
        "20" : 0.000000,
        "50" : 0.000000,
        "100" : 0.000000,
        "250" : 78.840699,
        "500" : 18.806308,
        "750" : 1.700445,
        "1000" : 0.457077
      },
      "latency_ms" : {
        "2" : 0.160198,
        "4" : 0.019106,
        "10" : 0.010000,
        "20" : 0.010000,
        "50" : 0.010000,
        "100" : 0.000000,
        "250" : 0.000000,
        "500" : 0.000000,
        "750" : 0.000000,
        "1000" : 0.000000,
        "2000" : 0.000000,
        ">=2000" : 0.000000
      },
      "latency_depth" : 16,
      "latency_target" : 0,
      "latency_percentile" : 100.000000,
      "latency_window" : 0
    }
  ]
}
