{
  "fio version" : "fio-3.36",
  "timestamp" : 1780125962,
  "timestamp_ms" : 1780125962809,
  "time" : "Sat May 30 16:26:02 2026",
  "jobs" : [
    {
      "jobname" : "rand_write",
      "groupid" : 0,
      "job_start" : 1780125947793,
      "error" : 0,
      "eta" : 0,
      "elapsed" : 16,
      "job options" : {
        "name" : "rand_write",
        "filename" : "/mnt/d/ssd_lab/results/wsl_path_compare_files/fio_testfile_wsl_path_compare",
        "rw" : "randwrite",
        "bs" : "4k",
        "size" : "512M",
        "iodepth" : "16",
        "numjobs" : "1",
        "direct" : "0",
        "runtime" : "15"
      },
      "read" : {
        "io_bytes" : 0,
        "io_kbytes" : 0,
        "bw_bytes" : 0,
        "bw" : 0,
        "iops" : 0.000000,
        "runtime" : 0,
        "total_ios" : 0,
        "short_ios" : 0,
        "drop_ios" : 0,
        "slat_ns" : {
          "min" : 0,
          "max" : 0,
          "mean" : 0.000000,
          "stddev" : 0.000000,
          "N" : 0
        },
        "clat_ns" : {
          "min" : 0,
          "max" : 0,
          "mean" : 0.000000,
          "stddev" : 0.000000,
          "N" : 0
        },
        "lat_ns" : {
          "min" : 0,
          "max" : 0,
          "mean" : 0.000000,
          "stddev" : 0.000000,
          "N" : 0
        },
        "bw_min" : 0,
        "bw_max" : 0,
        "bw_agg" : 0.000000,
        "bw_mean" : 0.000000,
        "bw_dev" : 0.000000,
        "bw_samples" : 0,
        "iops_min" : 0,
        "iops_max" : 0,
        "iops_mean" : 0.000000,
        "iops_stddev" : 0.000000,
        "iops_samples" : 0
      },
      "write" : {
        "io_bytes" : 224436224,
        "io_kbytes" : 219176,
        "bw_bytes" : 14961417,
        "bw" : 14610,
        "iops" : 3652.689821,
        "runtime" : 15001,
        "total_ios" : 54794,
        "short_ios" : 0,
        "drop_ios" : 0,
        "slat_ns" : {
          "min" : 0,
          "max" : 0,
          "mean" : 0.000000,
          "stddev" : 0.000000,
          "N" : 0
        },
        "clat_ns" : {
          "min" : 121097,
          "max" : 36357722,
          "mean" : 270247.090320,
          "stddev" : 319165.651496,
          "N" : 54794,
          "percentile" : {
            "1.000000" : 150528,
            "5.000000" : 156672,
            "10.000000" : 168960,
            "20.000000" : 185344,
            "30.000000" : 193536,
            "40.000000" : 205824,
            "50.000000" : 222208,
            "60.000000" : 246784,
            "70.000000" : 280576,
            "80.000000" : 321536,
            "90.000000" : 403456,
            "95.000000" : 505856,
            "99.000000" : 806912,
            "99.500000" : 946176,
            "99.900000" : 1499136,
            "99.950000" : 2039808,
            "99.990000" : 14614528
          }
        },
        "lat_ns" : {
          "min" : 121297,
          "max" : 36358422,
          "mean" : 270570.610012,
          "stddev" : 319238.421199,
          "N" : 54794
        },
        "bw_min" : 9360,
        "bw_max" : 19712,
        "bw_agg" : 100.000000,
        "bw_mean" : 14694.620690,
        "bw_dev" : 2804.477293,
        "bw_samples" : 29,
        "iops_min" : 2340,
        "iops_max" : 4928,
        "iops_mean" : 3673.655172,
        "iops_stddev" : 701.119323,
        "iops_samples" : 29
      },
      "trim" : {
        "io_bytes" : 0,
        "io_kbytes" : 0,
        "bw_bytes" : 0,
        "bw" : 0,
        "iops" : 0.000000,
        "runtime" : 0,
        "total_ios" : 0,
        "short_ios" : 0,
        "drop_ios" : 0,
        "slat_ns" : {
          "min" : 0,
          "max" : 0,
          "mean" : 0.000000,
          "stddev" : 0.000000,
          "N" : 0
        },
        "clat_ns" : {
          "min" : 0,
          "max" : 0,
          "mean" : 0.000000,
          "stddev" : 0.000000,
          "N" : 0
        },
        "lat_ns" : {
          "min" : 0,
          "max" : 0,
          "mean" : 0.000000,
          "stddev" : 0.000000,
          "N" : 0
        },
        "bw_min" : 0,
        "bw_max" : 0,
        "bw_agg" : 0.000000,
        "bw_mean" : 0.000000,
        "bw_dev" : 0.000000,
        "bw_samples" : 0,
        "iops_min" : 0,
        "iops_max" : 0,
        "iops_mean" : 0.000000,
        "iops_stddev" : 0.000000,
        "iops_samples" : 0
      },
      "sync" : {
        "total_ios" : 0,
        "lat_ns" : {
          "min" : 0,
          "max" : 0,
          "mean" : 0.000000,
          "stddev" : 0.000000,
          "N" : 0
        }
      },
      "job_runtime" : 15000,
      "usr_cpu" : 2.953333,
      "sys_cpu" : 5.793333,
      "ctx" : 54800,
      "majf" : 0,
      "minf" : 10,
      "iodepth_level" : {
        "1" : 100.000000,
        "2" : 0.000000,
        "4" : 0.000000,
        "8" : 0.000000,
        "16" : 0.000000,
        "32" : 0.000000,
        ">=64" : 0.000000
      },
      "iodepth_submit" : {
        "0" : 0.000000,
        "4" : 100.000000,
        "8" : 0.000000,
        "16" : 0.000000,
        "32" : 0.000000,
        "64" : 0.000000,
        ">=64" : 0.000000
      },
      "iodepth_complete" : {
        "0" : 0.000000,
        "4" : 100.000000,
        "8" : 0.000000,
        "16" : 0.000000,
        "32" : 0.000000,
        "64" : 0.000000,
        ">=64" : 0.000000
      },
      "latency_ns" : {
        "2" : 0.000000,
        "4" : 0.000000,
        "10" : 0.000000,
        "20" : 0.000000,
        "50" : 0.000000,
        "100" : 0.000000,
        "250" : 0.000000,
        "500" : 0.000000,
        "750" : 0.000000,
        "1000" : 0.000000
      },
      "latency_us" : {
        "2" : 0.000000,
        "4" : 0.000000,
        "10" : 0.000000,
        "20" : 0.000000,
        "50" : 0.000000,
        "100" : 0.000000,
        "250" : 61.249407,
        "500" : 33.563894,
        "750" : 3.847137,
        "1000" : 0.952659
      },
      "latency_ms" : {
        "2" : 0.333978,
        "4" : 0.025550,
        "10" : 0.012775,
        "20" : 0.010000,
        "50" : 0.010000,
        "100" : 0.000000,
        "250" : 0.000000,
        "500" : 0.000000,
        "750" : 0.000000,
        "1000" : 0.000000,
        "2000" : 0.000000,
        ">=2000" : 0.000000
      },
      "latency_depth" : 16,
      "latency_target" : 0,
      "latency_percentile" : 100.000000,
      "latency_window" : 0
    }
  ]
}
