{
  "fio version" : "fio-3.36",
  "timestamp" : 1780125794,
  "timestamp_ms" : 1780125794886,
  "time" : "Sat May 30 16:23:14 2026",
  "jobs" : [
    {
      "jobname" : "rand_read",
      "groupid" : 0,
      "job_start" : 1780125779872,
      "error" : 0,
      "eta" : 0,
      "elapsed" : 16,
      "job options" : {
        "name" : "rand_read",
        "filename" : "/home/nei1155/ssd_lab_wsl_path_compare/fio_testfile_wsl_path_compare",
        "rw" : "randread",
        "bs" : "4k",
        "size" : "512M",
        "iodepth" : "16",
        "numjobs" : "1",
        "direct" : "0",
        "runtime" : "15"
      },
      "read" : {
        "io_bytes" : 551129088,
        "io_kbytes" : 538212,
        "bw_bytes" : 36739489,
        "bw" : 35878,
        "iops" : 8969.602027,
        "runtime" : 15001,
        "total_ios" : 134553,
        "short_ios" : 0,
        "drop_ios" : 0,
        "slat_ns" : {
          "min" : 0,
          "max" : 0,
          "mean" : 0.000000,
          "stddev" : 0.000000,
          "N" : 0
        },
        "clat_ns" : {
          "min" : 1399,
          "max" : 176462108,
          "mean" : 108438.250169,
          "stddev" : 1266387.583202,
          "N" : 134553,
          "percentile" : {
            "1.000000" : 1800,
            "5.000000" : 1896,
            "10.000000" : 1896,
            "20.000000" : 2008,
            "30.000000" : 2192,
            "40.000000" : 2416,
            "50.000000" : 2800,
            "60.000000" : 3216,
            "70.000000" : 4704,
            "80.000000" : 211968,
            "90.000000" : 272384,
            "95.000000" : 325632,
            "99.000000" : 659456,
            "99.500000" : 1187840,
            "99.900000" : 7700480,
            "99.950000" : 16056320,
            "99.990000" : 53215232
          }
        },
        "lat_ns" : {
          "min" : 1400,
          "max" : 176462208,
          "mean" : 108539.026257,
          "stddev" : 1266397.753982,
          "N" : 134553
        },
        "bw_min" : 200,
        "bw_max" : 71400,
        "bw_agg" : 100.000000,
        "bw_mean" : 36953.931034,
        "bw_dev" : 25347.764570,
        "bw_samples" : 29,
        "iops_min" : 50,
        "iops_max" : 17850,
        "iops_mean" : 9238.482759,
        "iops_stddev" : 6336.941143,
        "iops_samples" : 29
      },
      "write" : {
        "io_bytes" : 0,
        "io_kbytes" : 0,
        "bw_bytes" : 0,
        "bw" : 0,
        "iops" : 0.000000,
        "runtime" : 0,
        "total_ios" : 0,
        "short_ios" : 0,
        "drop_ios" : 0,
        "slat_ns" : {
          "min" : 0,
          "max" : 0,
          "mean" : 0.000000,
          "stddev" : 0.000000,
          "N" : 0
        },
        "clat_ns" : {
          "min" : 0,
          "max" : 0,
          "mean" : 0.000000,
          "stddev" : 0.000000,
          "N" : 0
        },
        "lat_ns" : {
          "min" : 0,
          "max" : 0,
          "mean" : 0.000000,
          "stddev" : 0.000000,
          "N" : 0
        },
        "bw_min" : 0,
        "bw_max" : 0,
        "bw_agg" : 0.000000,
        "bw_mean" : 0.000000,
        "bw_dev" : 0.000000,
        "bw_samples" : 0,
        "iops_min" : 0,
        "iops_max" : 0,
        "iops_mean" : 0.000000,
        "iops_stddev" : 0.000000,
        "iops_samples" : 0
      },
      "trim" : {
        "io_bytes" : 0,
        "io_kbytes" : 0,
        "bw_bytes" : 0,
        "bw" : 0,
        "iops" : 0.000000,
        "runtime" : 0,
        "total_ios" : 0,
        "short_ios" : 0,
        "drop_ios" : 0,
        "slat_ns" : {
          "min" : 0,
          "max" : 0,
          "mean" : 0.000000,
          "stddev" : 0.000000,
          "N" : 0
        },
        "clat_ns" : {
          "min" : 0,
          "max" : 0,
          "mean" : 0.000000,
          "stddev" : 0.000000,
          "N" : 0
        },
        "lat_ns" : {
          "min" : 0,
          "max" : 0,
          "mean" : 0.000000,
          "stddev" : 0.000000,
          "N" : 0
        },
        "bw_min" : 0,
        "bw_max" : 0,
        "bw_agg" : 0.000000,
        "bw_mean" : 0.000000,
        "bw_dev" : 0.000000,
        "bw_samples" : 0,
        "iops_min" : 0,
        "iops_max" : 0,
        "iops_mean" : 0.000000,
        "iops_stddev" : 0.000000,
        "iops_samples" : 0
      },
      "sync" : {
        "total_ios" : 0,
        "lat_ns" : {
          "min" : 0,
          "max" : 0,
          "mean" : 0.000000,
          "stddev" : 0.000000,
          "N" : 0
        }
      },
      "job_runtime" : 15000,
      "usr_cpu" : 2.466667,
      "sys_cpu" : 10.173333,
      "ctx" : 34210,
      "majf" : 0,
      "minf" : 14,
      "iodepth_level" : {
        "1" : 100.000000,
        "2" : 0.000000,
        "4" : 0.000000,
        "8" : 0.000000,
        "16" : 0.000000,
        "32" : 0.000000,
        ">=64" : 0.000000
      },
      "iodepth_submit" : {
        "0" : 0.000000,
        "4" : 100.000000,
        "8" : 0.000000,
        "16" : 0.000000,
        "32" : 0.000000,
        "64" : 0.000000,
        ">=64" : 0.000000
      },
      "iodepth_complete" : {
        "0" : 0.000000,
        "4" : 100.000000,
        "8" : 0.000000,
        "16" : 0.000000,
        "32" : 0.000000,
        "64" : 0.000000,
        ">=64" : 0.000000
      },
      "latency_ns" : {
        "2" : 0.000000,
        "4" : 0.000000,
        "10" : 0.000000,
        "20" : 0.000000,
        "50" : 0.000000,
        "100" : 0.000000,
        "250" : 0.000000,
        "500" : 0.000000,
        "750" : 0.000000,
        "1000" : 0.000000
      },
      "latency_us" : {
        "2" : 12.998595,
        "4" : 53.581117,
        "10" : 7.585858,
        "20" : 0.286876,
        "50" : 0.111480,
        "100" : 0.017837,
        "250" : 12.594294,
        "500" : 11.396996,
        "750" : 0.565576,
        "1000" : 0.249716
      },
      "latency_ms" : {
        "2" : 0.309915,
        "4" : 0.130803,
        "10" : 0.086955,
        "20" : 0.047565,
        "50" : 0.026012,
        "100" : 0.010000,
        "250" : 0.010000,
        "500" : 0.000000,
        "750" : 0.000000,
        "1000" : 0.000000,
        "2000" : 0.000000,
        ">=2000" : 0.000000
      },
      "latency_depth" : 16,
      "latency_target" : 0,
      "latency_percentile" : 100.000000,
      "latency_window" : 0
    }
  ],
  "disk_util" : [
    {
      "name" : "sdd",
      "read_ios" : 34076,
      "write_ios" : 368,
      "read_sectors" : 272608,
      "write_sectors" : 835776,
      "read_merges" : 0,
      "write_merges" : 3,
      "read_ticks" : 12819,
      "write_ticks" : 197142,
      "in_queue" : 209963,
      "util" : 80.993391
    }
  ]
}
