{
  "fio version" : "fio-3.36",
  "timestamp" : 1780125840,
  "timestamp_ms" : 1780125840696,
  "time" : "Sat May 30 16:24:00 2026",
  "jobs" : [
    {
      "jobname" : "rand_write",
      "groupid" : 0,
      "job_start" : 1780125825683,
      "error" : 0,
      "eta" : 0,
      "elapsed" : 16,
      "job options" : {
        "name" : "rand_write",
        "filename" : "/home/nei1155/ssd_lab_wsl_path_compare/fio_testfile_wsl_path_compare",
        "rw" : "randwrite",
        "bs" : "4k",
        "size" : "512M",
        "iodepth" : "16",
        "numjobs" : "1",
        "direct" : "0",
        "runtime" : "15"
      },
      "read" : {
        "io_bytes" : 0,
        "io_kbytes" : 0,
        "bw_bytes" : 0,
        "bw" : 0,
        "iops" : 0.000000,
        "runtime" : 0,
        "total_ios" : 0,
        "short_ios" : 0,
        "drop_ios" : 0,
        "slat_ns" : {
          "min" : 0,
          "max" : 0,
          "mean" : 0.000000,
          "stddev" : 0.000000,
          "N" : 0
        },
        "clat_ns" : {
          "min" : 0,
          "max" : 0,
          "mean" : 0.000000,
          "stddev" : 0.000000,
          "N" : 0
        },
        "lat_ns" : {
          "min" : 0,
          "max" : 0,
          "mean" : 0.000000,
          "stddev" : 0.000000,
          "N" : 0
        },
        "bw_min" : 0,
        "bw_max" : 0,
        "bw_agg" : 0.000000,
        "bw_mean" : 0.000000,
        "bw_dev" : 0.000000,
        "bw_samples" : 0,
        "iops_min" : 0,
        "iops_max" : 0,
        "iops_mean" : 0.000000,
        "iops_stddev" : 0.000000,
        "iops_samples" : 0
      },
      "write" : {
        "io_bytes" : 9975685120,
        "io_kbytes" : 9741880,
        "bw_bytes" : 665001341,
        "bw" : 649415,
        "iops" : 162353.843077,
        "runtime" : 15001,
        "total_ios" : 2435470,
        "short_ios" : 0,
        "drop_ios" : 0,
        "slat_ns" : {
          "min" : 0,
          "max" : 0,
          "mean" : 0.000000,
          "stddev" : 0.000000,
          "N" : 0
        },
        "clat_ns" : {
          "min" : 1699,
          "max" : 272358960,
          "mean" : 4338.378449,
          "stddev" : 258165.085860,
          "N" : 2435470,
          "percentile" : {
            "1.000000" : 2008,
            "5.000000" : 2096,
            "10.000000" : 2192,
            "20.000000" : 2384,
            "30.000000" : 2512,
            "40.000000" : 2704,
            "50.000000" : 2992,
            "60.000000" : 3216,
            "70.000000" : 3504,
            "80.000000" : 3888,
            "90.000000" : 5024,
            "95.000000" : 6688,
            "99.000000" : 21376,
            "99.500000" : 40704,
            "99.900000" : 98816,
            "99.950000" : 156672,
            "99.990000" : 618496
          }
        },
        "lat_ns" : {
          "min" : 1700,
          "max" : 272365160,
          "mean" : 4443.399196,
          "stddev" : 258248.874502,
          "N" : 2435470
        },
        "bw_min" : 163880,
        "bw_max" : 970712,
        "bw_agg" : 99.679039,
        "bw_mean" : 647331.655172,
        "bw_dev" : 211906.281680,
        "bw_samples" : 29,
        "iops_min" : 40970,
        "iops_max" : 242678,
        "iops_mean" : 161832.896552,
        "iops_stddev" : 52976.567597,
        "iops_samples" : 29
      },
      "trim" : {
        "io_bytes" : 0,
        "io_kbytes" : 0,
        "bw_bytes" : 0,
        "bw" : 0,
        "iops" : 0.000000,
        "runtime" : 0,
        "total_ios" : 0,
        "short_ios" : 0,
        "drop_ios" : 0,
        "slat_ns" : {
          "min" : 0,
          "max" : 0,
          "mean" : 0.000000,
          "stddev" : 0.000000,
          "N" : 0
        },
        "clat_ns" : {
          "min" : 0,
          "max" : 0,
          "mean" : 0.000000,
          "stddev" : 0.000000,
          "N" : 0
        },
        "lat_ns" : {
          "min" : 0,
          "max" : 0,
          "mean" : 0.000000,
          "stddev" : 0.000000,
          "N" : 0
        },
        "bw_min" : 0,
        "bw_max" : 0,
        "bw_agg" : 0.000000,
        "bw_mean" : 0.000000,
        "bw_dev" : 0.000000,
        "bw_samples" : 0,
        "iops_min" : 0,
        "iops_max" : 0,
        "iops_mean" : 0.000000,
        "iops_stddev" : 0.000000,
        "iops_samples" : 0
      },
      "sync" : {
        "total_ios" : 0,
        "lat_ns" : {
          "min" : 0,
          "max" : 0,
          "mean" : 0.000000,
          "stddev" : 0.000000,
          "N" : 0
        }
      },
      "job_runtime" : 15000,
      "usr_cpu" : 26.113333,
      "sys_cpu" : 68.786667,
      "ctx" : 970,
      "majf" : 0,
      "minf" : 9,
      "iodepth_level" : {
        "1" : 100.000000,
        "2" : 0.000000,
        "4" : 0.000000,
        "8" : 0.000000,
        "16" : 0.000000,
        "32" : 0.000000,
        ">=64" : 0.000000
      },
      "iodepth_submit" : {
        "0" : 0.000000,
        "4" : 100.000000,
        "8" : 0.000000,
        "16" : 0.000000,
        "32" : 0.000000,
        "64" : 0.000000,
        ">=64" : 0.000000
      },
      "iodepth_complete" : {
        "0" : 0.000000,
        "4" : 100.000000,
        "8" : 0.000000,
        "16" : 0.000000,
        "32" : 0.000000,
        "64" : 0.000000,
        ">=64" : 0.000000
      },
      "latency_ns" : {
        "2" : 0.000000,
        "4" : 0.000000,
        "10" : 0.000000,
        "20" : 0.000000,
        "50" : 0.000000,
        "100" : 0.000000,
        "250" : 0.000000,
        "500" : 0.000000,
        "750" : 0.000000,
        "1000" : 0.000000
      },
      "latency_us" : {
        "2" : 0.623411,
        "4" : 80.353032,
        "10" : 16.980295,
        "20" : 0.979975,
        "50" : 0.733657,
        "100" : 0.231331,
        "250" : 0.070335,
        "500" : 0.015438,
        "750" : 0.010000,
        "1000" : 0.010000
      },
      "latency_ms" : {
        "2" : 0.010000,
        "4" : 0.010000,
        "10" : 0.010000,
        "20" : 0.010000,
        "50" : 0.000000,
        "100" : 0.000000,
        "250" : 0.010000,
        "500" : 0.010000,
        "750" : 0.000000,
        "1000" : 0.000000,
        "2000" : 0.000000,
        ">=2000" : 0.000000
      },
      "latency_depth" : 16,
      "latency_target" : 0,
      "latency_percentile" : 100.000000,
      "latency_window" : 0
    }
  ],
  "disk_util" : [
    {
      "name" : "sdd",
      "read_ios" : 0,
      "write_ios" : 5860,
      "read_sectors" : 0,
      "write_sectors" : 11964224,
      "read_merges" : 0,
      "write_merges" : 6,
      "read_ticks" : 0,
      "write_ticks" : 4626316,
      "in_queue" : 4626802,
      "util" : 87.944968
    }
  ]
}
