{
  "fio version" : "fio-3.36",
  "timestamp" : 1780125855,
  "timestamp_ms" : 1780125855943,
  "time" : "Sat May 30 16:24:15 2026",
  "jobs" : [
    {
      "jobname" : "rand_write",
      "groupid" : 0,
      "job_start" : 1780125840930,
      "error" : 0,
      "eta" : 0,
      "elapsed" : 16,
      "job options" : {
        "name" : "rand_write",
        "filename" : "/home/nei1155/ssd_lab_wsl_path_compare/fio_testfile_wsl_path_compare",
        "rw" : "randwrite",
        "bs" : "4k",
        "size" : "512M",
        "iodepth" : "16",
        "numjobs" : "1",
        "direct" : "0",
        "runtime" : "15"
      },
      "read" : {
        "io_bytes" : 0,
        "io_kbytes" : 0,
        "bw_bytes" : 0,
        "bw" : 0,
        "iops" : 0.000000,
        "runtime" : 0,
        "total_ios" : 0,
        "short_ios" : 0,
        "drop_ios" : 0,
        "slat_ns" : {
          "min" : 0,
          "max" : 0,
          "mean" : 0.000000,
          "stddev" : 0.000000,
          "N" : 0
        },
        "clat_ns" : {
          "min" : 0,
          "max" : 0,
          "mean" : 0.000000,
          "stddev" : 0.000000,
          "N" : 0
        },
        "lat_ns" : {
          "min" : 0,
          "max" : 0,
          "mean" : 0.000000,
          "stddev" : 0.000000,
          "N" : 0
        },
        "bw_min" : 0,
        "bw_max" : 0,
        "bw_agg" : 0.000000,
        "bw_mean" : 0.000000,
        "bw_dev" : 0.000000,
        "bw_samples" : 0,
        "iops_min" : 0,
        "iops_max" : 0,
        "iops_mean" : 0.000000,
        "iops_stddev" : 0.000000,
        "iops_samples" : 0
      },
      "write" : {
        "io_bytes" : 11074392064,
        "io_kbytes" : 10814836,
        "bw_bytes" : 738243588,
        "bw" : 720941,
        "iops" : 180235.250983,
        "runtime" : 15001,
        "total_ios" : 2703709,
        "short_ios" : 0,
        "drop_ios" : 0,
        "slat_ns" : {
          "min" : 0,
          "max" : 0,
          "mean" : 0.000000,
          "stddev" : 0.000000,
          "N" : 0
        },
        "clat_ns" : {
          "min" : 1699,
          "max" : 489558379,
          "mean" : 3629.163813,
          "stddev" : 304152.020013,
          "N" : 2703709,
          "percentile" : {
            "1.000000" : 2008,
            "5.000000" : 2096,
            "10.000000" : 2192,
            "20.000000" : 2288,
            "30.000000" : 2416,
            "40.000000" : 2512,
            "50.000000" : 2608,
            "60.000000" : 2896,
            "70.000000" : 3088,
            "80.000000" : 3504,
            "90.000000" : 4384,
            "95.000000" : 5728,
            "99.000000" : 12352,
            "99.500000" : 23424,
            "99.900000" : 68096,
            "99.950000" : 107008,
            "99.990000" : 280576
          }
        },
        "lat_ns" : {
          "min" : 1700,
          "max" : 489558579,
          "mean" : 3713.750566,
          "stddev" : 304161.236387,
          "N" : 2703709
        },
        "bw_min" : 34232,
        "bw_max" : 973600,
        "bw_agg" : 100.000000,
        "bw_mean" : 747258.571429,
        "bw_dev" : 233957.576095,
        "bw_samples" : 28,
        "iops_min" : 8558,
        "iops_max" : 243400,
        "iops_mean" : 186814.607143,
        "iops_stddev" : 58489.385270,
        "iops_samples" : 28
      },
      "trim" : {
        "io_bytes" : 0,
        "io_kbytes" : 0,
        "bw_bytes" : 0,
        "bw" : 0,
        "iops" : 0.000000,
        "runtime" : 0,
        "total_ios" : 0,
        "short_ios" : 0,
        "drop_ios" : 0,
        "slat_ns" : {
          "min" : 0,
          "max" : 0,
          "mean" : 0.000000,
          "stddev" : 0.000000,
          "N" : 0
        },
        "clat_ns" : {
          "min" : 0,
          "max" : 0,
          "mean" : 0.000000,
          "stddev" : 0.000000,
          "N" : 0
        },
        "lat_ns" : {
          "min" : 0,
          "max" : 0,
          "mean" : 0.000000,
          "stddev" : 0.000000,
          "N" : 0
        },
        "bw_min" : 0,
        "bw_max" : 0,
        "bw_agg" : 0.000000,
        "bw_mean" : 0.000000,
        "bw_dev" : 0.000000,
        "bw_samples" : 0,
        "iops_min" : 0,
        "iops_max" : 0,
        "iops_mean" : 0.000000,
        "iops_stddev" : 0.000000,
        "iops_samples" : 0
      },
      "sync" : {
        "total_ios" : 0,
        "lat_ns" : {
          "min" : 0,
          "max" : 0,
          "mean" : 0.000000,
          "stddev" : 0.000000,
          "N" : 0
        }
      },
      "job_runtime" : 15000,
      "usr_cpu" : 24.906667,
      "sys_cpu" : 65.546667,
      "ctx" : 1232,
      "majf" : 0,
      "minf" : 12,
      "iodepth_level" : {
        "1" : 100.000000,
        "2" : 0.000000,
        "4" : 0.000000,
        "8" : 0.000000,
        "16" : 0.000000,
        "32" : 0.000000,
        ">=64" : 0.000000
      },
      "iodepth_submit" : {
        "0" : 0.000000,
        "4" : 100.000000,
        "8" : 0.000000,
        "16" : 0.000000,
        "32" : 0.000000,
        "64" : 0.000000,
        ">=64" : 0.000000
      },
      "iodepth_complete" : {
        "0" : 0.000000,
        "4" : 100.000000,
        "8" : 0.000000,
        "16" : 0.000000,
        "32" : 0.000000,
        "64" : 0.000000,
        ">=64" : 0.000000
      },
      "latency_ns" : {
        "2" : 0.000000,
        "4" : 0.000000,
        "10" : 0.000000,
        "20" : 0.000000,
        "50" : 0.000000,
        "100" : 0.000000,
        "250" : 0.000000,
        "500" : 0.000000,
        "750" : 0.000000,
        "1000" : 0.000000
      },
      "latency_us" : {
        "2" : 0.905867,
        "4" : 85.928774,
        "10" : 11.845875,
        "20" : 0.665123,
        "50" : 0.502421,
        "100" : 0.095868,
        "250" : 0.043496,
        "500" : 0.010000,
        "750" : 0.010000,
        "1000" : 0.010000
      },
      "latency_ms" : {
        "2" : 0.010000,
        "4" : 0.010000,
        "10" : 0.010000,
        "20" : 0.010000,
        "50" : 0.000000,
        "100" : 0.010000,
        "250" : 0.000000,
        "500" : 0.010000,
        "750" : 0.000000,
        "1000" : 0.000000,
        "2000" : 0.000000,
        ">=2000" : 0.000000
      },
      "latency_depth" : 16,
      "latency_target" : 0,
      "latency_percentile" : 100.000000,
      "latency_window" : 0
    }
  ],
  "disk_util" : [
    {
      "name" : "sdd",
      "read_ios" : 0,
      "write_ios" : 21065,
      "read_sectors" : 0,
      "write_sectors" : 15282408,
      "read_merges" : 0,
      "write_merges" : 3,
      "read_ticks" : 0,
      "write_ticks" : 5824982,
      "in_queue" : 5825567,
      "util" : 96.867695
    }
  ]
}
