{
  "fio version" : "fio-3.36",
  "timestamp" : 1780125810,
  "timestamp_ms" : 1780125810213,
  "time" : "Sat May 30 16:23:30 2026",
  "jobs" : [
    {
      "jobname" : "rand_read",
      "groupid" : 0,
      "job_start" : 1780125795192,
      "error" : 0,
      "eta" : 0,
      "elapsed" : 16,
      "job options" : {
        "name" : "rand_read",
        "filename" : "/home/nei1155/ssd_lab_wsl_path_compare/fio_testfile_wsl_path_compare",
        "rw" : "randread",
        "bs" : "4k",
        "size" : "512M",
        "iodepth" : "16",
        "numjobs" : "1",
        "direct" : "0",
        "runtime" : "15"
      },
      "read" : {
        "io_bytes" : 156921856,
        "io_kbytes" : 153244,
        "bw_bytes" : 10460759,
        "bw" : 10215,
        "iops" : 2553.896407,
        "runtime" : 15001,
        "total_ios" : 38311,
        "short_ios" : 0,
        "drop_ios" : 0,
        "slat_ns" : {
          "min" : 0,
          "max" : 0,
          "mean" : 0.000000,
          "stddev" : 0.000000,
          "N" : 0
        },
        "clat_ns" : {
          "min" : 168774,
          "max" : 79986646,
          "mean" : 387308.595077,
          "stddev" : 1116787.812317,
          "N" : 38311,
          "percentile" : {
            "1.000000" : 181248,
            "5.000000" : 187392,
            "10.000000" : 207872,
            "20.000000" : 220160,
            "30.000000" : 238592,
            "40.000000" : 264192,
            "50.000000" : 284672,
            "60.000000" : 309248,
            "70.000000" : 337920,
            "80.000000" : 378880,
            "90.000000" : 505856,
            "95.000000" : 684032,
            "99.000000" : 1712128,
            "99.500000" : 3391488,
            "99.900000" : 13565952,
            "99.950000" : 18481152,
            "99.990000" : 62128128
          }
        },
        "lat_ns" : {
          "min" : 168974,
          "max" : 79987146,
          "mean" : 387590.650100,
          "stddev" : 1116821.352125,
          "N" : 38311
        },
        "bw_min" : 1988,
        "bw_max" : 14152,
        "bw_agg" : 99.729972,
        "bw_mean" : 10188.000000,
        "bw_dev" : 2784.392419,
        "bw_samples" : 29,
        "iops_min" : 497,
        "iops_max" : 3538,
        "iops_mean" : 2547.068966,
        "iops_stddev" : 696.102411,
        "iops_samples" : 29
      },
      "write" : {
        "io_bytes" : 0,
        "io_kbytes" : 0,
        "bw_bytes" : 0,
        "bw" : 0,
        "iops" : 0.000000,
        "runtime" : 0,
        "total_ios" : 0,
        "short_ios" : 0,
        "drop_ios" : 0,
        "slat_ns" : {
          "min" : 0,
          "max" : 0,
          "mean" : 0.000000,
          "stddev" : 0.000000,
          "N" : 0
        },
        "clat_ns" : {
          "min" : 0,
          "max" : 0,
          "mean" : 0.000000,
          "stddev" : 0.000000,
          "N" : 0
        },
        "lat_ns" : {
          "min" : 0,
          "max" : 0,
          "mean" : 0.000000,
          "stddev" : 0.000000,
          "N" : 0
        },
        "bw_min" : 0,
        "bw_max" : 0,
        "bw_agg" : 0.000000,
        "bw_mean" : 0.000000,
        "bw_dev" : 0.000000,
        "bw_samples" : 0,
        "iops_min" : 0,
        "iops_max" : 0,
        "iops_mean" : 0.000000,
        "iops_stddev" : 0.000000,
        "iops_samples" : 0
      },
      "trim" : {
        "io_bytes" : 0,
        "io_kbytes" : 0,
        "bw_bytes" : 0,
        "bw" : 0,
        "iops" : 0.000000,
        "runtime" : 0,
        "total_ios" : 0,
        "short_ios" : 0,
        "drop_ios" : 0,
        "slat_ns" : {
          "min" : 0,
          "max" : 0,
          "mean" : 0.000000,
          "stddev" : 0.000000,
          "N" : 0
        },
        "clat_ns" : {
          "min" : 0,
          "max" : 0,
          "mean" : 0.000000,
          "stddev" : 0.000000,
          "N" : 0
        },
        "lat_ns" : {
          "min" : 0,
          "max" : 0,
          "mean" : 0.000000,
          "stddev" : 0.000000,
          "N" : 0
        },
        "bw_min" : 0,
        "bw_max" : 0,
        "bw_agg" : 0.000000,
        "bw_mean" : 0.000000,
        "bw_dev" : 0.000000,
        "bw_samples" : 0,
        "iops_min" : 0,
        "iops_max" : 0,
        "iops_mean" : 0.000000,
        "iops_stddev" : 0.000000,
        "iops_samples" : 0
      },
      "sync" : {
        "total_ios" : 0,
        "lat_ns" : {
          "min" : 0,
          "max" : 0,
          "mean" : 0.000000,
          "stddev" : 0.000000,
          "N" : 0
        }
      },
      "job_runtime" : 15000,
      "usr_cpu" : 3.160000,
      "sys_cpu" : 9.433333,
      "ctx" : 38311,
      "majf" : 0,
      "minf" : 9,
      "iodepth_level" : {
        "1" : 100.000000,
        "2" : 0.000000,
        "4" : 0.000000,
        "8" : 0.000000,
        "16" : 0.000000,
        "32" : 0.000000,
        ">=64" : 0.000000
      },
      "iodepth_submit" : {
        "0" : 0.000000,
        "4" : 100.000000,
        "8" : 0.000000,
        "16" : 0.000000,
        "32" : 0.000000,
        "64" : 0.000000,
        ">=64" : 0.000000
      },
      "iodepth_complete" : {
        "0" : 0.000000,
        "4" : 100.000000,
        "8" : 0.000000,
        "16" : 0.000000,
        "32" : 0.000000,
        "64" : 0.000000,
        ">=64" : 0.000000
      },
      "latency_ns" : {
        "2" : 0.000000,
        "4" : 0.000000,
        "10" : 0.000000,
        "20" : 0.000000,
        "50" : 0.000000,
        "100" : 0.000000,
        "250" : 0.000000,
        "500" : 0.000000,
        "750" : 0.000000,
        "1000" : 0.000000
      },
      "latency_us" : {
        "2" : 0.000000,
        "4" : 0.000000,
        "10" : 0.000000,
        "20" : 0.000000,
        "50" : 0.000000,
        "100" : 0.000000,
        "250" : 34.567096,
        "500" : 55.187805,
        "750" : 6.071363,
        "1000" : 1.892407
      },
      "latency_ms" : {
        "2" : 1.435619,
        "4" : 0.435906,
        "10" : 0.255801,
        "20" : 0.107019,
        "50" : 0.036543,
        "100" : 0.010441,
        "250" : 0.000000,
        "500" : 0.000000,
        "750" : 0.000000,
        "1000" : 0.000000,
        "2000" : 0.000000,
        ">=2000" : 0.000000
      },
      "latency_depth" : 16,
      "latency_target" : 0,
      "latency_percentile" : 100.000000,
      "latency_window" : 0
    }
  ],
  "disk_util" : [
    {
      "name" : "sdd",
      "read_ios" : 37960,
      "write_ios" : 15,
      "read_sectors" : 303680,
      "write_sectors" : 176,
      "read_merges" : 0,
      "write_merges" : 7,
      "read_ticks" : 12693,
      "write_ticks" : 15,
      "in_queue" : 12707,
      "util" : 76.212101
    }
  ]
}
