{
  "fio version" : "fio-3.42",
  "timestamp" : 1780846488,
  "timestamp_ms" : 1780846488685,
  "time" : "Mon Jun 8 00:34:48 2026",
  "jobs" : [
    {
      "jobname" : "rand_read",
      "groupid" : 0,
      "job_start" : 1780846368280,
      "error" : 0,
      "eta" : 0,
      "elapsed" : 121,
      "job options" : {
        "name" : "rand_read",
        "filename" : "D:\\ssd_lab\\fio_testfile_sustained_smoke",
        "rw" : "randread",
        "bs" : "4k",
        "size" : "1G",
        "iodepth" : "16",
        "numjobs" : "1",
        "direct" : "1",
        "thread" : "1",
        "time_based" : "",
        "runtime" : "120",
        "group_reporting" : "",
        "log_avg_msec" : "1000",
        "write_bw_log" : "D:\\ssd_lab\\results\\sustained_smoke\\rand_read_120s_repeat3\\rand_read_120s_repeat3_sustained_run3",
        "write_iops_log" : "D:\\ssd_lab\\results\\sustained_smoke\\rand_read_120s_repeat3\\rand_read_120s_repeat3_sustained_run3",
        "write_lat_log" : "D:\\ssd_lab\\results\\sustained_smoke\\rand_read_120s_repeat3\\rand_read_120s_repeat3_sustained_run3"
      },
      "read" : {
        "io_bytes" : 10905124864,
        "io_kbytes" : 10649536,
        "bw_bytes" : 90875283,
        "bw" : 88745,
        "iops" : 22186.348447,
        "runtime" : 120001,
        "total_ios" : 2662384,
        "short_ios" : 0,
        "drop_ios" : 0,
        "slat_ns" : {
          "min" : 11009,
          "max" : 113953112,
          "mean" : 39833.725286,
          "stddev" : 236016.010547,
          "N" : 2662384
        },
        "clat_ns" : {
          "min" : 759,
          "max" : 114400630,
          "mean" : 453843.644226,
          "stddev" : 888671.383454,
          "N" : 2662384,
          "percentile" : {
            "1.000000" : 110080,
            "5.000000" : 140288,
            "10.000000" : 171008,
            "20.000000" : 220160,
            "30.000000" : 254976,
            "40.000000" : 292864,
            "50.000000" : 329728,
            "60.000000" : 366592,
            "70.000000" : 415744,
            "80.000000" : 485376,
            "90.000000" : 643072,
            "95.000000" : 913408,
            "99.000000" : 3162112,
            "99.500000" : 5079040,
            "99.900000" : 11206656,
            "99.950000" : 14483456,
            "99.990000" : 28442624
          }
        },
        "lat_ns" : {
          "min" : 81763,
          "max" : 114425925,
          "mean" : 493677.369513,
          "stddev" : 927937.822230,
          "N" : 2662384
        },
        "bw_min" : 37348,
        "bw_max" : 153253,
        "bw_agg" : 100.000000,
        "bw_mean" : 88778.483333,
        "bw_dev" : 30436.895937,
        "bw_samples" : 120,
        "iops_min" : 9337,
        "iops_max" : 38313,
        "iops_mean" : 22194.558333,
        "iops_stddev" : 7609.364860,
        "iops_samples" : 120
      },
      "write" : {
        "io_bytes" : 0,
        "io_kbytes" : 0,
        "bw_bytes" : 0,
        "bw" : 0,
        "iops" : 0.000000,
        "runtime" : 0,
        "total_ios" : 0,
        "short_ios" : 0,
        "drop_ios" : 0,
        "slat_ns" : {
          "min" : 0,
          "max" : 0,
          "mean" : 0.000000,
          "stddev" : 0.000000,
          "N" : 0
        },
        "clat_ns" : {
          "min" : 0,
          "max" : 0,
          "mean" : 0.000000,
          "stddev" : 0.000000,
          "N" : 0
        },
        "lat_ns" : {
          "min" : 0,
          "max" : 0,
          "mean" : 0.000000,
          "stddev" : 0.000000,
          "N" : 0
        },
        "bw_min" : 0,
        "bw_max" : 0,
        "bw_agg" : 0.000000,
        "bw_mean" : 0.000000,
        "bw_dev" : 0.000000,
        "bw_samples" : 0,
        "iops_min" : 0,
        "iops_max" : 0,
        "iops_mean" : 0.000000,
        "iops_stddev" : 0.000000,
        "iops_samples" : 0
      },
      "trim" : {
        "io_bytes" : 0,
        "io_kbytes" : 0,
        "bw_bytes" : 0,
        "bw" : 0,
        "iops" : 0.000000,
        "runtime" : 0,
        "total_ios" : 0,
        "short_ios" : 0,
        "drop_ios" : 0,
        "slat_ns" : {
          "min" : 0,
          "max" : 0,
          "mean" : 0.000000,
          "stddev" : 0.000000,
          "N" : 0
        },
        "clat_ns" : {
          "min" : 0,
          "max" : 0,
          "mean" : 0.000000,
          "stddev" : 0.000000,
          "N" : 0
        },
        "lat_ns" : {
          "min" : 0,
          "max" : 0,
          "mean" : 0.000000,
          "stddev" : 0.000000,
          "N" : 0
        },
        "bw_min" : 0,
        "bw_max" : 0,
        "bw_agg" : 0.000000,
        "bw_mean" : 0.000000,
        "bw_dev" : 0.000000,
        "bw_samples" : 0,
        "iops_min" : 0,
        "iops_max" : 0,
        "iops_mean" : 0.000000,
        "iops_stddev" : 0.000000,
        "iops_samples" : 0
      },
      "sync" : {
        "total_ios" : 0,
        "lat_ns" : {
          "min" : 0,
          "max" : 0,
          "mean" : 0.000000,
          "stddev" : 0.000000,
          "N" : 0
        }
      },
      "job_runtime" : 120000,
      "usr_cpu" : 9.166667,
      "sys_cpu" : 58.333333,
      "ctx" : 0,
      "majf" : 0,
      "minf" : 0,
      "iodepth_level" : {
        "1" : 0.100000,
        "2" : 0.895438,
        "4" : 14.451221,
        "8" : 74.264005,
        "16" : 10.316431,
        "32" : 0.000000,
        ">=64" : 0.000000
      },
      "iodepth_submit" : {
        "0" : 0.000000,
        "4" : 100.000000,
        "8" : 0.000000,
        "16" : 0.000000,
        "32" : 0.000000,
        "64" : 0.000000,
        ">=64" : 0.000000
      },
      "iodepth_complete" : {
        "0" : 0.000000,
        "4" : 91.107023,
        "8" : 2.331014,
        "16" : 6.561963,
        "32" : 0.000000,
        "64" : 0.000000,
        ">=64" : 0.000000
      },
      "latency_ns" : {
        "2" : 0.000000,
        "4" : 0.000000,
        "10" : 0.000000,
        "20" : 0.000000,
        "50" : 0.000000,
        "100" : 0.000000,
        "250" : 0.000000,
        "500" : 0.000000,
        "750" : 0.000000,
        "1000" : 0.010000
      },
      "latency_us" : {
        "2" : 0.010000,
        "4" : 0.010000,
        "10" : 0.010442,
        "20" : 0.010000,
        "50" : 0.013897,
        "100" : 0.324446,
        "250" : 28.015155,
        "500" : 53.202506,
        "750" : 11.222911,
        "1000" : 2.881816
      },
      "latency_ms" : {
        "2" : 2.540054,
        "4" : 1.048496,
        "10" : 0.587105,
        "20" : 0.114672,
        "50" : 0.019268,
        "100" : 0.010000,
        "250" : 0.010000,
        "500" : 0.000000,
        "750" : 0.000000,
        "1000" : 0.000000,
        "2000" : 0.000000,
        ">=2000" : 0.000000
      },
      "latency_depth" : 16,
      "latency_target" : 0,
      "latency_target_ns" : 0,
      "latency_percentile" : 100.000000,
      "latency_window" : 0,
      "latency_window_us" : 0
    }
  ]
}
