{
  "fio version" : "fio-3.42",
  "timestamp" : 1780846246,
  "timestamp_ms" : 1780846246978,
  "time" : "Mon Jun 8 00:30:46 2026",
  "jobs" : [
    {
      "jobname" : "rand_read",
      "groupid" : 0,
      "job_start" : 1780846126573,
      "error" : 0,
      "eta" : 0,
      "elapsed" : 121,
      "job options" : {
        "name" : "rand_read",
        "filename" : "D:\\ssd_lab\\fio_testfile_sustained_smoke",
        "rw" : "randread",
        "bs" : "4k",
        "size" : "1G",
        "iodepth" : "16",
        "numjobs" : "1",
        "direct" : "1",
        "thread" : "1",
        "time_based" : "",
        "runtime" : "120",
        "group_reporting" : "",
        "log_avg_msec" : "1000",
        "write_bw_log" : "D:\\ssd_lab\\results\\sustained_smoke\\rand_read_120s_repeat3\\rand_read_120s_repeat3_sustained_run1",
        "write_iops_log" : "D:\\ssd_lab\\results\\sustained_smoke\\rand_read_120s_repeat3\\rand_read_120s_repeat3_sustained_run1",
        "write_lat_log" : "D:\\ssd_lab\\results\\sustained_smoke\\rand_read_120s_repeat3\\rand_read_120s_repeat3_sustained_run1"
      },
      "read" : {
        "io_bytes" : 13295337472,
        "io_kbytes" : 12983728,
        "bw_bytes" : 110793555,
        "bw" : 108196,
        "iops" : 27049.207923,
        "runtime" : 120001,
        "total_ios" : 3245932,
        "short_ios" : 0,
        "drop_ios" : 0,
        "slat_ns" : {
          "min" : 10993,
          "max" : 88076193,
          "mean" : 32954.546232,
          "stddev" : 218964.032110,
          "N" : 3245932
        },
        "clat_ns" : {
          "min" : 643,
          "max" : 88486107,
          "mean" : 383864.311450,
          "stddev" : 885203.704995,
          "N" : 3245932,
          "percentile" : {
            "1.000000" : 109056,
            "5.000000" : 136192,
            "10.000000" : 162816,
            "20.000000" : 205824,
            "30.000000" : 238592,
            "40.000000" : 268288,
            "50.000000" : 301056,
            "60.000000" : 333824,
            "70.000000" : 378880,
            "80.000000" : 436224,
            "90.000000" : 536576,
            "95.000000" : 692224,
            "99.000000" : 1744896,
            "99.500000" : 2998272,
            "99.900000" : 9240576,
            "99.950000" : 16318464,
            "99.990000" : 40108032
          }
        },
        "lat_ns" : {
          "min" : 83347,
          "max" : 88506259,
          "mean" : 416818.857682,
          "stddev" : 917595.438582,
          "N" : 3245932
        },
        "bw_min" : 36896,
        "bw_max" : 188828,
        "bw_agg" : 100.000000,
        "bw_mean" : 108237.958333,
        "bw_dev" : 34129.599818,
        "bw_samples" : 120,
        "iops_min" : 9224,
        "iops_max" : 47207,
        "iops_mean" : 27059.350000,
        "iops_stddev" : 8532.334486,
        "iops_samples" : 120
      },
      "write" : {
        "io_bytes" : 0,
        "io_kbytes" : 0,
        "bw_bytes" : 0,
        "bw" : 0,
        "iops" : 0.000000,
        "runtime" : 0,
        "total_ios" : 0,
        "short_ios" : 0,
        "drop_ios" : 0,
        "slat_ns" : {
          "min" : 0,
          "max" : 0,
          "mean" : 0.000000,
          "stddev" : 0.000000,
          "N" : 0
        },
        "clat_ns" : {
          "min" : 0,
          "max" : 0,
          "mean" : 0.000000,
          "stddev" : 0.000000,
          "N" : 0
        },
        "lat_ns" : {
          "min" : 0,
          "max" : 0,
          "mean" : 0.000000,
          "stddev" : 0.000000,
          "N" : 0
        },
        "bw_min" : 0,
        "bw_max" : 0,
        "bw_agg" : 0.000000,
        "bw_mean" : 0.000000,
        "bw_dev" : 0.000000,
        "bw_samples" : 0,
        "iops_min" : 0,
        "iops_max" : 0,
        "iops_mean" : 0.000000,
        "iops_stddev" : 0.000000,
        "iops_samples" : 0
      },
      "trim" : {
        "io_bytes" : 0,
        "io_kbytes" : 0,
        "bw_bytes" : 0,
        "bw" : 0,
        "iops" : 0.000000,
        "runtime" : 0,
        "total_ios" : 0,
        "short_ios" : 0,
        "drop_ios" : 0,
        "slat_ns" : {
          "min" : 0,
          "max" : 0,
          "mean" : 0.000000,
          "stddev" : 0.000000,
          "N" : 0
        },
        "clat_ns" : {
          "min" : 0,
          "max" : 0,
          "mean" : 0.000000,
          "stddev" : 0.000000,
          "N" : 0
        },
        "lat_ns" : {
          "min" : 0,
          "max" : 0,
          "mean" : 0.000000,
          "stddev" : 0.000000,
          "N" : 0
        },
        "bw_min" : 0,
        "bw_max" : 0,
        "bw_agg" : 0.000000,
        "bw_mean" : 0.000000,
        "bw_dev" : 0.000000,
        "bw_samples" : 0,
        "iops_min" : 0,
        "iops_max" : 0,
        "iops_mean" : 0.000000,
        "iops_stddev" : 0.000000,
        "iops_samples" : 0
      },
      "sync" : {
        "total_ios" : 0,
        "lat_ns" : {
          "min" : 0,
          "max" : 0,
          "mean" : 0.000000,
          "stddev" : 0.000000,
          "N" : 0
        }
      },
      "job_runtime" : 120000,
      "usr_cpu" : 9.166667,
      "sys_cpu" : 64.166667,
      "ctx" : 0,
      "majf" : 0,
      "minf" : 0,
      "iodepth_level" : {
        "1" : 0.100000,
        "2" : 0.573056,
        "4" : 11.710011,
        "8" : 76.410196,
        "16" : 11.268566,
        "32" : 0.000000,
        ">=64" : 0.000000
      },
      "iodepth_submit" : {
        "0" : 0.000000,
        "4" : 100.000000,
        "8" : 0.000000,
        "16" : 0.000000,
        "32" : 0.000000,
        "64" : 0.000000,
        ">=64" : 0.000000
      },
      "iodepth_complete" : {
        "0" : 0.000000,
        "4" : 90.681321,
        "8" : 3.465457,
        "16" : 5.853222,
        "32" : 0.000000,
        "64" : 0.000000,
        ">=64" : 0.000000
      },
      "latency_ns" : {
        "2" : 0.000000,
        "4" : 0.000000,
        "10" : 0.000000,
        "20" : 0.000000,
        "50" : 0.000000,
        "100" : 0.000000,
        "250" : 0.000000,
        "500" : 0.000000,
        "750" : 0.010000,
        "1000" : 0.000000
      },
      "latency_us" : {
        "2" : 0.010000,
        "4" : 0.010000,
        "10" : 0.010000,
        "20" : 0.010000,
        "50" : 0.010000,
        "100" : 0.331338,
        "250" : 33.412592,
        "500" : 53.470221,
        "750" : 8.610193,
        "1000" : 1.901888
      },
      "latency_ms" : {
        "2" : 1.408224,
        "4" : 0.512518,
        "10" : 0.234571,
        "20" : 0.055639,
        "50" : 0.032379,
        "100" : 0.010000,
        "250" : 0.000000,
        "500" : 0.000000,
        "750" : 0.000000,
        "1000" : 0.000000,
        "2000" : 0.000000,
        ">=2000" : 0.000000
      },
      "latency_depth" : 16,
      "latency_target" : 0,
      "latency_target_ns" : 0,
      "latency_percentile" : 100.000000,
      "latency_window" : 0,
      "latency_window_us" : 0
    }
  ]
}
