{
  "fio version" : "fio-3.42",
  "timestamp" : 1780846367,
  "timestamp_ms" : 1780846367799,
  "time" : "Mon Jun 8 00:32:47 2026",
  "jobs" : [
    {
      "jobname" : "rand_read",
      "groupid" : 0,
      "job_start" : 1780846247422,
      "error" : 0,
      "eta" : 0,
      "elapsed" : 121,
      "job options" : {
        "name" : "rand_read",
        "filename" : "D:\\ssd_lab\\fio_testfile_sustained_smoke",
        "rw" : "randread",
        "bs" : "4k",
        "size" : "1G",
        "iodepth" : "16",
        "numjobs" : "1",
        "direct" : "1",
        "thread" : "1",
        "time_based" : "",
        "runtime" : "120",
        "group_reporting" : "",
        "log_avg_msec" : "1000",
        "write_bw_log" : "D:\\ssd_lab\\results\\sustained_smoke\\rand_read_120s_repeat3\\rand_read_120s_repeat3_sustained_run2",
        "write_iops_log" : "D:\\ssd_lab\\results\\sustained_smoke\\rand_read_120s_repeat3\\rand_read_120s_repeat3_sustained_run2",
        "write_lat_log" : "D:\\ssd_lab\\results\\sustained_smoke\\rand_read_120s_repeat3\\rand_read_120s_repeat3_sustained_run2"
      },
      "read" : {
        "io_bytes" : 11993784320,
        "io_kbytes" : 11712680,
        "bw_bytes" : 99947369,
        "bw" : 97604,
        "iops" : 24401.213323,
        "runtime" : 120001,
        "total_ios" : 2928170,
        "short_ios" : 0,
        "drop_ios" : 0,
        "slat_ns" : {
          "min" : 11087,
          "max" : 101855883,
          "mean" : 36540.721385,
          "stddev" : 224268.493649,
          "N" : 2928170
        },
        "clat_ns" : {
          "min" : 671,
          "max" : 102640471,
          "mean" : 416463.186373,
          "stddev" : 831512.458180,
          "N" : 2928170,
          "percentile" : {
            "1.000000" : 109056,
            "5.000000" : 138240,
            "10.000000" : 166912,
            "20.000000" : 211968,
            "30.000000" : 246784,
            "40.000000" : 276480,
            "50.000000" : 313344,
            "60.000000" : 350208,
            "70.000000" : 395264,
            "80.000000" : 460800,
            "90.000000" : 593920,
            "95.000000" : 806912,
            "99.000000" : 2539520,
            "99.500000" : 3948544,
            "99.900000" : 9109504,
            "99.950000" : 14352384,
            "99.990000" : 35913728
          }
        },
        "lat_ns" : {
          "min" : 79466,
          "max" : 102656602,
          "mean" : 453003.907759,
          "stddev" : 868617.608243,
          "N" : 2928170
        },
        "bw_min" : 33464,
        "bw_max" : 163588,
        "bw_agg" : 100.000000,
        "bw_mean" : 97648.291667,
        "bw_dev" : 23162.223784,
        "bw_samples" : 120,
        "iops_min" : 8366,
        "iops_max" : 40897,
        "iops_mean" : 24411.891667,
        "iops_stddev" : 5790.582946,
        "iops_samples" : 120
      },
      "write" : {
        "io_bytes" : 0,
        "io_kbytes" : 0,
        "bw_bytes" : 0,
        "bw" : 0,
        "iops" : 0.000000,
        "runtime" : 0,
        "total_ios" : 0,
        "short_ios" : 0,
        "drop_ios" : 0,
        "slat_ns" : {
          "min" : 0,
          "max" : 0,
          "mean" : 0.000000,
          "stddev" : 0.000000,
          "N" : 0
        },
        "clat_ns" : {
          "min" : 0,
          "max" : 0,
          "mean" : 0.000000,
          "stddev" : 0.000000,
          "N" : 0
        },
        "lat_ns" : {
          "min" : 0,
          "max" : 0,
          "mean" : 0.000000,
          "stddev" : 0.000000,
          "N" : 0
        },
        "bw_min" : 0,
        "bw_max" : 0,
        "bw_agg" : 0.000000,
        "bw_mean" : 0.000000,
        "bw_dev" : 0.000000,
        "bw_samples" : 0,
        "iops_min" : 0,
        "iops_max" : 0,
        "iops_mean" : 0.000000,
        "iops_stddev" : 0.000000,
        "iops_samples" : 0
      },
      "trim" : {
        "io_bytes" : 0,
        "io_kbytes" : 0,
        "bw_bytes" : 0,
        "bw" : 0,
        "iops" : 0.000000,
        "runtime" : 0,
        "total_ios" : 0,
        "short_ios" : 0,
        "drop_ios" : 0,
        "slat_ns" : {
          "min" : 0,
          "max" : 0,
          "mean" : 0.000000,
          "stddev" : 0.000000,
          "N" : 0
        },
        "clat_ns" : {
          "min" : 0,
          "max" : 0,
          "mean" : 0.000000,
          "stddev" : 0.000000,
          "N" : 0
        },
        "lat_ns" : {
          "min" : 0,
          "max" : 0,
          "mean" : 0.000000,
          "stddev" : 0.000000,
          "N" : 0
        },
        "bw_min" : 0,
        "bw_max" : 0,
        "bw_agg" : 0.000000,
        "bw_mean" : 0.000000,
        "bw_dev" : 0.000000,
        "bw_samples" : 0,
        "iops_min" : 0,
        "iops_max" : 0,
        "iops_mean" : 0.000000,
        "iops_stddev" : 0.000000,
        "iops_samples" : 0
      },
      "sync" : {
        "total_ios" : 0,
        "lat_ns" : {
          "min" : 0,
          "max" : 0,
          "mean" : 0.000000,
          "stddev" : 0.000000,
          "N" : 0
        }
      },
      "job_runtime" : 120000,
      "usr_cpu" : 9.166667,
      "sys_cpu" : 60.833333,
      "ctx" : 0,
      "majf" : 0,
      "minf" : 0,
      "iodepth_level" : {
        "1" : 0.100000,
        "2" : 0.760031,
        "4" : 12.978857,
        "8" : 75.424139,
        "16" : 10.779121,
        "32" : 0.000000,
        ">=64" : 0.000000
      },
      "iodepth_submit" : {
        "0" : 0.000000,
        "4" : 100.000000,
        "8" : 0.000000,
        "16" : 0.000000,
        "32" : 0.000000,
        "64" : 0.000000,
        ">=64" : 0.000000
      },
      "iodepth_complete" : {
        "0" : 0.000000,
        "4" : 90.851661,
        "8" : 2.983567,
        "16" : 6.164772,
        "32" : 0.000000,
        "64" : 0.000000,
        ">=64" : 0.000000
      },
      "latency_ns" : {
        "2" : 0.000000,
        "4" : 0.000000,
        "10" : 0.000000,
        "20" : 0.000000,
        "50" : 0.000000,
        "100" : 0.000000,
        "250" : 0.000000,
        "500" : 0.000000,
        "750" : 0.010000,
        "1000" : 0.010000
      },
      "latency_us" : {
        "2" : 0.010000,
        "4" : 0.010000,
        "10" : 0.010000,
        "20" : 0.010000,
        "50" : 0.011065,
        "100" : 0.326142,
        "250" : 30.958619,
        "500" : 52.980770,
        "750" : 9.872514,
        "1000" : 2.405632
      },
      "latency_ms" : {
        "2" : 2.059853,
        "4" : 0.876349,
        "10" : 0.401616,
        "20" : 0.051227,
        "50" : 0.033126,
        "100" : 0.010000,
        "250" : 0.010000,
        "500" : 0.000000,
        "750" : 0.000000,
        "1000" : 0.000000,
        "2000" : 0.000000,
        ">=2000" : 0.000000
      },
      "latency_depth" : 16,
      "latency_target" : 0,
      "latency_target_ns" : 0,
      "latency_percentile" : 100.000000,
      "latency_window" : 0,
      "latency_window_us" : 0
    }
  ]
}
