{
  "fio version" : "fio-3.42",
  "timestamp" : 1778508370,
  "timestamp_ms" : 1778508370517,
  "time" : "Mon May 11 23:06:10 2026",
  "jobs" : [
    {
      "jobname" : "rand_write",
      "groupid" : 0,
      "job_start" : 1778508340097,
      "error" : 0,
      "eta" : 0,
      "elapsed" : 35,
      "job options" : {
        "name" : "rand_write",
        "filename" : "E:\\fio_testfile_qd",
        "rw" : "randwrite",
        "bs" : "4k",
        "iodepth" : "32",
        "size" : "2G",
        "direct" : "1",
        "thread" : "1",
        "time_based" : "1",
        "runtime" : "30",
        "ramp_time" : "3",
        "group_reporting" : ""
      },
      "read" : {
        "io_bytes" : 0,
        "io_kbytes" : 0,
        "bw_bytes" : 0,
        "bw" : 0,
        "iops" : 0.000000,
        "runtime" : 0,
        "total_ios" : 0,
        "short_ios" : 0,
        "drop_ios" : 0,
        "slat_ns" : {
          "min" : 0,
          "max" : 0,
          "mean" : 0.000000,
          "stddev" : 0.000000,
          "N" : 0
        },
        "clat_ns" : {
          "min" : 0,
          "max" : 0,
          "mean" : 0.000000,
          "stddev" : 0.000000,
          "N" : 0
        },
        "lat_ns" : {
          "min" : 0,
          "max" : 0,
          "mean" : 0.000000,
          "stddev" : 0.000000,
          "N" : 0
        },
        "bw_min" : 0,
        "bw_max" : 0,
        "bw_agg" : 0.000000,
        "bw_mean" : 0.000000,
        "bw_dev" : 0.000000,
        "bw_samples" : 0,
        "iops_min" : 0,
        "iops_max" : 0,
        "iops_mean" : 0.000000,
        "iops_stddev" : 0.000000,
        "iops_samples" : 0
      },
      "write" : {
        "io_bytes" : 3889385472,
        "io_kbytes" : 3798228,
        "bw_bytes" : 129641861,
        "bw" : 126603,
        "iops" : 31650.211660,
        "runtime" : 30001,
        "total_ios" : 949538,
        "short_ios" : 0,
        "drop_ios" : 0,
        "slat_ns" : {
          "min" : 17241,
          "max" : 1546243,
          "mean" : 30472.532448,
          "stddev" : 12257.047316,
          "N" : 949539
        },
        "clat_ns" : {
          "min" : 535,
          "max" : 5252069,
          "mean" : 513438.397273,
          "stddev" : 295980.501355,
          "N" : 949557,
          "percentile" : {
            "1.000000" : 40192,
            "5.000000" : 80384,
            "10.000000" : 130560,
            "20.000000" : 220160,
            "30.000000" : 313344,
            "40.000000" : 407552,
            "50.000000" : 501760,
            "60.000000" : 593920,
            "70.000000" : 692224,
            "80.000000" : 782336,
            "90.000000" : 888832,
            "95.000000" : 995328,
            "99.000000" : 1236992,
            "99.500000" : 1351680,
            "99.900000" : 1695744,
            "99.950000" : 1875968,
            "99.990000" : 2441216
          }
        },
        "lat_ns" : {
          "min" : 49562,
          "max" : 5588513,
          "mean" : 543910.831074,
          "stddev" : 297617.894758,
          "N" : 949557
        },
        "bw_min" : 87248,
        "bw_max" : 137232,
        "bw_agg" : 99.945199,
        "bw_mean" : 126534.366667,
        "bw_dev" : 11280.383337,
        "bw_samples" : 60,
        "iops_min" : 21812,
        "iops_max" : 34308,
        "iops_mean" : 31633.483333,
        "iops_stddev" : 2820.070678,
        "iops_samples" : 60
      },
      "trim" : {
        "io_bytes" : 0,
        "io_kbytes" : 0,
        "bw_bytes" : 0,
        "bw" : 0,
        "iops" : 0.000000,
        "runtime" : 0,
        "total_ios" : 0,
        "short_ios" : 0,
        "drop_ios" : 0,
        "slat_ns" : {
          "min" : 0,
          "max" : 0,
          "mean" : 0.000000,
          "stddev" : 0.000000,
          "N" : 0
        },
        "clat_ns" : {
          "min" : 0,
          "max" : 0,
          "mean" : 0.000000,
          "stddev" : 0.000000,
          "N" : 0
        },
        "lat_ns" : {
          "min" : 0,
          "max" : 0,
          "mean" : 0.000000,
          "stddev" : 0.000000,
          "N" : 0
        },
        "bw_min" : 0,
        "bw_max" : 0,
        "bw_agg" : 0.000000,
        "bw_mean" : 0.000000,
        "bw_dev" : 0.000000,
        "bw_samples" : 0,
        "iops_min" : 0,
        "iops_max" : 0,
        "iops_mean" : 0.000000,
        "iops_stddev" : 0.000000,
        "iops_samples" : 0
      },
      "sync" : {
        "total_ios" : 0,
        "lat_ns" : {
          "min" : 0,
          "max" : 0,
          "mean" : 0.000000,
          "stddev" : 0.000000,
          "N" : 0
        }
      },
      "job_runtime" : 30000,
      "usr_cpu" : 6.666667,
      "sys_cpu" : 76.666667,
      "ctx" : 0,
      "majf" : 0,
      "minf" : 0,
      "iodepth_level" : {
        "1" : 0.100000,
        "2" : 4.549897,
        "4" : 13.151027,
        "8" : 26.332490,
        "16" : 52.672879,
        "32" : 3.292338,
        ">=64" : 0.000000
      },
      "iodepth_submit" : {
        "0" : 0.000000,
        "4" : 100.000000,
        "8" : 0.000000,
        "16" : 0.000000,
        "32" : 0.000000,
        "64" : 0.000000,
        ">=64" : 0.000000
      },
      "iodepth_complete" : {
        "0" : 0.000000,
        "4" : 96.812605,
        "8" : 0.100000,
        "16" : 0.100000,
        "32" : 3.186885,
        "64" : 0.000000,
        ">=64" : 0.000000
      },
      "latency_ns" : {
        "2" : 0.000000,
        "4" : 0.000000,
        "10" : 0.000000,
        "20" : 0.000000,
        "50" : 0.000000,
        "100" : 0.000000,
        "250" : 0.000000,
        "500" : 0.000000,
        "750" : 0.010000,
        "1000" : 0.010000
      },
      "latency_us" : {
        "2" : 0.010000,
        "4" : 0.010000,
        "10" : 0.010000,
        "20" : 0.000000,
        "50" : 1.469873,
        "100" : 5.477822,
        "250" : 16.258222,
        "500" : 26.640745,
        "750" : 26.652119,
        "1000" : 18.776605
      },
      "latency_ms" : {
        "2" : 4.689017,
        "4" : 0.032016,
        "10" : 0.010000,
        "20" : 0.000000,
        "50" : 0.000000,
        "100" : 0.000000,
        "250" : 0.000000,
        "500" : 0.000000,
        "750" : 0.000000,
        "1000" : 0.000000,
        "2000" : 0.000000,
        ">=2000" : 0.000000
      },
      "latency_depth" : 32,
      "latency_target" : 0,
      "latency_target_ns" : 0,
      "latency_percentile" : 100.000000,
      "latency_window" : 0,
      "latency_window_us" : 0
    }
  ]
}
