{
  "fio version" : "fio-3.42",
  "timestamp" : 1778508405,
  "timestamp_ms" : 1778508405182,
  "time" : "Mon May 11 23:06:45 2026",
  "jobs" : [
    {
      "jobname" : "rand_write",
      "groupid" : 0,
      "job_start" : 1778508374758,
      "error" : 0,
      "eta" : 0,
      "elapsed" : 35,
      "job options" : {
        "name" : "rand_write",
        "filename" : "E:\\fio_testfile_qd",
        "rw" : "randwrite",
        "bs" : "4k",
        "iodepth" : "32",
        "size" : "2G",
        "direct" : "1",
        "thread" : "1",
        "time_based" : "1",
        "runtime" : "30",
        "ramp_time" : "3",
        "group_reporting" : ""
      },
      "read" : {
        "io_bytes" : 0,
        "io_kbytes" : 0,
        "bw_bytes" : 0,
        "bw" : 0,
        "iops" : 0.000000,
        "runtime" : 0,
        "total_ios" : 0,
        "short_ios" : 0,
        "drop_ios" : 0,
        "slat_ns" : {
          "min" : 0,
          "max" : 0,
          "mean" : 0.000000,
          "stddev" : 0.000000,
          "N" : 0
        },
        "clat_ns" : {
          "min" : 0,
          "max" : 0,
          "mean" : 0.000000,
          "stddev" : 0.000000,
          "N" : 0
        },
        "lat_ns" : {
          "min" : 0,
          "max" : 0,
          "mean" : 0.000000,
          "stddev" : 0.000000,
          "N" : 0
        },
        "bw_min" : 0,
        "bw_max" : 0,
        "bw_agg" : 0.000000,
        "bw_mean" : 0.000000,
        "bw_dev" : 0.000000,
        "bw_samples" : 0,
        "iops_min" : 0,
        "iops_max" : 0,
        "iops_mean" : 0.000000,
        "iops_stddev" : 0.000000,
        "iops_samples" : 0
      },
      "write" : {
        "io_bytes" : 3908661248,
        "io_kbytes" : 3817052,
        "bw_bytes" : 130284365,
        "bw" : 127230,
        "iops" : 31806.839772,
        "runtime" : 30001,
        "total_ios" : 954237,
        "short_ios" : 0,
        "drop_ios" : 0,
        "slat_ns" : {
          "min" : 17402,
          "max" : 29584461,
          "mean" : 30348.150257,
          "stddev" : 37161.678584,
          "N" : 954238
        },
        "clat_ns" : {
          "min" : 564,
          "max" : 33145222,
          "mean" : 510974.826154,
          "stddev" : 346256.488114,
          "N" : 954263,
          "percentile" : {
            "1.000000" : 35584,
            "5.000000" : 80384,
            "10.000000" : 130560,
            "20.000000" : 218112,
            "30.000000" : 313344,
            "40.000000" : 407552,
            "50.000000" : 497664,
            "60.000000" : 593920,
            "70.000000" : 684032,
            "80.000000" : 782336,
            "90.000000" : 888832,
            "95.000000" : 987136,
            "99.000000" : 1187840,
            "99.500000" : 1253376,
            "99.900000" : 1515520,
            "99.950000" : 1712128,
            "99.990000" : 2834432
          }
        },
        "lat_ns" : {
          "min" : 48568,
          "max" : 33196437,
          "mean" : 541323.009230,
          "stddev" : 349425.077632,
          "N" : 954263
        },
        "bw_min" : 95121,
        "bw_max" : 139632,
        "bw_agg" : 99.949049,
        "bw_mean" : 127166.783333,
        "bw_dev" : 9643.138457,
        "bw_samples" : 60,
        "iops_min" : 23780,
        "iops_max" : 34908,
        "iops_mean" : 31791.650000,
        "iops_stddev" : 2410.697422,
        "iops_samples" : 60
      },
      "trim" : {
        "io_bytes" : 0,
        "io_kbytes" : 0,
        "bw_bytes" : 0,
        "bw" : 0,
        "iops" : 0.000000,
        "runtime" : 0,
        "total_ios" : 0,
        "short_ios" : 0,
        "drop_ios" : 0,
        "slat_ns" : {
          "min" : 0,
          "max" : 0,
          "mean" : 0.000000,
          "stddev" : 0.000000,
          "N" : 0
        },
        "clat_ns" : {
          "min" : 0,
          "max" : 0,
          "mean" : 0.000000,
          "stddev" : 0.000000,
          "N" : 0
        },
        "lat_ns" : {
          "min" : 0,
          "max" : 0,
          "mean" : 0.000000,
          "stddev" : 0.000000,
          "N" : 0
        },
        "bw_min" : 0,
        "bw_max" : 0,
        "bw_agg" : 0.000000,
        "bw_mean" : 0.000000,
        "bw_dev" : 0.000000,
        "bw_samples" : 0,
        "iops_min" : 0,
        "iops_max" : 0,
        "iops_mean" : 0.000000,
        "iops_stddev" : 0.000000,
        "iops_samples" : 0
      },
      "sync" : {
        "total_ios" : 0,
        "lat_ns" : {
          "min" : 0,
          "max" : 0,
          "mean" : 0.000000,
          "stddev" : 0.000000,
          "N" : 0
        }
      },
      "job_runtime" : 30000,
      "usr_cpu" : 6.666667,
      "sys_cpu" : 76.666667,
      "ctx" : 0,
      "majf" : 0,
      "minf" : 0,
      "iodepth_level" : {
        "1" : 0.100000,
        "2" : 4.621808,
        "4" : 13.144324,
        "8" : 26.308559,
        "16" : 52.633570,
        "32" : 3.289749,
        ">=64" : 0.000000
      },
      "iodepth_submit" : {
        "0" : 0.000000,
        "4" : 100.000000,
        "8" : 0.000000,
        "16" : 0.000000,
        "32" : 0.000000,
        "64" : 0.000000,
        ">=64" : 0.000000
      },
      "iodepth_complete" : {
        "0" : 0.000000,
        "4" : 96.814931,
        "8" : 0.100000,
        "16" : 0.100000,
        "32" : 3.184359,
        "64" : 0.000000,
        ">=64" : 0.000000
      },
      "latency_ns" : {
        "2" : 0.000000,
        "4" : 0.000000,
        "10" : 0.000000,
        "20" : 0.000000,
        "50" : 0.000000,
        "100" : 0.000000,
        "250" : 0.000000,
        "500" : 0.000000,
        "750" : 0.010000,
        "1000" : 0.010000
      },
      "latency_us" : {
        "2" : 0.010000,
        "4" : 0.010000,
        "10" : 0.000000,
        "20" : 0.000000,
        "50" : 1.469132,
        "100" : 5.502407,
        "250" : 16.501980,
        "500" : 26.662349,
        "750" : 26.661196,
        "1000" : 18.679007
      },
      "latency_ms" : {
        "2" : 4.495843,
        "4" : 0.024103,
        "10" : 0.010000,
        "20" : 0.010000,
        "50" : 0.010000,
        "100" : 0.000000,
        "250" : 0.000000,
        "500" : 0.000000,
        "750" : 0.000000,
        "1000" : 0.000000,
        "2000" : 0.000000,
        ">=2000" : 0.000000
      },
      "latency_depth" : 32,
      "latency_target" : 0,
      "latency_target_ns" : 0,
      "latency_percentile" : 100.000000,
      "latency_window" : 0,
      "latency_window_us" : 0
    }
  ]
}
