{
  "fio version" : "fio-3.42",
  "timestamp" : 1778507885,
  "timestamp_ms" : 1778507885284,
  "time" : "Mon May 11 22:58:05 2026",
  "jobs" : [
    {
      "jobname" : "rand_read",
      "groupid" : 0,
      "job_start" : 1778507854861,
      "error" : 0,
      "eta" : 0,
      "elapsed" : 35,
      "job options" : {
        "name" : "rand_read",
        "filename" : "E:\\fio_testfile_qd",
        "rw" : "randread",
        "bs" : "4k",
        "iodepth" : "16",
        "size" : "2G",
        "direct" : "1",
        "thread" : "1",
        "time_based" : "1",
        "runtime" : "30",
        "ramp_time" : "3",
        "group_reporting" : ""
      },
      "read" : {
        "io_bytes" : 6229491712,
        "io_kbytes" : 6083488,
        "bw_bytes" : 207642802,
        "bw" : 202776,
        "iops" : 50693.510216,
        "runtime" : 30001,
        "total_ios" : 1520856,
        "short_ios" : 0,
        "drop_ios" : 0,
        "slat_ns" : {
          "min" : 8606,
          "max" : 1292573,
          "mean" : 18359.939453,
          "stddev" : 10232.745910,
          "N" : 1520857
        },
        "clat_ns" : {
          "min" : 446,
          "max" : 1987765,
          "mean" : 243605.442697,
          "stddev" : 90629.426427,
          "N" : 1520857,
          "percentile" : {
            "1.000000" : 97792,
            "5.000000" : 119296,
            "10.000000" : 134144,
            "20.000000" : 160768,
            "30.000000" : 187392,
            "40.000000" : 216064,
            "50.000000" : 238592,
            "60.000000" : 259072,
            "70.000000" : 284672,
            "80.000000" : 313344,
            "90.000000" : 354304,
            "95.000000" : 399360,
            "99.000000" : 501760,
            "99.500000" : 552960,
            "99.900000" : 716800,
            "99.950000" : 798720,
            "99.990000" : 1056768
          }
        },
        "lat_ns" : {
          "min" : 63606,
          "max" : 2004384,
          "mean" : 261965.351516,
          "stddev" : 91210.196729,
          "N" : 1520857
        },
        "bw_min" : 174610,
        "bw_max" : 226347,
        "bw_agg" : 99.946654,
        "bw_mean" : 202668.883333,
        "bw_dev" : 14052.523783,
        "bw_samples" : 60,
        "iops_min" : 43652,
        "iops_max" : 56586,
        "iops_mean" : 50667.166667,
        "iops_stddev" : 3513.180211,
        "iops_samples" : 60
      },
      "write" : {
        "io_bytes" : 0,
        "io_kbytes" : 0,
        "bw_bytes" : 0,
        "bw" : 0,
        "iops" : 0.000000,
        "runtime" : 0,
        "total_ios" : 0,
        "short_ios" : 0,
        "drop_ios" : 0,
        "slat_ns" : {
          "min" : 0,
          "max" : 0,
          "mean" : 0.000000,
          "stddev" : 0.000000,
          "N" : 0
        },
        "clat_ns" : {
          "min" : 0,
          "max" : 0,
          "mean" : 0.000000,
          "stddev" : 0.000000,
          "N" : 0
        },
        "lat_ns" : {
          "min" : 0,
          "max" : 0,
          "mean" : 0.000000,
          "stddev" : 0.000000,
          "N" : 0
        },
        "bw_min" : 0,
        "bw_max" : 0,
        "bw_agg" : 0.000000,
        "bw_mean" : 0.000000,
        "bw_dev" : 0.000000,
        "bw_samples" : 0,
        "iops_min" : 0,
        "iops_max" : 0,
        "iops_mean" : 0.000000,
        "iops_stddev" : 0.000000,
        "iops_samples" : 0
      },
      "trim" : {
        "io_bytes" : 0,
        "io_kbytes" : 0,
        "bw_bytes" : 0,
        "bw" : 0,
        "iops" : 0.000000,
        "runtime" : 0,
        "total_ios" : 0,
        "short_ios" : 0,
        "drop_ios" : 0,
        "slat_ns" : {
          "min" : 0,
          "max" : 0,
          "mean" : 0.000000,
          "stddev" : 0.000000,
          "N" : 0
        },
        "clat_ns" : {
          "min" : 0,
          "max" : 0,
          "mean" : 0.000000,
          "stddev" : 0.000000,
          "N" : 0
        },
        "lat_ns" : {
          "min" : 0,
          "max" : 0,
          "mean" : 0.000000,
          "stddev" : 0.000000,
          "N" : 0
        },
        "bw_min" : 0,
        "bw_max" : 0,
        "bw_agg" : 0.000000,
        "bw_mean" : 0.000000,
        "bw_dev" : 0.000000,
        "bw_samples" : 0,
        "iops_min" : 0,
        "iops_max" : 0,
        "iops_mean" : 0.000000,
        "iops_stddev" : 0.000000,
        "iops_samples" : 0
      },
      "sync" : {
        "total_ios" : 0,
        "lat_ns" : {
          "min" : 0,
          "max" : 0,
          "mean" : 0.000000,
          "stddev" : 0.000000,
          "N" : 0
        }
      },
      "job_runtime" : 30000,
      "usr_cpu" : 6.666667,
      "sys_cpu" : 70.000000,
      "ctx" : 0,
      "majf" : 0,
      "minf" : 0,
      "iodepth_level" : {
        "1" : 0.100000,
        "2" : 0.100000,
        "4" : 1.354106,
        "8" : 79.582222,
        "16" : 19.051245,
        "32" : 0.000000,
        ">=64" : 0.000000
      },
      "iodepth_submit" : {
        "0" : 0.000000,
        "4" : 100.000000,
        "8" : 0.000000,
        "16" : 0.000000,
        "32" : 0.000000,
        "64" : 0.000000,
        ">=64" : 0.000000
      },
      "iodepth_complete" : {
        "0" : 0.000000,
        "4" : 90.396664,
        "8" : 8.035513,
        "16" : 1.567823,
        "32" : 0.000000,
        "64" : 0.000000,
        ">=64" : 0.000000
      },
      "latency_ns" : {
        "2" : 0.000000,
        "4" : 0.000000,
        "10" : 0.000000,
        "20" : 0.000000,
        "50" : 0.000000,
        "100" : 0.000000,
        "250" : 0.000000,
        "500" : 0.010000,
        "750" : 0.010000,
        "1000" : 0.010000
      },
      "latency_us" : {
        "2" : 0.000000,
        "4" : 0.000000,
        "10" : 0.000000,
        "20" : 0.010000,
        "50" : 0.010000,
        "100" : 1.209582,
        "250" : 54.619438,
        "500" : 43.111248,
        "750" : 0.979974,
        "1000" : 0.063122
      },
      "latency_ms" : {
        "2" : 0.012756,
        "4" : 0.000000,
        "10" : 0.000000,
        "20" : 0.000000,
        "50" : 0.000000,
        "100" : 0.000000,
        "250" : 0.000000,
        "500" : 0.000000,
        "750" : 0.000000,
        "1000" : 0.000000,
        "2000" : 0.000000,
        ">=2000" : 0.000000
      },
      "latency_depth" : 16,
      "latency_target" : 0,
      "latency_target_ns" : 0,
      "latency_percentile" : 100.000000,
      "latency_window" : 0,
      "latency_window_us" : 0
    }
  ]
}
