{
  "fio version" : "fio-3.42",
  "timestamp" : 1778508266,
  "timestamp_ms" : 1778508266544,
  "time" : "Mon May 11 23:04:26 2026",
  "jobs" : [
    {
      "jobname" : "rand_write",
      "groupid" : 0,
      "job_start" : 1778508236132,
      "error" : 0,
      "eta" : 0,
      "elapsed" : 35,
      "job options" : {
        "name" : "rand_write",
        "filename" : "E:\\fio_testfile_qd",
        "rw" : "randwrite",
        "bs" : "4k",
        "iodepth" : "16",
        "size" : "2G",
        "direct" : "1",
        "thread" : "1",
        "time_based" : "1",
        "runtime" : "30",
        "ramp_time" : "3",
        "group_reporting" : ""
      },
      "read" : {
        "io_bytes" : 0,
        "io_kbytes" : 0,
        "bw_bytes" : 0,
        "bw" : 0,
        "iops" : 0.000000,
        "runtime" : 0,
        "total_ios" : 0,
        "short_ios" : 0,
        "drop_ios" : 0,
        "slat_ns" : {
          "min" : 0,
          "max" : 0,
          "mean" : 0.000000,
          "stddev" : 0.000000,
          "N" : 0
        },
        "clat_ns" : {
          "min" : 0,
          "max" : 0,
          "mean" : 0.000000,
          "stddev" : 0.000000,
          "N" : 0
        },
        "lat_ns" : {
          "min" : 0,
          "max" : 0,
          "mean" : 0.000000,
          "stddev" : 0.000000,
          "N" : 0
        },
        "bw_min" : 0,
        "bw_max" : 0,
        "bw_agg" : 0.000000,
        "bw_mean" : 0.000000,
        "bw_dev" : 0.000000,
        "bw_samples" : 0,
        "iops_min" : 0,
        "iops_max" : 0,
        "iops_mean" : 0.000000,
        "iops_stddev" : 0.000000,
        "iops_samples" : 0
      },
      "write" : {
        "io_bytes" : 3982594048,
        "io_kbytes" : 3889252,
        "bw_bytes" : 132748709,
        "bw" : 129637,
        "iops" : 32409.186360,
        "runtime" : 30001,
        "total_ios" : 972308,
        "short_ios" : 0,
        "drop_ios" : 0,
        "slat_ns" : {
          "min" : 17498,
          "max" : 4409792,
          "mean" : 29762.147035,
          "stddev" : 11642.254601,
          "N" : 972309
        },
        "clat_ns" : {
          "min" : 428,
          "max" : 5550618,
          "mean" : 255636.046369,
          "stddev" : 138980.175081,
          "N" : 972313,
          "percentile" : {
            "1.000000" : 27520,
            "5.000000" : 54528,
            "10.000000" : 80384,
            "20.000000" : 117248,
            "30.000000" : 162816,
            "40.000000" : 207872,
            "50.000000" : 248832,
            "60.000000" : 292864,
            "70.000000" : 337920,
            "80.000000" : 382976,
            "90.000000" : 423936,
            "95.000000" : 473088,
            "99.000000" : 602112,
            "99.500000" : 667648,
            "99.900000" : 847872,
            "99.950000" : 962560,
            "99.990000" : 1286144
          }
        },
        "lat_ns" : {
          "min" : 47982,
          "max" : 5590139,
          "mean" : 285398.221552,
          "stddev" : 140729.733742,
          "N" : 972313
        },
        "bw_min" : 117892,
        "bw_max" : 136755,
        "bw_agg" : 100.000000,
        "bw_mean" : 129715.366667,
        "bw_dev" : 3871.242011,
        "bw_samples" : 60,
        "iops_min" : 29473,
        "iops_max" : 34188,
        "iops_mean" : 32428.600000,
        "iops_stddev" : 967.804158,
        "iops_samples" : 60
      },
      "trim" : {
        "io_bytes" : 0,
        "io_kbytes" : 0,
        "bw_bytes" : 0,
        "bw" : 0,
        "iops" : 0.000000,
        "runtime" : 0,
        "total_ios" : 0,
        "short_ios" : 0,
        "drop_ios" : 0,
        "slat_ns" : {
          "min" : 0,
          "max" : 0,
          "mean" : 0.000000,
          "stddev" : 0.000000,
          "N" : 0
        },
        "clat_ns" : {
          "min" : 0,
          "max" : 0,
          "mean" : 0.000000,
          "stddev" : 0.000000,
          "N" : 0
        },
        "lat_ns" : {
          "min" : 0,
          "max" : 0,
          "mean" : 0.000000,
          "stddev" : 0.000000,
          "N" : 0
        },
        "bw_min" : 0,
        "bw_max" : 0,
        "bw_agg" : 0.000000,
        "bw_mean" : 0.000000,
        "bw_dev" : 0.000000,
        "bw_samples" : 0,
        "iops_min" : 0,
        "iops_max" : 0,
        "iops_mean" : 0.000000,
        "iops_stddev" : 0.000000,
        "iops_samples" : 0
      },
      "sync" : {
        "total_ios" : 0,
        "lat_ns" : {
          "min" : 0,
          "max" : 0,
          "mean" : 0.000000,
          "stddev" : 0.000000,
          "N" : 0
        }
      },
      "job_runtime" : 30000,
      "usr_cpu" : 6.666667,
      "sys_cpu" : 73.333333,
      "ctx" : 0,
      "majf" : 0,
      "minf" : 0,
      "iodepth_level" : {
        "1" : 0.100000,
        "2" : 9.510464,
        "4" : 27.822871,
        "8" : 55.698297,
        "16" : 6.963534,
        "32" : 0.000000,
        ">=64" : 0.000000
      },
      "iodepth_submit" : {
        "0" : 0.000000,
        "4" : 100.000000,
        "8" : 0.000000,
        "16" : 0.000000,
        "32" : 0.000000,
        "64" : 0.000000,
        ">=64" : 0.000000
      },
      "iodepth_complete" : {
        "0" : 0.000000,
        "4" : 93.490677,
        "8" : 0.100000,
        "16" : 6.507592,
        "32" : 0.000000,
        "64" : 0.000000,
        ">=64" : 0.000000
      },
      "latency_ns" : {
        "2" : 0.000000,
        "4" : 0.000000,
        "10" : 0.000000,
        "20" : 0.000000,
        "50" : 0.000000,
        "100" : 0.000000,
        "250" : 0.000000,
        "500" : 0.010000,
        "750" : 0.010000,
        "1000" : 0.010000
      },
      "latency_us" : {
        "2" : 0.010000,
        "4" : 0.010000,
        "10" : 0.010000,
        "20" : 0.000000,
        "50" : 2.772990,
        "100" : 12.092259,
        "250" : 35.377062,
        "500" : 46.353007,
        "750" : 3.184588,
        "1000" : 0.176076
      },
      "latency_ms" : {
        "2" : 0.038671,
        "4" : 0.010000,
        "10" : 0.010000,
        "20" : 0.000000,
        "50" : 0.000000,
        "100" : 0.000000,
        "250" : 0.000000,
        "500" : 0.000000,
        "750" : 0.000000,
        "1000" : 0.000000,
        "2000" : 0.000000,
        ">=2000" : 0.000000
      },
      "latency_depth" : 16,
      "latency_target" : 0,
      "latency_target_ns" : 0,
      "latency_percentile" : 100.000000,
      "latency_window" : 0,
      "latency_window_us" : 0
    }
  ]
}
