{
  "fio version" : "fio-3.42",
  "timestamp" : 1778508093,
  "timestamp_ms" : 1778508093278,
  "time" : "Mon May 11 23:01:33 2026",
  "jobs" : [
    {
      "jobname" : "rand_write",
      "groupid" : 0,
      "job_start" : 1778508062862,
      "error" : 0,
      "eta" : 0,
      "elapsed" : 35,
      "job options" : {
        "name" : "rand_write",
        "filename" : "E:\\fio_testfile_qd",
        "rw" : "randwrite",
        "bs" : "4k",
        "iodepth" : "1",
        "size" : "2G",
        "direct" : "1",
        "thread" : "1",
        "time_based" : "1",
        "runtime" : "30",
        "ramp_time" : "3",
        "group_reporting" : ""
      },
      "read" : {
        "io_bytes" : 0,
        "io_kbytes" : 0,
        "bw_bytes" : 0,
        "bw" : 0,
        "iops" : 0.000000,
        "runtime" : 0,
        "total_ios" : 0,
        "short_ios" : 0,
        "drop_ios" : 0,
        "slat_ns" : {
          "min" : 0,
          "max" : 0,
          "mean" : 0.000000,
          "stddev" : 0.000000,
          "N" : 0
        },
        "clat_ns" : {
          "min" : 0,
          "max" : 0,
          "mean" : 0.000000,
          "stddev" : 0.000000,
          "N" : 0
        },
        "lat_ns" : {
          "min" : 0,
          "max" : 0,
          "mean" : 0.000000,
          "stddev" : 0.000000,
          "N" : 0
        },
        "bw_min" : 0,
        "bw_max" : 0,
        "bw_agg" : 0.000000,
        "bw_mean" : 0.000000,
        "bw_dev" : 0.000000,
        "bw_samples" : 0,
        "iops_min" : 0,
        "iops_max" : 0,
        "iops_mean" : 0.000000,
        "iops_stddev" : 0.000000,
        "iops_samples" : 0
      },
      "write" : {
        "io_bytes" : 1410170880,
        "io_kbytes" : 1377120,
        "bw_bytes" : 47004129,
        "bw" : 45902,
        "iops" : 11475.617479,
        "runtime" : 30001,
        "total_ios" : 344280,
        "short_ios" : 0,
        "drop_ios" : 0,
        "slat_ns" : {
          "min" : 28803,
          "max" : 5685409,
          "mean" : 33347.418560,
          "stddev" : 12407.639850,
          "N" : 344280
        },
        "clat_ns" : {
          "min" : 392,
          "max" : 9379940,
          "mean" : 52055.805263,
          "stddev" : 23218.934899,
          "N" : 344280,
          "percentile" : {
            "1.000000" : 39168,
            "5.000000" : 39168,
            "10.000000" : 39680,
            "20.000000" : 44800,
            "30.000000" : 48896,
            "40.000000" : 49408,
            "50.000000" : 49408,
            "60.000000" : 49920,
            "70.000000" : 50432,
            "80.000000" : 52992,
            "90.000000" : 58624,
            "95.000000" : 83456,
            "99.000000" : 111104,
            "99.500000" : 122368,
            "99.900000" : 162816,
            "99.950000" : 177152,
            "99.990000" : 577536
          }
        },
        "lat_ns" : {
          "min" : 67624,
          "max" : 9424003,
          "mean" : 85403.223824,
          "stddev" : 27779.418403,
          "N" : 344280
        },
        "bw_min" : 37376,
        "bw_max" : 52024,
        "bw_agg" : 100.000000,
        "bw_mean" : 45931.750000,
        "bw_dev" : 3288.295384,
        "bw_samples" : 60,
        "iops_min" : 9344,
        "iops_max" : 13006,
        "iops_mean" : 11482.666667,
        "iops_stddev" : 822.083642,
        "iops_samples" : 60
      },
      "trim" : {
        "io_bytes" : 0,
        "io_kbytes" : 0,
        "bw_bytes" : 0,
        "bw" : 0,
        "iops" : 0.000000,
        "runtime" : 0,
        "total_ios" : 0,
        "short_ios" : 0,
        "drop_ios" : 0,
        "slat_ns" : {
          "min" : 0,
          "max" : 0,
          "mean" : 0.000000,
          "stddev" : 0.000000,
          "N" : 0
        },
        "clat_ns" : {
          "min" : 0,
          "max" : 0,
          "mean" : 0.000000,
          "stddev" : 0.000000,
          "N" : 0
        },
        "lat_ns" : {
          "min" : 0,
          "max" : 0,
          "mean" : 0.000000,
          "stddev" : 0.000000,
          "N" : 0
        },
        "bw_min" : 0,
        "bw_max" : 0,
        "bw_agg" : 0.000000,
        "bw_mean" : 0.000000,
        "bw_dev" : 0.000000,
        "bw_samples" : 0,
        "iops_min" : 0,
        "iops_max" : 0,
        "iops_mean" : 0.000000,
        "iops_stddev" : 0.000000,
        "iops_samples" : 0
      },
      "sync" : {
        "total_ios" : 0,
        "lat_ns" : {
          "min" : 0,
          "max" : 0,
          "mean" : 0.000000,
          "stddev" : 0.000000,
          "N" : 0
        }
      },
      "job_runtime" : 30000,
      "usr_cpu" : 6.666667,
      "sys_cpu" : 36.666667,
      "ctx" : 0,
      "majf" : 0,
      "minf" : 0,
      "iodepth_level" : {
        "1" : 100.000000,
        "2" : 0.000000,
        "4" : 0.000000,
        "8" : 0.000000,
        "16" : 0.000000,
        "32" : 0.000000,
        ">=64" : 0.000000
      },
      "iodepth_submit" : {
        "0" : 0.000000,
        "4" : 100.000000,
        "8" : 0.000000,
        "16" : 0.000000,
        "32" : 0.000000,
        "64" : 0.000000,
        ">=64" : 0.000000
      },
      "iodepth_complete" : {
        "0" : 0.000000,
        "4" : 100.000000,
        "8" : 0.000000,
        "16" : 0.000000,
        "32" : 0.000000,
        "64" : 0.000000,
        ">=64" : 0.000000
      },
      "latency_ns" : {
        "2" : 0.000000,
        "4" : 0.000000,
        "10" : 0.000000,
        "20" : 0.000000,
        "50" : 0.000000,
        "100" : 0.000000,
        "250" : 0.000000,
        "500" : 0.010000,
        "750" : 0.010000,
        "1000" : 0.010000
      },
      "latency_us" : {
        "2" : 0.010000,
        "4" : 0.010000,
        "10" : 0.010000,
        "20" : 0.027303,
        "50" : 63.506158,
        "100" : 33.899733,
        "250" : 2.538631,
        "500" : 0.010000,
        "750" : 0.012199,
        "1000" : 0.000000
      },
      "latency_ms" : {
        "2" : 0.000000,
        "4" : 0.010000,
        "10" : 0.010000,
        "20" : 0.000000,
        "50" : 0.000000,
        "100" : 0.000000,
        "250" : 0.000000,
        "500" : 0.000000,
        "750" : 0.000000,
        "1000" : 0.000000,
        "2000" : 0.000000,
        ">=2000" : 0.000000
      },
      "latency_depth" : 1,
      "latency_target" : 0,
      "latency_target_ns" : 0,
      "latency_percentile" : 100.000000,
      "latency_window" : 0,
      "latency_window_us" : 0
    }
  ]
}
