{
  "fio version" : "fio-3.42",
  "timestamp" : 1778508301,
  "timestamp_ms" : 1778508301144,
  "time" : "Mon May 11 23:05:01 2026",
  "jobs" : [
    {
      "jobname" : "rand_write",
      "groupid" : 0,
      "job_start" : 1778508270781,
      "error" : 0,
      "eta" : 0,
      "elapsed" : 35,
      "job options" : {
        "name" : "rand_write",
        "filename" : "E:\\fio_testfile_qd",
        "rw" : "randwrite",
        "bs" : "4k",
        "iodepth" : "16",
        "size" : "2G",
        "direct" : "1",
        "thread" : "1",
        "time_based" : "1",
        "runtime" : "30",
        "ramp_time" : "3",
        "group_reporting" : ""
      },
      "read" : {
        "io_bytes" : 0,
        "io_kbytes" : 0,
        "bw_bytes" : 0,
        "bw" : 0,
        "iops" : 0.000000,
        "runtime" : 0,
        "total_ios" : 0,
        "short_ios" : 0,
        "drop_ios" : 0,
        "slat_ns" : {
          "min" : 0,
          "max" : 0,
          "mean" : 0.000000,
          "stddev" : 0.000000,
          "N" : 0
        },
        "clat_ns" : {
          "min" : 0,
          "max" : 0,
          "mean" : 0.000000,
          "stddev" : 0.000000,
          "N" : 0
        },
        "lat_ns" : {
          "min" : 0,
          "max" : 0,
          "mean" : 0.000000,
          "stddev" : 0.000000,
          "N" : 0
        },
        "bw_min" : 0,
        "bw_max" : 0,
        "bw_agg" : 0.000000,
        "bw_mean" : 0.000000,
        "bw_dev" : 0.000000,
        "bw_samples" : 0,
        "iops_min" : 0,
        "iops_max" : 0,
        "iops_mean" : 0.000000,
        "iops_stddev" : 0.000000,
        "iops_samples" : 0
      },
      "write" : {
        "io_bytes" : 3960991744,
        "io_kbytes" : 3868156,
        "bw_bytes" : 132028657,
        "bw" : 128934,
        "iops" : 32233.025566,
        "runtime" : 30001,
        "total_ios" : 967023,
        "short_ios" : 0,
        "drop_ios" : 0,
        "slat_ns" : {
          "min" : 17437,
          "max" : 1364674,
          "mean" : 29930.468302,
          "stddev" : 11397.015953,
          "N" : 967024
        },
        "clat_ns" : {
          "min" : 455,
          "max" : 2769244,
          "mean" : 256993.435249,
          "stddev" : 140959.371714,
          "N" : 967023,
          "percentile" : {
            "1.000000" : 33024,
            "5.000000" : 54528,
            "10.000000" : 78336,
            "20.000000" : 121344,
            "30.000000" : 162816,
            "40.000000" : 207872,
            "50.000000" : 246784,
            "60.000000" : 292864,
            "70.000000" : 337920,
            "80.000000" : 378880,
            "90.000000" : 432128,
            "95.000000" : 489472,
            "99.000000" : 626688,
            "99.500000" : 684032,
            "99.900000" : 856064,
            "99.950000" : 970752,
            "99.990000" : 1384448
          }
        },
        "lat_ns" : {
          "min" : 48548,
          "max" : 2790787,
          "mean" : 286923.875884,
          "stddev" : 143158.564451,
          "N" : 967023
        },
        "bw_min" : 80345,
        "bw_max" : 139488,
        "bw_agg" : 99.701991,
        "bw_mean" : 128550.500000,
        "bw_dev" : 11158.658067,
        "bw_samples" : 60,
        "iops_min" : 20086,
        "iops_max" : 34872,
        "iops_mean" : 32137.366667,
        "iops_stddev" : 2789.638558,
        "iops_samples" : 60
      },
      "trim" : {
        "io_bytes" : 0,
        "io_kbytes" : 0,
        "bw_bytes" : 0,
        "bw" : 0,
        "iops" : 0.000000,
        "runtime" : 0,
        "total_ios" : 0,
        "short_ios" : 0,
        "drop_ios" : 0,
        "slat_ns" : {
          "min" : 0,
          "max" : 0,
          "mean" : 0.000000,
          "stddev" : 0.000000,
          "N" : 0
        },
        "clat_ns" : {
          "min" : 0,
          "max" : 0,
          "mean" : 0.000000,
          "stddev" : 0.000000,
          "N" : 0
        },
        "lat_ns" : {
          "min" : 0,
          "max" : 0,
          "mean" : 0.000000,
          "stddev" : 0.000000,
          "N" : 0
        },
        "bw_min" : 0,
        "bw_max" : 0,
        "bw_agg" : 0.000000,
        "bw_mean" : 0.000000,
        "bw_dev" : 0.000000,
        "bw_samples" : 0,
        "iops_min" : 0,
        "iops_max" : 0,
        "iops_mean" : 0.000000,
        "iops_stddev" : 0.000000,
        "iops_samples" : 0
      },
      "sync" : {
        "total_ios" : 0,
        "lat_ns" : {
          "min" : 0,
          "max" : 0,
          "mean" : 0.000000,
          "stddev" : 0.000000,
          "N" : 0
        }
      },
      "job_runtime" : 30000,
      "usr_cpu" : 6.666667,
      "sys_cpu" : 76.666667,
      "ctx" : 0,
      "majf" : 0,
      "minf" : 0,
      "iodepth_level" : {
        "1" : 0.100000,
        "2" : 9.479712,
        "4" : 27.836153,
        "8" : 55.715634,
        "16" : 6.965708,
        "32" : 0.000000,
        ">=64" : 0.000000
      },
      "iodepth_submit" : {
        "0" : 0.000000,
        "4" : 100.000000,
        "8" : 0.000000,
        "16" : 0.000000,
        "32" : 0.000000,
        "64" : 0.000000,
        ">=64" : 0.000000
      },
      "iodepth_complete" : {
        "0" : 0.000000,
        "4" : 93.488595,
        "8" : 0.100000,
        "16" : 6.509375,
        "32" : 0.000000,
        "64" : 0.000000,
        ">=64" : 0.000000
      },
      "latency_ns" : {
        "2" : 0.000000,
        "4" : 0.000000,
        "10" : 0.000000,
        "20" : 0.000000,
        "50" : 0.000000,
        "100" : 0.000000,
        "250" : 0.000000,
        "500" : 0.010000,
        "750" : 0.010000,
        "1000" : 0.010000
      },
      "latency_us" : {
        "2" : 0.010000,
        "4" : 0.000000,
        "10" : 0.010000,
        "20" : 0.010000,
        "50" : 3.038707,
        "100" : 11.753392,
        "250" : 35.657477,
        "500" : 45.186619,
        "750" : 4.104246,
        "1000" : 0.214369
      },
      "latency_ms" : {
        "2" : 0.041985,
        "4" : 0.010000,
        "10" : 0.000000,
        "20" : 0.000000,
        "50" : 0.000000,
        "100" : 0.000000,
        "250" : 0.000000,
        "500" : 0.000000,
        "750" : 0.000000,
        "1000" : 0.000000,
        "2000" : 0.000000,
        ">=2000" : 0.000000
      },
      "latency_depth" : 16,
      "latency_target" : 0,
      "latency_target_ns" : 0,
      "latency_percentile" : 100.000000,
      "latency_window" : 0,
      "latency_window_us" : 0
    }
  ]
}
