{
  "fio version" : "fio-3.42",
  "timestamp" : 1778508439,
  "timestamp_ms" : 1778508439834,
  "time" : "Mon May 11 23:07:19 2026",
  "jobs" : [
    {
      "jobname" : "rand_write",
      "groupid" : 0,
      "job_start" : 1778508409413,
      "error" : 0,
      "eta" : 0,
      "elapsed" : 35,
      "job options" : {
        "name" : "rand_write",
        "filename" : "E:\\fio_testfile_qd",
        "rw" : "randwrite",
        "bs" : "4k",
        "iodepth" : "32",
        "size" : "2G",
        "direct" : "1",
        "thread" : "1",
        "time_based" : "1",
        "runtime" : "30",
        "ramp_time" : "3",
        "group_reporting" : ""
      },
      "read" : {
        "io_bytes" : 0,
        "io_kbytes" : 0,
        "bw_bytes" : 0,
        "bw" : 0,
        "iops" : 0.000000,
        "runtime" : 0,
        "total_ios" : 0,
        "short_ios" : 0,
        "drop_ios" : 0,
        "slat_ns" : {
          "min" : 0,
          "max" : 0,
          "mean" : 0.000000,
          "stddev" : 0.000000,
          "N" : 0
        },
        "clat_ns" : {
          "min" : 0,
          "max" : 0,
          "mean" : 0.000000,
          "stddev" : 0.000000,
          "N" : 0
        },
        "lat_ns" : {
          "min" : 0,
          "max" : 0,
          "mean" : 0.000000,
          "stddev" : 0.000000,
          "N" : 0
        },
        "bw_min" : 0,
        "bw_max" : 0,
        "bw_agg" : 0.000000,
        "bw_mean" : 0.000000,
        "bw_dev" : 0.000000,
        "bw_samples" : 0,
        "iops_min" : 0,
        "iops_max" : 0,
        "iops_mean" : 0.000000,
        "iops_stddev" : 0.000000,
        "iops_samples" : 0
      },
      "write" : {
        "io_bytes" : 3767218176,
        "io_kbytes" : 3678924,
        "bw_bytes" : 125569753,
        "bw" : 122626,
        "iops" : 30656.011466,
        "runtime" : 30001,
        "total_ios" : 919711,
        "short_ios" : 0,
        "drop_ios" : 0,
        "slat_ns" : {
          "min" : 12704,
          "max" : 7634224,
          "mean" : 30931.394733,
          "stddev" : 14521.011592,
          "N" : 919712
        },
        "clat_ns" : {
          "min" : 772,
          "max" : 9343535,
          "mean" : 593023.049471,
          "stddev" : 343610.556245,
          "N" : 919731,
          "percentile" : {
            "1.000000" : 38656,
            "5.000000" : 83456,
            "10.000000" : 138240,
            "20.000000" : 257024,
            "30.000000" : 370688,
            "40.000000" : 481280,
            "50.000000" : 593920,
            "60.000000" : 684032,
            "70.000000" : 782336,
            "80.000000" : 880640,
            "90.000000" : 1028096,
            "95.000000" : 1171456,
            "99.000000" : 1417216,
            "99.500000" : 1531904,
            "99.900000" : 1875968,
            "99.950000" : 2039808,
            "99.990000" : 2768896
          }
        },
        "lat_ns" : {
          "min" : 49186,
          "max" : 9374037,
          "mean" : 623954.369356,
          "stddev" : 344223.477124,
          "N" : 919731
        },
        "bw_min" : 94000,
        "bw_max" : 136488,
        "bw_agg" : 99.939074,
        "bw_mean" : 122552.233333,
        "bw_dev" : 9975.373117,
        "bw_samples" : 60,
        "iops_min" : 23500,
        "iops_max" : 34122,
        "iops_mean" : 30637.933333,
        "iops_stddev" : 2493.855404,
        "iops_samples" : 60
      },
      "trim" : {
        "io_bytes" : 0,
        "io_kbytes" : 0,
        "bw_bytes" : 0,
        "bw" : 0,
        "iops" : 0.000000,
        "runtime" : 0,
        "total_ios" : 0,
        "short_ios" : 0,
        "drop_ios" : 0,
        "slat_ns" : {
          "min" : 0,
          "max" : 0,
          "mean" : 0.000000,
          "stddev" : 0.000000,
          "N" : 0
        },
        "clat_ns" : {
          "min" : 0,
          "max" : 0,
          "mean" : 0.000000,
          "stddev" : 0.000000,
          "N" : 0
        },
        "lat_ns" : {
          "min" : 0,
          "max" : 0,
          "mean" : 0.000000,
          "stddev" : 0.000000,
          "N" : 0
        },
        "bw_min" : 0,
        "bw_max" : 0,
        "bw_agg" : 0.000000,
        "bw_mean" : 0.000000,
        "bw_dev" : 0.000000,
        "bw_samples" : 0,
        "iops_min" : 0,
        "iops_max" : 0,
        "iops_mean" : 0.000000,
        "iops_stddev" : 0.000000,
        "iops_samples" : 0
      },
      "sync" : {
        "total_ios" : 0,
        "lat_ns" : {
          "min" : 0,
          "max" : 0,
          "mean" : 0.000000,
          "stddev" : 0.000000,
          "N" : 0
        }
      },
      "job_runtime" : 30000,
      "usr_cpu" : 6.666667,
      "sys_cpu" : 76.666667,
      "ctx" : 0,
      "majf" : 0,
      "minf" : 0,
      "iodepth_level" : {
        "1" : 0.100000,
        "2" : 4.068126,
        "4" : 11.048471,
        "8" : 22.268952,
        "16" : 53.102986,
        "32" : 9.510596,
        ">=64" : 0.000000
      },
      "iodepth_submit" : {
        "0" : 0.000000,
        "4" : 100.000000,
        "8" : 0.000000,
        "16" : 0.000000,
        "32" : 0.000000,
        "64" : 0.000000,
        ">=64" : 0.000000
      },
      "iodepth_complete" : {
        "0" : 0.000000,
        "4" : 96.901652,
        "8" : 0.383347,
        "16" : 0.150221,
        "32" : 2.564780,
        "64" : 0.000000,
        ">=64" : 0.000000
      },
      "latency_ns" : {
        "2" : 0.000000,
        "4" : 0.000000,
        "10" : 0.000000,
        "20" : 0.000000,
        "50" : 0.000000,
        "100" : 0.000000,
        "250" : 0.000000,
        "500" : 0.000000,
        "750" : 0.000000,
        "1000" : 0.010000
      },
      "latency_us" : {
        "2" : 0.010000,
        "4" : 0.000000,
        "10" : 0.000000,
        "20" : 0.000000,
        "50" : 1.400440,
        "100" : 4.545776,
        "250" : 13.621127,
        "500" : 21.974185,
        "750" : 25.227272,
        "1000" : 21.621901
      },
      "latency_ms" : {
        "2" : 11.553629,
        "4" : 0.050668,
        "10" : 0.010000,
        "20" : 0.000000,
        "50" : 0.000000,
        "100" : 0.000000,
        "250" : 0.000000,
        "500" : 0.000000,
        "750" : 0.000000,
        "1000" : 0.000000,
        "2000" : 0.000000,
        ">=2000" : 0.000000
      },
      "latency_depth" : 32,
      "latency_target" : 0,
      "latency_target_ns" : 0,
      "latency_percentile" : 100.000000,
      "latency_window" : 0,
      "latency_window_us" : 0
    }
  ]
}
