{
  "fio version" : "fio-3.42",
  "timestamp" : 1778508023,
  "timestamp_ms" : 1778508023980,
  "time" : "Mon May 11 23:00:23 2026",
  "jobs" : [
    {
      "jobname" : "rand_read",
      "groupid" : 0,
      "job_start" : 1778507993537,
      "error" : 0,
      "eta" : 0,
      "elapsed" : 35,
      "job options" : {
        "name" : "rand_read",
        "filename" : "E:\\fio_testfile_qd",
        "rw" : "randread",
        "bs" : "4k",
        "iodepth" : "32",
        "size" : "2G",
        "direct" : "1",
        "thread" : "1",
        "time_based" : "1",
        "runtime" : "30",
        "ramp_time" : "3",
        "group_reporting" : ""
      },
      "read" : {
        "io_bytes" : 6540386304,
        "io_kbytes" : 6387096,
        "bw_bytes" : 218005609,
        "bw" : 212896,
        "iops" : 53222.959235,
        "runtime" : 30001,
        "total_ios" : 1596742,
        "short_ios" : 0,
        "drop_ios" : 0,
        "slat_ns" : {
          "min" : 7961,
          "max" : 1745914,
          "mean" : 17796.856621,
          "stddev" : 10563.614526,
          "N" : 1596743
        },
        "clat_ns" : {
          "min" : 24004,
          "max" : 2650603,
          "mean" : 389365.622943,
          "stddev" : 155546.367697,
          "N" : 1596742,
          "percentile" : {
            "1.000000" : 114176,
            "5.000000" : 158720,
            "10.000000" : 199680,
            "20.000000" : 254976,
            "30.000000" : 296960,
            "40.000000" : 337920,
            "50.000000" : 374784,
            "60.000000" : 415744,
            "70.000000" : 460800,
            "80.000000" : 514048,
            "90.000000" : 585728,
            "95.000000" : 659456,
            "99.000000" : 815104,
            "99.500000" : 888832,
            "99.900000" : 1105920,
            "99.950000" : 1220608,
            "99.990000" : 1597440
          }
        },
        "lat_ns" : {
          "min" : 63258,
          "max" : 2709389,
          "mean" : 407162.480077,
          "stddev" : 156509.993745,
          "N" : 1596742
        },
        "bw_min" : 180287,
        "bw_max" : 233000,
        "bw_agg" : 99.939829,
        "bw_mean" : 212768.400000,
        "bw_dev" : 16805.823473,
        "bw_samples" : 60,
        "iops_min" : 45071,
        "iops_max" : 58250,
        "iops_mean" : 53192.016667,
        "iops_stddev" : 4201.463294,
        "iops_samples" : 60
      },
      "write" : {
        "io_bytes" : 0,
        "io_kbytes" : 0,
        "bw_bytes" : 0,
        "bw" : 0,
        "iops" : 0.000000,
        "runtime" : 0,
        "total_ios" : 0,
        "short_ios" : 0,
        "drop_ios" : 0,
        "slat_ns" : {
          "min" : 0,
          "max" : 0,
          "mean" : 0.000000,
          "stddev" : 0.000000,
          "N" : 0
        },
        "clat_ns" : {
          "min" : 0,
          "max" : 0,
          "mean" : 0.000000,
          "stddev" : 0.000000,
          "N" : 0
        },
        "lat_ns" : {
          "min" : 0,
          "max" : 0,
          "mean" : 0.000000,
          "stddev" : 0.000000,
          "N" : 0
        },
        "bw_min" : 0,
        "bw_max" : 0,
        "bw_agg" : 0.000000,
        "bw_mean" : 0.000000,
        "bw_dev" : 0.000000,
        "bw_samples" : 0,
        "iops_min" : 0,
        "iops_max" : 0,
        "iops_mean" : 0.000000,
        "iops_stddev" : 0.000000,
        "iops_samples" : 0
      },
      "trim" : {
        "io_bytes" : 0,
        "io_kbytes" : 0,
        "bw_bytes" : 0,
        "bw" : 0,
        "iops" : 0.000000,
        "runtime" : 0,
        "total_ios" : 0,
        "short_ios" : 0,
        "drop_ios" : 0,
        "slat_ns" : {
          "min" : 0,
          "max" : 0,
          "mean" : 0.000000,
          "stddev" : 0.000000,
          "N" : 0
        },
        "clat_ns" : {
          "min" : 0,
          "max" : 0,
          "mean" : 0.000000,
          "stddev" : 0.000000,
          "N" : 0
        },
        "lat_ns" : {
          "min" : 0,
          "max" : 0,
          "mean" : 0.000000,
          "stddev" : 0.000000,
          "N" : 0
        },
        "bw_min" : 0,
        "bw_max" : 0,
        "bw_agg" : 0.000000,
        "bw_mean" : 0.000000,
        "bw_dev" : 0.000000,
        "bw_samples" : 0,
        "iops_min" : 0,
        "iops_max" : 0,
        "iops_mean" : 0.000000,
        "iops_stddev" : 0.000000,
        "iops_samples" : 0
      },
      "sync" : {
        "total_ios" : 0,
        "lat_ns" : {
          "min" : 0,
          "max" : 0,
          "mean" : 0.000000,
          "stddev" : 0.000000,
          "N" : 0
        }
      },
      "job_runtime" : 30000,
      "usr_cpu" : 6.666667,
      "sys_cpu" : 73.333333,
      "ctx" : 0,
      "majf" : 0,
      "minf" : 0,
      "iodepth_level" : {
        "1" : 0.100000,
        "2" : 0.100000,
        "4" : 0.548554,
        "8" : 18.468481,
        "16" : 76.137410,
        "32" : 4.840043,
        ">=64" : 0.000000
      },
      "iodepth_submit" : {
        "0" : 0.000000,
        "4" : 100.000000,
        "8" : 0.000000,
        "16" : 0.000000,
        "32" : 0.000000,
        "64" : 0.000000,
        ">=64" : 0.000000
      },
      "iodepth_complete" : {
        "0" : 0.000000,
        "4" : 95.388605,
        "8" : 0.100000,
        "16" : 0.485237,
        "32" : 4.118512,
        "64" : 0.000000,
        ">=64" : 0.000000
      },
      "latency_ns" : {
        "2" : 0.000000,
        "4" : 0.000000,
        "10" : 0.000000,
        "20" : 0.000000,
        "50" : 0.000000,
        "100" : 0.000000,
        "250" : 0.000000,
        "500" : 0.000000,
        "750" : 0.000000,
        "1000" : 0.000000
      },
      "latency_us" : {
        "2" : 0.000000,
        "4" : 0.000000,
        "10" : 0.000000,
        "20" : 0.000000,
        "50" : 0.010000,
        "100" : 0.339379,
        "250" : 18.692938,
        "500" : 58.764660,
        "750" : 20.225872,
        "1000" : 1.768163
      },
      "latency_ms" : {
        "2" : 0.204729,
        "4" : 0.010000,
        "10" : 0.000000,
        "20" : 0.000000,
        "50" : 0.000000,
        "100" : 0.000000,
        "250" : 0.000000,
        "500" : 0.000000,
        "750" : 0.000000,
        "1000" : 0.000000,
        "2000" : 0.000000,
        ">=2000" : 0.000000
      },
      "latency_depth" : 32,
      "latency_target" : 0,
      "latency_target_ns" : 0,
      "latency_percentile" : 100.000000,
      "latency_window" : 0,
      "latency_window_us" : 0
    }
  ]
}
