msec,sec,bandwidth_mib_s,iops,clat_avg_us,result_set,workload,run,source_file
1000.0,1.0,,,343.957,sustained_rand_read_120s_qd16_repeat3,rand_read,1,results\external_ssd\sustained_rand_read_120s_qd16_repeat3\sustained_rand_read_120s_qd16_repeat3_run1.json
1003.0,1.003,152.05859375,38927.0,,sustained_rand_read_120s_qd16_repeat3,rand_read,1,results\external_ssd\sustained_rand_read_120s_qd16_repeat3\sustained_rand_read_120s_qd16_repeat3_run1.json
2000.0,2.0,,,309.953,sustained_rand_read_120s_qd16_repeat3,rand_read,1,results\external_ssd\sustained_rand_read_120s_qd16_repeat3\sustained_rand_read_120s_qd16_repeat3_run1.json
2003.0,2.003,168.15234375,43045.0,,sustained_rand_read_120s_qd16_repeat3,rand_read,1,results\external_ssd\sustained_rand_read_120s_qd16_repeat3\sustained_rand_read_120s_qd16_repeat3_run1.json
3000.0,3.0,,,322.127,sustained_rand_read_120s_qd16_repeat3,rand_read,1,results\external_ssd\sustained_rand_read_120s_qd16_repeat3\sustained_rand_read_120s_qd16_repeat3_run1.json
3010.0,3.01,154.48046875,39547.0,,sustained_rand_read_120s_qd16_repeat3,rand_read,1,results\external_ssd\sustained_rand_read_120s_qd16_repeat3\sustained_rand_read_120s_qd16_repeat3_run1.json
4000.0,4.0,,,316.002,sustained_rand_read_120s_qd16_repeat3,rand_read,1,results\external_ssd\sustained_rand_read_120s_qd16_repeat3\sustained_rand_read_120s_qd16_repeat3_run1.json
4011.0,4.011,161.384765625,41314.0,,sustained_rand_read_120s_qd16_repeat3,rand_read,1,results\external_ssd\sustained_rand_read_120s_qd16_repeat3\sustained_rand_read_120s_qd16_repeat3_run1.json
5000.0,5.0,,,315.789,sustained_rand_read_120s_qd16_repeat3,rand_read,1,results\external_ssd\sustained_rand_read_120s_qd16_repeat3\sustained_rand_read_120s_qd16_repeat3_run1.json
5012.0,5.012,161.32421875,41299.0,,sustained_rand_read_120s_qd16_repeat3,rand_read,1,results\external_ssd\sustained_rand_read_120s_qd16_repeat3\sustained_rand_read_120s_qd16_repeat3_run1.json
6000.0,6.0,,,306.524,sustained_rand_read_120s_qd16_repeat3,rand_read,1,results\external_ssd\sustained_rand_read_120s_qd16_repeat3\sustained_rand_read_120s_qd16_repeat3_run1.json
6012.0,6.012,173.0546875,44302.0,,sustained_rand_read_120s_qd16_repeat3,rand_read,1,results\external_ssd\sustained_rand_read_120s_qd16_repeat3\sustained_rand_read_120s_qd16_repeat3_run1.json
7000.0,7.0,,,295.428,sustained_rand_read_120s_qd16_repeat3,rand_read,1,results\external_ssd\sustained_rand_read_120s_qd16_repeat3\sustained_rand_read_120s_qd16_repeat3_run1.json
7013.0,7.013,194.9609375,49910.0,,sustained_rand_read_120s_qd16_repeat3,rand_read,1,results\external_ssd\sustained_rand_read_120s_qd16_repeat3\sustained_rand_read_120s_qd16_repeat3_run1.json
8000.0,8.0,,,312.507,sustained_rand_read_120s_qd16_repeat3,rand_read,1,results\external_ssd\sustained_rand_read_120s_qd16_repeat3\sustained_rand_read_120s_qd16_repeat3_run1.json
8014.0,8.014,169.240234375,43325.0,,sustained_rand_read_120s_qd16_repeat3,rand_read,1,results\external_ssd\sustained_rand_read_120s_qd16_repeat3\sustained_rand_read_120s_qd16_repeat3_run1.json
9000.0,9.0,,,308.805,sustained_rand_read_120s_qd16_repeat3,rand_read,1,results\external_ssd\sustained_rand_read_120s_qd16_repeat3\sustained_rand_read_120s_qd16_repeat3_run1.json
9014.0,9.014,176.05078125,45069.0,,sustained_rand_read_120s_qd16_repeat3,rand_read,1,results\external_ssd\sustained_rand_read_120s_qd16_repeat3\sustained_rand_read_120s_qd16_repeat3_run1.json
10000.0,10.0,,,321.482,sustained_rand_read_120s_qd16_repeat3,rand_read,1,results\external_ssd\sustained_rand_read_120s_qd16_repeat3\sustained_rand_read_120s_qd16_repeat3_run1.json
10014.0,10.014,171.65234375,43943.0,,sustained_rand_read_120s_qd16_repeat3,rand_read,1,results\external_ssd\sustained_rand_read_120s_qd16_repeat3\sustained_rand_read_120s_qd16_repeat3_run1.json
11000.0,11.0,,,306.457,sustained_rand_read_120s_qd16_repeat3,rand_read,1,results\external_ssd\sustained_rand_read_120s_qd16_repeat3\sustained_rand_read_120s_qd16_repeat3_run1.json
11014.0,11.014,173.609375,44444.0,,sustained_rand_read_120s_qd16_repeat3,rand_read,1,results\external_ssd\sustained_rand_read_120s_qd16_repeat3\sustained_rand_read_120s_qd16_repeat3_run1.json
12000.0,12.0,,,307.172,sustained_rand_read_120s_qd16_repeat3,rand_read,1,results\external_ssd\sustained_rand_read_120s_qd16_repeat3\sustained_rand_read_120s_qd16_repeat3_run1.json
12014.0,12.014,173.6015625,44442.0,,sustained_rand_read_120s_qd16_repeat3,rand_read,1,results\external_ssd\sustained_rand_read_120s_qd16_repeat3\sustained_rand_read_120s_qd16_repeat3_run1.json
13000.0,13.0,,,308.542,sustained_rand_read_120s_qd16_repeat3,rand_read,1,results\external_ssd\sustained_rand_read_120s_qd16_repeat3\sustained_rand_read_120s_qd16_repeat3_run1.json
13015.0,13.015,172.5390625,44170.0,,sustained_rand_read_120s_qd16_repeat3,rand_read,1,results\external_ssd\sustained_rand_read_120s_qd16_repeat3\sustained_rand_read_120s_qd16_repeat3_run1.json
14000.0,14.0,,,305.195,sustained_rand_read_120s_qd16_repeat3,rand_read,1,results\external_ssd\sustained_rand_read_120s_qd16_repeat3\sustained_rand_read_120s_qd16_repeat3_run1.json
14016.0,14.016,176.8671875,45278.0,,sustained_rand_read_120s_qd16_repeat3,rand_read,1,results\external_ssd\sustained_rand_read_120s_qd16_repeat3\sustained_rand_read_120s_qd16_repeat3_run1.json
15000.0,15.0,,,302.193,sustained_rand_read_120s_qd16_repeat3,rand_read,1,results\external_ssd\sustained_rand_read_120s_qd16_repeat3\sustained_rand_read_120s_qd16_repeat3_run1.json
15016.0,15.016,183.61328125,47005.0,,sustained_rand_read_120s_qd16_repeat3,rand_read,1,results\external_ssd\sustained_rand_read_120s_qd16_repeat3\sustained_rand_read_120s_qd16_repeat3_run1.json
16000.0,16.0,,,299.615,sustained_rand_read_120s_qd16_repeat3,rand_read,1,results\external_ssd\sustained_rand_read_120s_qd16_repeat3\sustained_rand_read_120s_qd16_repeat3_run1.json
16017.0,16.017,187.33203125,47957.0,,sustained_rand_read_120s_qd16_repeat3,rand_read,1,results\external_ssd\sustained_rand_read_120s_qd16_repeat3\sustained_rand_read_120s_qd16_repeat3_run1.json
17000.0,17.0,,,295.11,sustained_rand_read_120s_qd16_repeat3,rand_read,1,results\external_ssd\sustained_rand_read_120s_qd16_repeat3\sustained_rand_read_120s_qd16_repeat3_run1.json
17017.0,17.017,196.984375,50428.0,,sustained_rand_read_120s_qd16_repeat3,rand_read,1,results\external_ssd\sustained_rand_read_120s_qd16_repeat3\sustained_rand_read_120s_qd16_repeat3_run1.json
18000.0,18.0,,,299.821,sustained_rand_read_120s_qd16_repeat3,rand_read,1,results\external_ssd\sustained_rand_read_120s_qd16_repeat3\sustained_rand_read_120s_qd16_repeat3_run1.json
18017.0,18.017,183.85546875,47067.0,,sustained_rand_read_120s_qd16_repeat3,rand_read,1,results\external_ssd\sustained_rand_read_120s_qd16_repeat3\sustained_rand_read_120s_qd16_repeat3_run1.json
19000.0,19.0,,,307.489,sustained_rand_read_120s_qd16_repeat3,rand_read,1,results\external_ssd\sustained_rand_read_120s_qd16_repeat3\sustained_rand_read_120s_qd16_repeat3_run1.json
19018.0,19.018,174.9765625,44794.0,,sustained_rand_read_120s_qd16_repeat3,rand_read,1,results\external_ssd\sustained_rand_read_120s_qd16_repeat3\sustained_rand_read_120s_qd16_repeat3_run1.json
20000.0,20.0,,,302.224,sustained_rand_read_120s_qd16_repeat3,rand_read,1,results\external_ssd\sustained_rand_read_120s_qd16_repeat3\sustained_rand_read_120s_qd16_repeat3_run1.json
20019.0,20.019,181.1015625,46362.0,,sustained_rand_read_120s_qd16_repeat3,rand_read,1,results\external_ssd\sustained_rand_read_120s_qd16_repeat3\sustained_rand_read_120s_qd16_repeat3_run1.json
21000.0,21.0,,,306.596,sustained_rand_read_120s_qd16_repeat3,rand_read,1,results\external_ssd\sustained_rand_read_120s_qd16_repeat3\sustained_rand_read_120s_qd16_repeat3_run1.json
21019.0,21.019,174.03125,44552.0,,sustained_rand_read_120s_qd16_repeat3,rand_read,1,results\external_ssd\sustained_rand_read_120s_qd16_repeat3\sustained_rand_read_120s_qd16_repeat3_run1.json
22000.0,22.0,,,299.763,sustained_rand_read_120s_qd16_repeat3,rand_read,1,results\external_ssd\sustained_rand_read_120s_qd16_repeat3\sustained_rand_read_120s_qd16_repeat3_run1.json
22019.0,22.019,186.09375,47640.0,,sustained_rand_read_120s_qd16_repeat3,rand_read,1,results\external_ssd\sustained_rand_read_120s_qd16_repeat3\sustained_rand_read_120s_qd16_repeat3_run1.json
23000.0,23.0,,,300.773,sustained_rand_read_120s_qd16_repeat3,rand_read,1,results\external_ssd\sustained_rand_read_120s_qd16_repeat3\sustained_rand_read_120s_qd16_repeat3_run1.json
23020.0,23.02,184.9765625,47354.0,,sustained_rand_read_120s_qd16_repeat3,rand_read,1,results\external_ssd\sustained_rand_read_120s_qd16_repeat3\sustained_rand_read_120s_qd16_repeat3_run1.json
24000.0,24.0,,,298.562,sustained_rand_read_120s_qd16_repeat3,rand_read,1,results\external_ssd\sustained_rand_read_120s_qd16_repeat3\sustained_rand_read_120s_qd16_repeat3_run1.json
24020.0,24.02,188.80078125,48333.0,,sustained_rand_read_120s_qd16_repeat3,rand_read,1,results\external_ssd\sustained_rand_read_120s_qd16_repeat3\sustained_rand_read_120s_qd16_repeat3_run1.json
25000.0,25.0,,,304.745,sustained_rand_read_120s_qd16_repeat3,rand_read,1,results\external_ssd\sustained_rand_read_120s_qd16_repeat3\sustained_rand_read_120s_qd16_repeat3_run1.json
25021.0,25.021,178.71484375,45751.0,,sustained_rand_read_120s_qd16_repeat3,rand_read,1,results\external_ssd\sustained_rand_read_120s_qd16_repeat3\sustained_rand_read_120s_qd16_repeat3_run1.json
26000.0,26.0,,,305.025,sustained_rand_read_120s_qd16_repeat3,rand_read,1,results\external_ssd\sustained_rand_read_120s_qd16_repeat3\sustained_rand_read_120s_qd16_repeat3_run1.json
26021.0,26.021,179.14453125,45861.0,,sustained_rand_read_120s_qd16_repeat3,rand_read,1,results\external_ssd\sustained_rand_read_120s_qd16_repeat3\sustained_rand_read_120s_qd16_repeat3_run1.json
27000.0,27.0,,,350.353,sustained_rand_read_120s_qd16_repeat3,rand_read,1,results\external_ssd\sustained_rand_read_120s_qd16_repeat3\sustained_rand_read_120s_qd16_repeat3_run1.json
27022.0,27.022,145.6953125,37298.0,,sustained_rand_read_120s_qd16_repeat3,rand_read,1,results\external_ssd\sustained_rand_read_120s_qd16_repeat3\sustained_rand_read_120s_qd16_repeat3_run1.json
28000.0,28.0,,,303.2,sustained_rand_read_120s_qd16_repeat3,rand_read,1,results\external_ssd\sustained_rand_read_120s_qd16_repeat3\sustained_rand_read_120s_qd16_repeat3_run1.json
28023.0,28.023,179.9091796875,46056.0,,sustained_rand_read_120s_qd16_repeat3,rand_read,1,results\external_ssd\sustained_rand_read_120s_qd16_repeat3\sustained_rand_read_120s_qd16_repeat3_run1.json
29000.0,29.0,,,309.802,sustained_rand_read_120s_qd16_repeat3,rand_read,1,results\external_ssd\sustained_rand_read_120s_qd16_repeat3\sustained_rand_read_120s_qd16_repeat3_run1.json
29023.0,29.023,171.1328125,43810.0,,sustained_rand_read_120s_qd16_repeat3,rand_read,1,results\external_ssd\sustained_rand_read_120s_qd16_repeat3\sustained_rand_read_120s_qd16_repeat3_run1.json
30000.0,30.0,,,308.437,sustained_rand_read_120s_qd16_repeat3,rand_read,1,results\external_ssd\sustained_rand_read_120s_qd16_repeat3\sustained_rand_read_120s_qd16_repeat3_run1.json
30024.0,30.024,172.5927734375,44183.0,,sustained_rand_read_120s_qd16_repeat3,rand_read,1,results\external_ssd\sustained_rand_read_120s_qd16_repeat3\sustained_rand_read_120s_qd16_repeat3_run1.json
31000.0,31.0,,,295.699,sustained_rand_read_120s_qd16_repeat3,rand_read,1,results\external_ssd\sustained_rand_read_120s_qd16_repeat3\sustained_rand_read_120s_qd16_repeat3_run1.json
31024.0,31.024,194.31640625,49745.0,,sustained_rand_read_120s_qd16_repeat3,rand_read,1,results\external_ssd\sustained_rand_read_120s_qd16_repeat3\sustained_rand_read_120s_qd16_repeat3_run1.json
32000.0,32.0,,,300.059,sustained_rand_read_120s_qd16_repeat3,rand_read,1,results\external_ssd\sustained_rand_read_120s_qd16_repeat3\sustained_rand_read_120s_qd16_repeat3_run1.json
32025.0,32.025,185.7509765625,47552.0,,sustained_rand_read_120s_qd16_repeat3,rand_read,1,results\external_ssd\sustained_rand_read_120s_qd16_repeat3\sustained_rand_read_120s_qd16_repeat3_run1.json
33000.0,33.0,,,304.595,sustained_rand_read_120s_qd16_repeat3,rand_read,1,results\external_ssd\sustained_rand_read_120s_qd16_repeat3\sustained_rand_read_120s_qd16_repeat3_run1.json
33026.0,33.026,173.744140625,44478.0,,sustained_rand_read_120s_qd16_repeat3,rand_read,1,results\external_ssd\sustained_rand_read_120s_qd16_repeat3\sustained_rand_read_120s_qd16_repeat3_run1.json
34000.0,34.0,,,307.755,sustained_rand_read_120s_qd16_repeat3,rand_read,1,results\external_ssd\sustained_rand_read_120s_qd16_repeat3\sustained_rand_read_120s_qd16_repeat3_run1.json
34027.0,34.027,172.6484375,44198.0,,sustained_rand_read_120s_qd16_repeat3,rand_read,1,results\external_ssd\sustained_rand_read_120s_qd16_repeat3\sustained_rand_read_120s_qd16_repeat3_run1.json
35000.0,35.0,,,312.79,sustained_rand_read_120s_qd16_repeat3,rand_read,1,results\external_ssd\sustained_rand_read_120s_qd16_repeat3\sustained_rand_read_120s_qd16_repeat3_run1.json
35028.0,35.028,164.3232421875,42066.0,,sustained_rand_read_120s_qd16_repeat3,rand_read,1,results\external_ssd\sustained_rand_read_120s_qd16_repeat3\sustained_rand_read_120s_qd16_repeat3_run1.json
36000.0,36.0,,,304.526,sustained_rand_read_120s_qd16_repeat3,rand_read,1,results\external_ssd\sustained_rand_read_120s_qd16_repeat3\sustained_rand_read_120s_qd16_repeat3_run1.json
36028.0,36.028,177.77734375,45511.0,,sustained_rand_read_120s_qd16_repeat3,rand_read,1,results\external_ssd\sustained_rand_read_120s_qd16_repeat3\sustained_rand_read_120s_qd16_repeat3_run1.json
37000.0,37.0,,,307.139,sustained_rand_read_120s_qd16_repeat3,rand_read,1,results\external_ssd\sustained_rand_read_120s_qd16_repeat3\sustained_rand_read_120s_qd16_repeat3_run1.json
37029.0,37.029,172.80078125,44237.0,,sustained_rand_read_120s_qd16_repeat3,rand_read,1,results\external_ssd\sustained_rand_read_120s_qd16_repeat3\sustained_rand_read_120s_qd16_repeat3_run1.json
38000.0,38.0,,,300.847,sustained_rand_read_120s_qd16_repeat3,rand_read,1,results\external_ssd\sustained_rand_read_120s_qd16_repeat3\sustained_rand_read_120s_qd16_repeat3_run1.json
38029.0,38.029,182.46484375,46711.0,,sustained_rand_read_120s_qd16_repeat3,rand_read,1,results\external_ssd\sustained_rand_read_120s_qd16_repeat3\sustained_rand_read_120s_qd16_repeat3_run1.json
39000.0,39.0,,,295.081,sustained_rand_read_120s_qd16_repeat3,rand_read,1,results\external_ssd\sustained_rand_read_120s_qd16_repeat3\sustained_rand_read_120s_qd16_repeat3_run1.json
39030.0,39.03,195.0234375,49926.0,,sustained_rand_read_120s_qd16_repeat3,rand_read,1,results\external_ssd\sustained_rand_read_120s_qd16_repeat3\sustained_rand_read_120s_qd16_repeat3_run1.json
40000.0,40.0,,,299.578,sustained_rand_read_120s_qd16_repeat3,rand_read,1,results\external_ssd\sustained_rand_read_120s_qd16_repeat3\sustained_rand_read_120s_qd16_repeat3_run1.json
40030.0,40.03,187.13671875,47907.0,,sustained_rand_read_120s_qd16_repeat3,rand_read,1,results\external_ssd\sustained_rand_read_120s_qd16_repeat3\sustained_rand_read_120s_qd16_repeat3_run1.json
41000.0,41.0,,,299.018,sustained_rand_read_120s_qd16_repeat3,rand_read,1,results\external_ssd\sustained_rand_read_120s_qd16_repeat3\sustained_rand_read_120s_qd16_repeat3_run1.json
41031.0,41.031,186.7890625,47818.0,,sustained_rand_read_120s_qd16_repeat3,rand_read,1,results\external_ssd\sustained_rand_read_120s_qd16_repeat3\sustained_rand_read_120s_qd16_repeat3_run1.json
42000.0,42.0,,,297.375,sustained_rand_read_120s_qd16_repeat3,rand_read,1,results\external_ssd\sustained_rand_read_120s_qd16_repeat3\sustained_rand_read_120s_qd16_repeat3_run1.json
42032.0,42.032,193.115234375,49437.0,,sustained_rand_read_120s_qd16_repeat3,rand_read,1,results\external_ssd\sustained_rand_read_120s_qd16_repeat3\sustained_rand_read_120s_qd16_repeat3_run1.json
43000.0,43.0,,,299.585,sustained_rand_read_120s_qd16_repeat3,rand_read,1,results\external_ssd\sustained_rand_read_120s_qd16_repeat3\sustained_rand_read_120s_qd16_repeat3_run1.json
43033.0,43.033,185.7861328125,47561.0,,sustained_rand_read_120s_qd16_repeat3,rand_read,1,results\external_ssd\sustained_rand_read_120s_qd16_repeat3\sustained_rand_read_120s_qd16_repeat3_run1.json
44000.0,44.0,,,304.096,sustained_rand_read_120s_qd16_repeat3,rand_read,1,results\external_ssd\sustained_rand_read_120s_qd16_repeat3\sustained_rand_read_120s_qd16_repeat3_run1.json
44033.0,44.033,181.42578125,46445.0,,sustained_rand_read_120s_qd16_repeat3,rand_read,1,results\external_ssd\sustained_rand_read_120s_qd16_repeat3\sustained_rand_read_120s_qd16_repeat3_run1.json
45000.0,45.0,,,294.479,sustained_rand_read_120s_qd16_repeat3,rand_read,1,results\external_ssd\sustained_rand_read_120s_qd16_repeat3\sustained_rand_read_120s_qd16_repeat3_run1.json
45034.0,45.034,195.8828125,50146.0,,sustained_rand_read_120s_qd16_repeat3,rand_read,1,results\external_ssd\sustained_rand_read_120s_qd16_repeat3\sustained_rand_read_120s_qd16_repeat3_run1.json
46000.0,46.0,,,299.468,sustained_rand_read_120s_qd16_repeat3,rand_read,1,results\external_ssd\sustained_rand_read_120s_qd16_repeat3\sustained_rand_read_120s_qd16_repeat3_run1.json
46034.0,46.034,187.28125,47944.0,,sustained_rand_read_120s_qd16_repeat3,rand_read,1,results\external_ssd\sustained_rand_read_120s_qd16_repeat3\sustained_rand_read_120s_qd16_repeat3_run1.json
47000.0,47.0,,,301.25,sustained_rand_read_120s_qd16_repeat3,rand_read,1,results\external_ssd\sustained_rand_read_120s_qd16_repeat3\sustained_rand_read_120s_qd16_repeat3_run1.json
47034.0,47.034,185.296875,47436.0,,sustained_rand_read_120s_qd16_repeat3,rand_read,1,results\external_ssd\sustained_rand_read_120s_qd16_repeat3\sustained_rand_read_120s_qd16_repeat3_run1.json
48000.0,48.0,,,296.153,sustained_rand_read_120s_qd16_repeat3,rand_read,1,results\external_ssd\sustained_rand_read_120s_qd16_repeat3\sustained_rand_read_120s_qd16_repeat3_run1.json
48034.0,48.034,194.04296875,49675.0,,sustained_rand_read_120s_qd16_repeat3,rand_read,1,results\external_ssd\sustained_rand_read_120s_qd16_repeat3\sustained_rand_read_120s_qd16_repeat3_run1.json
49000.0,49.0,,,304.872,sustained_rand_read_120s_qd16_repeat3,rand_read,1,results\external_ssd\sustained_rand_read_120s_qd16_repeat3\sustained_rand_read_120s_qd16_repeat3_run1.json
49035.0,49.035,183.484375,46972.0,,sustained_rand_read_120s_qd16_repeat3,rand_read,1,results\external_ssd\sustained_rand_read_120s_qd16_repeat3\sustained_rand_read_120s_qd16_repeat3_run1.json
50000.0,50.0,,,300.414,sustained_rand_read_120s_qd16_repeat3,rand_read,1,results\external_ssd\sustained_rand_read_120s_qd16_repeat3\sustained_rand_read_120s_qd16_repeat3_run1.json
50036.0,50.036,192.482421875,49275.0,,sustained_rand_read_120s_qd16_repeat3,rand_read,1,results\external_ssd\sustained_rand_read_120s_qd16_repeat3\sustained_rand_read_120s_qd16_repeat3_run1.json
51000.0,51.0,,,309.535,sustained_rand_read_120s_qd16_repeat3,rand_read,1,results\external_ssd\sustained_rand_read_120s_qd16_repeat3\sustained_rand_read_120s_qd16_repeat3_run1.json
51037.0,51.037,179.55859375,45967.0,,sustained_rand_read_120s_qd16_repeat3,rand_read,1,results\external_ssd\sustained_rand_read_120s_qd16_repeat3\sustained_rand_read_120s_qd16_repeat3_run1.json
52000.0,52.0,,,304.21,sustained_rand_read_120s_qd16_repeat3,rand_read,1,results\external_ssd\sustained_rand_read_120s_qd16_repeat3\sustained_rand_read_120s_qd16_repeat3_run1.json
52037.0,52.037,184.16015625,47145.0,,sustained_rand_read_120s_qd16_repeat3,rand_read,1,results\external_ssd\sustained_rand_read_120s_qd16_repeat3\sustained_rand_read_120s_qd16_repeat3_run1.json
53000.0,53.0,,,301.543,sustained_rand_read_120s_qd16_repeat3,rand_read,1,results\external_ssd\sustained_rand_read_120s_qd16_repeat3\sustained_rand_read_120s_qd16_repeat3_run1.json
53038.0,53.038,184.2568359375,47169.0,,sustained_rand_read_120s_qd16_repeat3,rand_read,1,results\external_ssd\sustained_rand_read_120s_qd16_repeat3\sustained_rand_read_120s_qd16_repeat3_run1.json
54000.0,54.0,,,306.476,sustained_rand_read_120s_qd16_repeat3,rand_read,1,results\external_ssd\sustained_rand_read_120s_qd16_repeat3\sustained_rand_read_120s_qd16_repeat3_run1.json
54039.0,54.039,175.6015625,44954.0,,sustained_rand_read_120s_qd16_repeat3,rand_read,1,results\external_ssd\sustained_rand_read_120s_qd16_repeat3\sustained_rand_read_120s_qd16_repeat3_run1.json
55000.0,55.0,,,313.207,sustained_rand_read_120s_qd16_repeat3,rand_read,1,results\external_ssd\sustained_rand_read_120s_qd16_repeat3\sustained_rand_read_120s_qd16_repeat3_run1.json
55040.0,55.04,167.48046875,42875.0,,sustained_rand_read_120s_qd16_repeat3,rand_read,1,results\external_ssd\sustained_rand_read_120s_qd16_repeat3\sustained_rand_read_120s_qd16_repeat3_run1.json
56000.0,56.0,,,305.851,sustained_rand_read_120s_qd16_repeat3,rand_read,1,results\external_ssd\sustained_rand_read_120s_qd16_repeat3\sustained_rand_read_120s_qd16_repeat3_run1.json
56040.0,56.04,182.1640625,46634.0,,sustained_rand_read_120s_qd16_repeat3,rand_read,1,results\external_ssd\sustained_rand_read_120s_qd16_repeat3\sustained_rand_read_120s_qd16_repeat3_run1.json
57000.0,57.0,,,308.477,sustained_rand_read_120s_qd16_repeat3,rand_read,1,results\external_ssd\sustained_rand_read_120s_qd16_repeat3\sustained_rand_read_120s_qd16_repeat3_run1.json
57040.0,57.04,175.34765625,44889.0,,sustained_rand_read_120s_qd16_repeat3,rand_read,1,results\external_ssd\sustained_rand_read_120s_qd16_repeat3\sustained_rand_read_120s_qd16_repeat3_run1.json
58000.0,58.0,,,309.368,sustained_rand_read_120s_qd16_repeat3,rand_read,1,results\external_ssd\sustained_rand_read_120s_qd16_repeat3\sustained_rand_read_120s_qd16_repeat3_run1.json
58041.0,58.041,175.1015625,44826.0,,sustained_rand_read_120s_qd16_repeat3,rand_read,1,results\external_ssd\sustained_rand_read_120s_qd16_repeat3\sustained_rand_read_120s_qd16_repeat3_run1.json
59000.0,59.0,,,294.895,sustained_rand_read_120s_qd16_repeat3,rand_read,1,results\external_ssd\sustained_rand_read_120s_qd16_repeat3\sustained_rand_read_120s_qd16_repeat3_run1.json
59042.0,59.042,196.1748046875,50220.0,,sustained_rand_read_120s_qd16_repeat3,rand_read,1,results\external_ssd\sustained_rand_read_120s_qd16_repeat3\sustained_rand_read_120s_qd16_repeat3_run1.json
60000.0,60.0,,,297.292,sustained_rand_read_120s_qd16_repeat3,rand_read,1,results\external_ssd\sustained_rand_read_120s_qd16_repeat3\sustained_rand_read_120s_qd16_repeat3_run1.json
60042.0,60.042,189.73046875,48571.0,,sustained_rand_read_120s_qd16_repeat3,rand_read,1,results\external_ssd\sustained_rand_read_120s_qd16_repeat3\sustained_rand_read_120s_qd16_repeat3_run1.json
61000.0,61.0,,,298.652,sustained_rand_read_120s_qd16_repeat3,rand_read,1,results\external_ssd\sustained_rand_read_120s_qd16_repeat3\sustained_rand_read_120s_qd16_repeat3_run1.json
61043.0,61.043,188.3125,48208.0,,sustained_rand_read_120s_qd16_repeat3,rand_read,1,results\external_ssd\sustained_rand_read_120s_qd16_repeat3\sustained_rand_read_120s_qd16_repeat3_run1.json
62000.0,62.0,,,296.895,sustained_rand_read_120s_qd16_repeat3,rand_read,1,results\external_ssd\sustained_rand_read_120s_qd16_repeat3\sustained_rand_read_120s_qd16_repeat3_run1.json
62043.0,62.043,190.2265625,48698.0,,sustained_rand_read_120s_qd16_repeat3,rand_read,1,results\external_ssd\sustained_rand_read_120s_qd16_repeat3\sustained_rand_read_120s_qd16_repeat3_run1.json
63000.0,63.0,,,314.784,sustained_rand_read_120s_qd16_repeat3,rand_read,1,results\external_ssd\sustained_rand_read_120s_qd16_repeat3\sustained_rand_read_120s_qd16_repeat3_run1.json
63044.0,63.044,160.62109375,41119.0,,sustained_rand_read_120s_qd16_repeat3,rand_read,1,results\external_ssd\sustained_rand_read_120s_qd16_repeat3\sustained_rand_read_120s_qd16_repeat3_run1.json
64000.0,64.0,,,314.464,sustained_rand_read_120s_qd16_repeat3,rand_read,1,results\external_ssd\sustained_rand_read_120s_qd16_repeat3\sustained_rand_read_120s_qd16_repeat3_run1.json
64045.0,64.045,163.1953125,41778.0,,sustained_rand_read_120s_qd16_repeat3,rand_read,1,results\external_ssd\sustained_rand_read_120s_qd16_repeat3\sustained_rand_read_120s_qd16_repeat3_run1.json
65000.0,65.0,,,315.256,sustained_rand_read_120s_qd16_repeat3,rand_read,1,results\external_ssd\sustained_rand_read_120s_qd16_repeat3\sustained_rand_read_120s_qd16_repeat3_run1.json
65046.0,65.046,162.09765625,41497.0,,sustained_rand_read_120s_qd16_repeat3,rand_read,1,results\external_ssd\sustained_rand_read_120s_qd16_repeat3\sustained_rand_read_120s_qd16_repeat3_run1.json
66000.0,66.0,,,312.321,sustained_rand_read_120s_qd16_repeat3,rand_read,1,results\external_ssd\sustained_rand_read_120s_qd16_repeat3\sustained_rand_read_120s_qd16_repeat3_run1.json
66046.0,66.046,165.7890625,42442.0,,sustained_rand_read_120s_qd16_repeat3,rand_read,1,results\external_ssd\sustained_rand_read_120s_qd16_repeat3\sustained_rand_read_120s_qd16_repeat3_run1.json
67000.0,67.0,,,297.991,sustained_rand_read_120s_qd16_repeat3,rand_read,1,results\external_ssd\sustained_rand_read_120s_qd16_repeat3\sustained_rand_read_120s_qd16_repeat3_run1.json
67047.0,67.047,193.138671875,49443.0,,sustained_rand_read_120s_qd16_repeat3,rand_read,1,results\external_ssd\sustained_rand_read_120s_qd16_repeat3\sustained_rand_read_120s_qd16_repeat3_run1.json
68000.0,68.0,,,301.264,sustained_rand_read_120s_qd16_repeat3,rand_read,1,results\external_ssd\sustained_rand_read_120s_qd16_repeat3\sustained_rand_read_120s_qd16_repeat3_run1.json
68048.0,68.048,184.59765625,47257.0,,sustained_rand_read_120s_qd16_repeat3,rand_read,1,results\external_ssd\sustained_rand_read_120s_qd16_repeat3\sustained_rand_read_120s_qd16_repeat3_run1.json
69000.0,69.0,,,299.173,sustained_rand_read_120s_qd16_repeat3,rand_read,1,results\external_ssd\sustained_rand_read_120s_qd16_repeat3\sustained_rand_read_120s_qd16_repeat3_run1.json
69048.0,69.048,187.60546875,48027.0,,sustained_rand_read_120s_qd16_repeat3,rand_read,1,results\external_ssd\sustained_rand_read_120s_qd16_repeat3\sustained_rand_read_120s_qd16_repeat3_run1.json
70000.0,70.0,,,296.018,sustained_rand_read_120s_qd16_repeat3,rand_read,1,results\external_ssd\sustained_rand_read_120s_qd16_repeat3\sustained_rand_read_120s_qd16_repeat3_run1.json
70049.0,70.049,195.24609375,49983.0,,sustained_rand_read_120s_qd16_repeat3,rand_read,1,results\external_ssd\sustained_rand_read_120s_qd16_repeat3\sustained_rand_read_120s_qd16_repeat3_run1.json
71000.0,71.0,,,302.399,sustained_rand_read_120s_qd16_repeat3,rand_read,1,results\external_ssd\sustained_rand_read_120s_qd16_repeat3\sustained_rand_read_120s_qd16_repeat3_run1.json
71049.0,71.049,181.05859375,46351.0,,sustained_rand_read_120s_qd16_repeat3,rand_read,1,results\external_ssd\sustained_rand_read_120s_qd16_repeat3\sustained_rand_read_120s_qd16_repeat3_run1.json
72000.0,72.0,,,301.05,sustained_rand_read_120s_qd16_repeat3,rand_read,1,results\external_ssd\sustained_rand_read_120s_qd16_repeat3\sustained_rand_read_120s_qd16_repeat3_run1.json
72049.0,72.049,186.93359375,47855.0,,sustained_rand_read_120s_qd16_repeat3,rand_read,1,results\external_ssd\sustained_rand_read_120s_qd16_repeat3\sustained_rand_read_120s_qd16_repeat3_run1.json
73000.0,73.0,,,296.713,sustained_rand_read_120s_qd16_repeat3,rand_read,1,results\external_ssd\sustained_rand_read_120s_qd16_repeat3\sustained_rand_read_120s_qd16_repeat3_run1.json
73050.0,73.05,194.3134765625,49744.0,,sustained_rand_read_120s_qd16_repeat3,rand_read,1,results\external_ssd\sustained_rand_read_120s_qd16_repeat3\sustained_rand_read_120s_qd16_repeat3_run1.json
74000.0,74.0,,,303.284,sustained_rand_read_120s_qd16_repeat3,rand_read,1,results\external_ssd\sustained_rand_read_120s_qd16_repeat3\sustained_rand_read_120s_qd16_repeat3_run1.json
74051.0,74.051,179.05078125,45837.0,,sustained_rand_read_120s_qd16_repeat3,rand_read,1,results\external_ssd\sustained_rand_read_120s_qd16_repeat3\sustained_rand_read_120s_qd16_repeat3_run1.json
75000.0,75.0,,,307.4,sustained_rand_read_120s_qd16_repeat3,rand_read,1,results\external_ssd\sustained_rand_read_120s_qd16_repeat3\sustained_rand_read_120s_qd16_repeat3_run1.json
75051.0,75.051,173.3671875,44382.0,,sustained_rand_read_120s_qd16_repeat3,rand_read,1,results\external_ssd\sustained_rand_read_120s_qd16_repeat3\sustained_rand_read_120s_qd16_repeat3_run1.json
76000.0,76.0,,,303.679,sustained_rand_read_120s_qd16_repeat3,rand_read,1,results\external_ssd\sustained_rand_read_120s_qd16_repeat3\sustained_rand_read_120s_qd16_repeat3_run1.json
76051.0,76.051,179.84375,46040.0,,sustained_rand_read_120s_qd16_repeat3,rand_read,1,results\external_ssd\sustained_rand_read_120s_qd16_repeat3\sustained_rand_read_120s_qd16_repeat3_run1.json
77000.0,77.0,,,308.117,sustained_rand_read_120s_qd16_repeat3,rand_read,1,results\external_ssd\sustained_rand_read_120s_qd16_repeat3\sustained_rand_read_120s_qd16_repeat3_run1.json
77051.0,77.051,172.4375,44144.0,,sustained_rand_read_120s_qd16_repeat3,rand_read,1,results\external_ssd\sustained_rand_read_120s_qd16_repeat3\sustained_rand_read_120s_qd16_repeat3_run1.json
78000.0,78.0,,,296.875,sustained_rand_read_120s_qd16_repeat3,rand_read,1,results\external_ssd\sustained_rand_read_120s_qd16_repeat3\sustained_rand_read_120s_qd16_repeat3_run1.json
78052.0,78.052,189.62109375,48543.0,,sustained_rand_read_120s_qd16_repeat3,rand_read,1,results\external_ssd\sustained_rand_read_120s_qd16_repeat3\sustained_rand_read_120s_qd16_repeat3_run1.json
79000.0,79.0,,,300.407,sustained_rand_read_120s_qd16_repeat3,rand_read,1,results\external_ssd\sustained_rand_read_120s_qd16_repeat3\sustained_rand_read_120s_qd16_repeat3_run1.json
79053.0,79.053,186.2626953125,47683.0,,sustained_rand_read_120s_qd16_repeat3,rand_read,1,results\external_ssd\sustained_rand_read_120s_qd16_repeat3\sustained_rand_read_120s_qd16_repeat3_run1.json
80000.0,80.0,,,300.712,sustained_rand_read_120s_qd16_repeat3,rand_read,1,results\external_ssd\sustained_rand_read_120s_qd16_repeat3\sustained_rand_read_120s_qd16_repeat3_run1.json
80053.0,80.053,185.7265625,47546.0,,sustained_rand_read_120s_qd16_repeat3,rand_read,1,results\external_ssd\sustained_rand_read_120s_qd16_repeat3\sustained_rand_read_120s_qd16_repeat3_run1.json
81000.0,81.0,,,297.86,sustained_rand_read_120s_qd16_repeat3,rand_read,1,results\external_ssd\sustained_rand_read_120s_qd16_repeat3\sustained_rand_read_120s_qd16_repeat3_run1.json
81054.0,81.054,189.6875,48560.0,,sustained_rand_read_120s_qd16_repeat3,rand_read,1,results\external_ssd\sustained_rand_read_120s_qd16_repeat3\sustained_rand_read_120s_qd16_repeat3_run1.json
82000.0,82.0,,,297.285,sustained_rand_read_120s_qd16_repeat3,rand_read,1,results\external_ssd\sustained_rand_read_120s_qd16_repeat3\sustained_rand_read_120s_qd16_repeat3_run1.json
82054.0,82.054,189.57421875,48531.0,,sustained_rand_read_120s_qd16_repeat3,rand_read,1,results\external_ssd\sustained_rand_read_120s_qd16_repeat3\sustained_rand_read_120s_qd16_repeat3_run1.json
83000.0,83.0,,,298.098,sustained_rand_read_120s_qd16_repeat3,rand_read,1,results\external_ssd\sustained_rand_read_120s_qd16_repeat3\sustained_rand_read_120s_qd16_repeat3_run1.json
83055.0,83.055,190.1484375,48678.0,,sustained_rand_read_120s_qd16_repeat3,rand_read,1,results\external_ssd\sustained_rand_read_120s_qd16_repeat3\sustained_rand_read_120s_qd16_repeat3_run1.json
84000.0,84.0,,,300.894,sustained_rand_read_120s_qd16_repeat3,rand_read,1,results\external_ssd\sustained_rand_read_120s_qd16_repeat3\sustained_rand_read_120s_qd16_repeat3_run1.json
84055.0,84.055,185.8046875,47566.0,,sustained_rand_read_120s_qd16_repeat3,rand_read,1,results\external_ssd\sustained_rand_read_120s_qd16_repeat3\sustained_rand_read_120s_qd16_repeat3_run1.json
85000.0,85.0,,,306.177,sustained_rand_read_120s_qd16_repeat3,rand_read,1,results\external_ssd\sustained_rand_read_120s_qd16_repeat3\sustained_rand_read_120s_qd16_repeat3_run1.json
85056.0,85.056,184.9765625,47354.0,,sustained_rand_read_120s_qd16_repeat3,rand_read,1,results\external_ssd\sustained_rand_read_120s_qd16_repeat3\sustained_rand_read_120s_qd16_repeat3_run1.json
86000.0,86.0,,,302.589,sustained_rand_read_120s_qd16_repeat3,rand_read,1,results\external_ssd\sustained_rand_read_120s_qd16_repeat3\sustained_rand_read_120s_qd16_repeat3_run1.json
86056.0,86.056,186.3046875,47694.0,,sustained_rand_read_120s_qd16_repeat3,rand_read,1,results\external_ssd\sustained_rand_read_120s_qd16_repeat3\sustained_rand_read_120s_qd16_repeat3_run1.json
87000.0,87.0,,,301.489,sustained_rand_read_120s_qd16_repeat3,rand_read,1,results\external_ssd\sustained_rand_read_120s_qd16_repeat3\sustained_rand_read_120s_qd16_repeat3_run1.json
87057.0,87.057,186.59375,47768.0,,sustained_rand_read_120s_qd16_repeat3,rand_read,1,results\external_ssd\sustained_rand_read_120s_qd16_repeat3\sustained_rand_read_120s_qd16_repeat3_run1.json
88000.0,88.0,,,313.777,sustained_rand_read_120s_qd16_repeat3,rand_read,1,results\external_ssd\sustained_rand_read_120s_qd16_repeat3\sustained_rand_read_120s_qd16_repeat3_run1.json
88057.0,88.057,166.82421875,42707.0,,sustained_rand_read_120s_qd16_repeat3,rand_read,1,results\external_ssd\sustained_rand_read_120s_qd16_repeat3\sustained_rand_read_120s_qd16_repeat3_run1.json
89000.0,89.0,,,305.802,sustained_rand_read_120s_qd16_repeat3,rand_read,1,results\external_ssd\sustained_rand_read_120s_qd16_repeat3\sustained_rand_read_120s_qd16_repeat3_run1.json
89058.0,89.058,176.845703125,45272.0,,sustained_rand_read_120s_qd16_repeat3,rand_read,1,results\external_ssd\sustained_rand_read_120s_qd16_repeat3\sustained_rand_read_120s_qd16_repeat3_run1.json
90000.0,90.0,,,305.403,sustained_rand_read_120s_qd16_repeat3,rand_read,1,results\external_ssd\sustained_rand_read_120s_qd16_repeat3\sustained_rand_read_120s_qd16_repeat3_run1.json
90059.0,90.059,181.607421875,46491.0,,sustained_rand_read_120s_qd16_repeat3,rand_read,1,results\external_ssd\sustained_rand_read_120s_qd16_repeat3\sustained_rand_read_120s_qd16_repeat3_run1.json
91000.0,91.0,,,306.527,sustained_rand_read_120s_qd16_repeat3,rand_read,1,results\external_ssd\sustained_rand_read_120s_qd16_repeat3\sustained_rand_read_120s_qd16_repeat3_run1.json
91059.0,91.059,183.3671875,46942.0,,sustained_rand_read_120s_qd16_repeat3,rand_read,1,results\external_ssd\sustained_rand_read_120s_qd16_repeat3\sustained_rand_read_120s_qd16_repeat3_run1.json
92000.0,92.0,,,300.941,sustained_rand_read_120s_qd16_repeat3,rand_read,1,results\external_ssd\sustained_rand_read_120s_qd16_repeat3\sustained_rand_read_120s_qd16_repeat3_run1.json
92060.0,92.06,186.8046875,47822.0,,sustained_rand_read_120s_qd16_repeat3,rand_read,1,results\external_ssd\sustained_rand_read_120s_qd16_repeat3\sustained_rand_read_120s_qd16_repeat3_run1.json
93000.0,93.0,,,309.181,sustained_rand_read_120s_qd16_repeat3,rand_read,1,results\external_ssd\sustained_rand_read_120s_qd16_repeat3\sustained_rand_read_120s_qd16_repeat3_run1.json
93060.0,93.06,173.421875,44396.0,,sustained_rand_read_120s_qd16_repeat3,rand_read,1,results\external_ssd\sustained_rand_read_120s_qd16_repeat3\sustained_rand_read_120s_qd16_repeat3_run1.json
94000.0,94.0,,,309.557,sustained_rand_read_120s_qd16_repeat3,rand_read,1,results\external_ssd\sustained_rand_read_120s_qd16_repeat3\sustained_rand_read_120s_qd16_repeat3_run1.json
94060.0,94.06,171.28125,43848.0,,sustained_rand_read_120s_qd16_repeat3,rand_read,1,results\external_ssd\sustained_rand_read_120s_qd16_repeat3\sustained_rand_read_120s_qd16_repeat3_run1.json
95000.0,95.0,,,310.466,sustained_rand_read_120s_qd16_repeat3,rand_read,1,results\external_ssd\sustained_rand_read_120s_qd16_repeat3\sustained_rand_read_120s_qd16_repeat3_run1.json
95061.0,95.061,169.236328125,43324.0,,sustained_rand_read_120s_qd16_repeat3,rand_read,1,results\external_ssd\sustained_rand_read_120s_qd16_repeat3\sustained_rand_read_120s_qd16_repeat3_run1.json
96000.0,96.0,,,309.634,sustained_rand_read_120s_qd16_repeat3,rand_read,1,results\external_ssd\sustained_rand_read_120s_qd16_repeat3\sustained_rand_read_120s_qd16_repeat3_run1.json
96061.0,96.061,171.6015625,43930.0,,sustained_rand_read_120s_qd16_repeat3,rand_read,1,results\external_ssd\sustained_rand_read_120s_qd16_repeat3\sustained_rand_read_120s_qd16_repeat3_run1.json
97000.0,97.0,,,307.497,sustained_rand_read_120s_qd16_repeat3,rand_read,1,results\external_ssd\sustained_rand_read_120s_qd16_repeat3\sustained_rand_read_120s_qd16_repeat3_run1.json
97062.0,97.062,175.7734375,44998.0,,sustained_rand_read_120s_qd16_repeat3,rand_read,1,results\external_ssd\sustained_rand_read_120s_qd16_repeat3\sustained_rand_read_120s_qd16_repeat3_run1.json
98000.0,98.0,,,302.632,sustained_rand_read_120s_qd16_repeat3,rand_read,1,results\external_ssd\sustained_rand_read_120s_qd16_repeat3\sustained_rand_read_120s_qd16_repeat3_run1.json
98062.0,98.062,180.4453125,46194.0,,sustained_rand_read_120s_qd16_repeat3,rand_read,1,results\external_ssd\sustained_rand_read_120s_qd16_repeat3\sustained_rand_read_120s_qd16_repeat3_run1.json
99000.0,99.0,,,298.492,sustained_rand_read_120s_qd16_repeat3,rand_read,1,results\external_ssd\sustained_rand_read_120s_qd16_repeat3\sustained_rand_read_120s_qd16_repeat3_run1.json
99062.0,99.062,190.17578125,48685.0,,sustained_rand_read_120s_qd16_repeat3,rand_read,1,results\external_ssd\sustained_rand_read_120s_qd16_repeat3\sustained_rand_read_120s_qd16_repeat3_run1.json
100000.0,100.0,,,304.363,sustained_rand_read_120s_qd16_repeat3,rand_read,1,results\external_ssd\sustained_rand_read_120s_qd16_repeat3\sustained_rand_read_120s_qd16_repeat3_run1.json
100064.0,100.064,182.98828125,46845.0,,sustained_rand_read_120s_qd16_repeat3,rand_read,1,results\external_ssd\sustained_rand_read_120s_qd16_repeat3\sustained_rand_read_120s_qd16_repeat3_run1.json
101000.0,101.0,,,298.47,sustained_rand_read_120s_qd16_repeat3,rand_read,1,results\external_ssd\sustained_rand_read_120s_qd16_repeat3\sustained_rand_read_120s_qd16_repeat3_run1.json
101065.0,101.065,193.49609375,49535.0,,sustained_rand_read_120s_qd16_repeat3,rand_read,1,results\external_ssd\sustained_rand_read_120s_qd16_repeat3\sustained_rand_read_120s_qd16_repeat3_run1.json
102000.0,102.0,,,305.631,sustained_rand_read_120s_qd16_repeat3,rand_read,1,results\external_ssd\sustained_rand_read_120s_qd16_repeat3\sustained_rand_read_120s_qd16_repeat3_run1.json
102066.0,102.066,177.474609375,45433.0,,sustained_rand_read_120s_qd16_repeat3,rand_read,1,results\external_ssd\sustained_rand_read_120s_qd16_repeat3\sustained_rand_read_120s_qd16_repeat3_run1.json
103000.0,103.0,,,306.331,sustained_rand_read_120s_qd16_repeat3,rand_read,1,results\external_ssd\sustained_rand_read_120s_qd16_repeat3\sustained_rand_read_120s_qd16_repeat3_run1.json
103066.0,103.066,174.20703125,44597.0,,sustained_rand_read_120s_qd16_repeat3,rand_read,1,results\external_ssd\sustained_rand_read_120s_qd16_repeat3\sustained_rand_read_120s_qd16_repeat3_run1.json
104000.0,104.0,,,300.761,sustained_rand_read_120s_qd16_repeat3,rand_read,1,results\external_ssd\sustained_rand_read_120s_qd16_repeat3\sustained_rand_read_120s_qd16_repeat3_run1.json
104066.0,104.066,185.28515625,47433.0,,sustained_rand_read_120s_qd16_repeat3,rand_read,1,results\external_ssd\sustained_rand_read_120s_qd16_repeat3\sustained_rand_read_120s_qd16_repeat3_run1.json
105000.0,105.0,,,309.953,sustained_rand_read_120s_qd16_repeat3,rand_read,1,results\external_ssd\sustained_rand_read_120s_qd16_repeat3\sustained_rand_read_120s_qd16_repeat3_run1.json
105067.0,105.067,169.984375,43516.0,,sustained_rand_read_120s_qd16_repeat3,rand_read,1,results\external_ssd\sustained_rand_read_120s_qd16_repeat3\sustained_rand_read_120s_qd16_repeat3_run1.json
106000.0,106.0,,,307.287,sustained_rand_read_120s_qd16_repeat3,rand_read,1,results\external_ssd\sustained_rand_read_120s_qd16_repeat3\sustained_rand_read_120s_qd16_repeat3_run1.json
106067.0,106.067,179.97265625,46073.0,,sustained_rand_read_120s_qd16_repeat3,rand_read,1,results\external_ssd\sustained_rand_read_120s_qd16_repeat3\sustained_rand_read_120s_qd16_repeat3_run1.json
107000.0,107.0,,,301.498,sustained_rand_read_120s_qd16_repeat3,rand_read,1,results\external_ssd\sustained_rand_read_120s_qd16_repeat3\sustained_rand_read_120s_qd16_repeat3_run1.json
107068.0,107.068,187.546875,48012.0,,sustained_rand_read_120s_qd16_repeat3,rand_read,1,results\external_ssd\sustained_rand_read_120s_qd16_repeat3\sustained_rand_read_120s_qd16_repeat3_run1.json
108000.0,108.0,,,308.981,sustained_rand_read_120s_qd16_repeat3,rand_read,1,results\external_ssd\sustained_rand_read_120s_qd16_repeat3\sustained_rand_read_120s_qd16_repeat3_run1.json
108069.0,108.069,176.3623046875,45148.0,,sustained_rand_read_120s_qd16_repeat3,rand_read,1,results\external_ssd\sustained_rand_read_120s_qd16_repeat3\sustained_rand_read_120s_qd16_repeat3_run1.json
109000.0,109.0,,,280.25,sustained_rand_read_120s_qd16_repeat3,rand_read,1,results\external_ssd\sustained_rand_read_120s_qd16_repeat3\sustained_rand_read_120s_qd16_repeat3_run1.json
109070.0,109.07,196.1943359375,50225.0,,sustained_rand_read_120s_qd16_repeat3,rand_read,1,results\external_ssd\sustained_rand_read_120s_qd16_repeat3\sustained_rand_read_120s_qd16_repeat3_run1.json
110000.0,110.0,,,285.074,sustained_rand_read_120s_qd16_repeat3,rand_read,1,results\external_ssd\sustained_rand_read_120s_qd16_repeat3\sustained_rand_read_120s_qd16_repeat3_run1.json
110071.0,110.071,181.373046875,46431.0,,sustained_rand_read_120s_qd16_repeat3,rand_read,1,results\external_ssd\sustained_rand_read_120s_qd16_repeat3\sustained_rand_read_120s_qd16_repeat3_run1.json
111000.0,111.0,,,291.998,sustained_rand_read_120s_qd16_repeat3,rand_read,1,results\external_ssd\sustained_rand_read_120s_qd16_repeat3\sustained_rand_read_120s_qd16_repeat3_run1.json
111071.0,111.071,173.671875,44460.0,,sustained_rand_read_120s_qd16_repeat3,rand_read,1,results\external_ssd\sustained_rand_read_120s_qd16_repeat3\sustained_rand_read_120s_qd16_repeat3_run1.json
112000.0,112.0,,,224.847,sustained_rand_read_120s_qd16_repeat3,rand_read,1,results\external_ssd\sustained_rand_read_120s_qd16_repeat3\sustained_rand_read_120s_qd16_repeat3_run1.json
112072.0,112.072,192.23046875,49211.0,,sustained_rand_read_120s_qd16_repeat3,rand_read,1,results\external_ssd\sustained_rand_read_120s_qd16_repeat3\sustained_rand_read_120s_qd16_repeat3_run1.json
113000.0,113.0,,,341.405,sustained_rand_read_120s_qd16_repeat3,rand_read,1,results\external_ssd\sustained_rand_read_120s_qd16_repeat3\sustained_rand_read_120s_qd16_repeat3_run1.json
113073.0,113.073,139.1875,35632.0,,sustained_rand_read_120s_qd16_repeat3,rand_read,1,results\external_ssd\sustained_rand_read_120s_qd16_repeat3\sustained_rand_read_120s_qd16_repeat3_run1.json
114000.0,114.0,,,354.433,sustained_rand_read_120s_qd16_repeat3,rand_read,1,results\external_ssd\sustained_rand_read_120s_qd16_repeat3\sustained_rand_read_120s_qd16_repeat3_run1.json
114074.0,114.074,137.2333984375,35131.0,,sustained_rand_read_120s_qd16_repeat3,rand_read,1,results\external_ssd\sustained_rand_read_120s_qd16_repeat3\sustained_rand_read_120s_qd16_repeat3_run1.json
115000.0,115.0,,,348.262,sustained_rand_read_120s_qd16_repeat3,rand_read,1,results\external_ssd\sustained_rand_read_120s_qd16_repeat3\sustained_rand_read_120s_qd16_repeat3_run1.json
115074.0,115.074,141.75390625,36289.0,,sustained_rand_read_120s_qd16_repeat3,rand_read,1,results\external_ssd\sustained_rand_read_120s_qd16_repeat3\sustained_rand_read_120s_qd16_repeat3_run1.json
116000.0,116.0,,,313.088,sustained_rand_read_120s_qd16_repeat3,rand_read,1,results\external_ssd\sustained_rand_read_120s_qd16_repeat3\sustained_rand_read_120s_qd16_repeat3_run1.json
116076.0,116.076,167.4765625,42874.0,,sustained_rand_read_120s_qd16_repeat3,rand_read,1,results\external_ssd\sustained_rand_read_120s_qd16_repeat3\sustained_rand_read_120s_qd16_repeat3_run1.json
117000.0,117.0,,,313.912,sustained_rand_read_120s_qd16_repeat3,rand_read,1,results\external_ssd\sustained_rand_read_120s_qd16_repeat3\sustained_rand_read_120s_qd16_repeat3_run1.json
117076.0,117.076,164.8671875,42206.0,,sustained_rand_read_120s_qd16_repeat3,rand_read,1,results\external_ssd\sustained_rand_read_120s_qd16_repeat3\sustained_rand_read_120s_qd16_repeat3_run1.json
118000.0,118.0,,,324.212,sustained_rand_read_120s_qd16_repeat3,rand_read,1,results\external_ssd\sustained_rand_read_120s_qd16_repeat3\sustained_rand_read_120s_qd16_repeat3_run1.json
118076.0,118.076,154.0859375,39446.0,,sustained_rand_read_120s_qd16_repeat3,rand_read,1,results\external_ssd\sustained_rand_read_120s_qd16_repeat3\sustained_rand_read_120s_qd16_repeat3_run1.json
119000.0,119.0,,,318.871,sustained_rand_read_120s_qd16_repeat3,rand_read,1,results\external_ssd\sustained_rand_read_120s_qd16_repeat3\sustained_rand_read_120s_qd16_repeat3_run1.json
119076.0,119.076,159.58984375,40855.0,,sustained_rand_read_120s_qd16_repeat3,rand_read,1,results\external_ssd\sustained_rand_read_120s_qd16_repeat3\sustained_rand_read_120s_qd16_repeat3_run1.json
120000.0,120.0,,,318.54,sustained_rand_read_120s_qd16_repeat3,rand_read,1,results\external_ssd\sustained_rand_read_120s_qd16_repeat3\sustained_rand_read_120s_qd16_repeat3_run1.json
120000.0,120.0,,,415.255,sustained_rand_read_120s_qd16_repeat3,rand_read,1,results\external_ssd\sustained_rand_read_120s_qd16_repeat3\sustained_rand_read_120s_qd16_repeat3_run1.json
120077.0,120.077,147.59375,37784.0,,sustained_rand_read_120s_qd16_repeat3,rand_read,1,results\external_ssd\sustained_rand_read_120s_qd16_repeat3\sustained_rand_read_120s_qd16_repeat3_run1.json
1000.0,1.0,,,339.901,sustained_rand_read_120s_qd16_repeat3,rand_read,2,results\external_ssd\sustained_rand_read_120s_qd16_repeat3\sustained_rand_read_120s_qd16_repeat3_run2.json
1002.0,1.002,143.8994140625,36838.0,,sustained_rand_read_120s_qd16_repeat3,rand_read,2,results\external_ssd\sustained_rand_read_120s_qd16_repeat3\sustained_rand_read_120s_qd16_repeat3_run2.json
2000.0,2.0,,,383.46,sustained_rand_read_120s_qd16_repeat3,rand_read,2,results\external_ssd\sustained_rand_read_120s_qd16_repeat3\sustained_rand_read_120s_qd16_repeat3_run2.json
2019.0,2.019,118.3212890625,30290.0,,sustained_rand_read_120s_qd16_repeat3,rand_read,2,results\external_ssd\sustained_rand_read_120s_qd16_repeat3\sustained_rand_read_120s_qd16_repeat3_run2.json
3000.0,3.0,,,413.805,sustained_rand_read_120s_qd16_repeat3,rand_read,2,results\external_ssd\sustained_rand_read_120s_qd16_repeat3\sustained_rand_read_120s_qd16_repeat3_run2.json
3255.0,3.255,106.3056640625,27214.0,,sustained_rand_read_120s_qd16_repeat3,rand_read,2,results\external_ssd\sustained_rand_read_120s_qd16_repeat3\sustained_rand_read_120s_qd16_repeat3_run2.json
4000.0,4.0,,,368.927,sustained_rand_read_120s_qd16_repeat3,rand_read,2,results\external_ssd\sustained_rand_read_120s_qd16_repeat3\sustained_rand_read_120s_qd16_repeat3_run2.json
4255.0,4.255,132.2265625,33850.0,,sustained_rand_read_120s_qd16_repeat3,rand_read,2,results\external_ssd\sustained_rand_read_120s_qd16_repeat3\sustained_rand_read_120s_qd16_repeat3_run2.json
5000.0,5.0,,,379.969,sustained_rand_read_120s_qd16_repeat3,rand_read,2,results\external_ssd\sustained_rand_read_120s_qd16_repeat3\sustained_rand_read_120s_qd16_repeat3_run2.json
5255.0,5.255,121.53125,31112.0,,sustained_rand_read_120s_qd16_repeat3,rand_read,2,results\external_ssd\sustained_rand_read_120s_qd16_repeat3\sustained_rand_read_120s_qd16_repeat3_run2.json
6000.0,6.0,,,334.081,sustained_rand_read_120s_qd16_repeat3,rand_read,2,results\external_ssd\sustained_rand_read_120s_qd16_repeat3\sustained_rand_read_120s_qd16_repeat3_run2.json
6256.0,6.256,149.2177734375,38199.0,,sustained_rand_read_120s_qd16_repeat3,rand_read,2,results\external_ssd\sustained_rand_read_120s_qd16_repeat3\sustained_rand_read_120s_qd16_repeat3_run2.json
7000.0,7.0,,,350.696,sustained_rand_read_120s_qd16_repeat3,rand_read,2,results\external_ssd\sustained_rand_read_120s_qd16_repeat3\sustained_rand_read_120s_qd16_repeat3_run2.json
7258.0,7.258,134.8330078125,34517.0,,sustained_rand_read_120s_qd16_repeat3,rand_read,2,results\external_ssd\sustained_rand_read_120s_qd16_repeat3\sustained_rand_read_120s_qd16_repeat3_run2.json
8000.0,8.0,,,325.621,sustained_rand_read_120s_qd16_repeat3,rand_read,2,results\external_ssd\sustained_rand_read_120s_qd16_repeat3\sustained_rand_read_120s_qd16_repeat3_run2.json
8259.0,8.259,155.296875,39756.0,,sustained_rand_read_120s_qd16_repeat3,rand_read,2,results\external_ssd\sustained_rand_read_120s_qd16_repeat3\sustained_rand_read_120s_qd16_repeat3_run2.json
9000.0,9.0,,,320.776,sustained_rand_read_120s_qd16_repeat3,rand_read,2,results\external_ssd\sustained_rand_read_120s_qd16_repeat3\sustained_rand_read_120s_qd16_repeat3_run2.json
9259.0,9.259,155.171875,39726.0,,sustained_rand_read_120s_qd16_repeat3,rand_read,2,results\external_ssd\sustained_rand_read_120s_qd16_repeat3\sustained_rand_read_120s_qd16_repeat3_run2.json
10000.0,10.0,,,314.344,sustained_rand_read_120s_qd16_repeat3,rand_read,2,results\external_ssd\sustained_rand_read_120s_qd16_repeat3\sustained_rand_read_120s_qd16_repeat3_run2.json
10260.0,10.26,165.8125,42448.0,,sustained_rand_read_120s_qd16_repeat3,rand_read,2,results\external_ssd\sustained_rand_read_120s_qd16_repeat3\sustained_rand_read_120s_qd16_repeat3_run2.json
11001.0,11.001,,,403.737,sustained_rand_read_120s_qd16_repeat3,rand_read,2,results\external_ssd\sustained_rand_read_120s_qd16_repeat3\sustained_rand_read_120s_qd16_repeat3_run2.json
11261.0,11.261,105.5302734375,27015.0,,sustained_rand_read_120s_qd16_repeat3,rand_read,2,results\external_ssd\sustained_rand_read_120s_qd16_repeat3\sustained_rand_read_120s_qd16_repeat3_run2.json
12000.0,12.0,,,384.869,sustained_rand_read_120s_qd16_repeat3,rand_read,2,results\external_ssd\sustained_rand_read_120s_qd16_repeat3\sustained_rand_read_120s_qd16_repeat3_run2.json
12261.0,12.261,112.40234375,28775.0,,sustained_rand_read_120s_qd16_repeat3,rand_read,2,results\external_ssd\sustained_rand_read_120s_qd16_repeat3\sustained_rand_read_120s_qd16_repeat3_run2.json
13000.0,13.0,,,396.77,sustained_rand_read_120s_qd16_repeat3,rand_read,2,results\external_ssd\sustained_rand_read_120s_qd16_repeat3\sustained_rand_read_120s_qd16_repeat3_run2.json
13263.0,13.263,133.892578125,34276.0,,sustained_rand_read_120s_qd16_repeat3,rand_read,2,results\external_ssd\sustained_rand_read_120s_qd16_repeat3\sustained_rand_read_120s_qd16_repeat3_run2.json
14000.0,14.0,,,335.86,sustained_rand_read_120s_qd16_repeat3,rand_read,2,results\external_ssd\sustained_rand_read_120s_qd16_repeat3\sustained_rand_read_120s_qd16_repeat3_run2.json
14264.0,14.264,148.2890625,37962.0,,sustained_rand_read_120s_qd16_repeat3,rand_read,2,results\external_ssd\sustained_rand_read_120s_qd16_repeat3\sustained_rand_read_120s_qd16_repeat3_run2.json
15000.0,15.0,,,346.794,sustained_rand_read_120s_qd16_repeat3,rand_read,2,results\external_ssd\sustained_rand_read_120s_qd16_repeat3\sustained_rand_read_120s_qd16_repeat3_run2.json
15264.0,15.264,131.23828125,33597.0,,sustained_rand_read_120s_qd16_repeat3,rand_read,2,results\external_ssd\sustained_rand_read_120s_qd16_repeat3\sustained_rand_read_120s_qd16_repeat3_run2.json
16000.0,16.0,,,364.983,sustained_rand_read_120s_qd16_repeat3,rand_read,2,results\external_ssd\sustained_rand_read_120s_qd16_repeat3\sustained_rand_read_120s_qd16_repeat3_run2.json
16265.0,16.265,124.21875,31800.0,,sustained_rand_read_120s_qd16_repeat3,rand_read,2,results\external_ssd\sustained_rand_read_120s_qd16_repeat3\sustained_rand_read_120s_qd16_repeat3_run2.json
17000.0,17.0,,,351.467,sustained_rand_read_120s_qd16_repeat3,rand_read,2,results\external_ssd\sustained_rand_read_120s_qd16_repeat3\sustained_rand_read_120s_qd16_repeat3_run2.json
17266.0,17.266,141.765625,36292.0,,sustained_rand_read_120s_qd16_repeat3,rand_read,2,results\external_ssd\sustained_rand_read_120s_qd16_repeat3\sustained_rand_read_120s_qd16_repeat3_run2.json
18000.0,18.0,,,338.774,sustained_rand_read_120s_qd16_repeat3,rand_read,2,results\external_ssd\sustained_rand_read_120s_qd16_repeat3\sustained_rand_read_120s_qd16_repeat3_run2.json
18266.0,18.266,139.03515625,35593.0,,sustained_rand_read_120s_qd16_repeat3,rand_read,2,results\external_ssd\sustained_rand_read_120s_qd16_repeat3\sustained_rand_read_120s_qd16_repeat3_run2.json
19000.0,19.0,,,348.077,sustained_rand_read_120s_qd16_repeat3,rand_read,2,results\external_ssd\sustained_rand_read_120s_qd16_repeat3\sustained_rand_read_120s_qd16_repeat3_run2.json
19267.0,19.267,138.6640625,35498.0,,sustained_rand_read_120s_qd16_repeat3,rand_read,2,results\external_ssd\sustained_rand_read_120s_qd16_repeat3\sustained_rand_read_120s_qd16_repeat3_run2.json
20000.0,20.0,,,343.639,sustained_rand_read_120s_qd16_repeat3,rand_read,2,results\external_ssd\sustained_rand_read_120s_qd16_repeat3\sustained_rand_read_120s_qd16_repeat3_run2.json
20268.0,20.268,140.5859375,35990.0,,sustained_rand_read_120s_qd16_repeat3,rand_read,2,results\external_ssd\sustained_rand_read_120s_qd16_repeat3\sustained_rand_read_120s_qd16_repeat3_run2.json
21000.0,21.0,,,336.582,sustained_rand_read_120s_qd16_repeat3,rand_read,2,results\external_ssd\sustained_rand_read_120s_qd16_repeat3\sustained_rand_read_120s_qd16_repeat3_run2.json
21269.0,21.269,158.5869140625,40598.0,,sustained_rand_read_120s_qd16_repeat3,rand_read,2,results\external_ssd\sustained_rand_read_120s_qd16_repeat3\sustained_rand_read_120s_qd16_repeat3_run2.json
22000.0,22.0,,,304.214,sustained_rand_read_120s_qd16_repeat3,rand_read,2,results\external_ssd\sustained_rand_read_120s_qd16_repeat3\sustained_rand_read_120s_qd16_repeat3_run2.json
22270.0,22.27,183.23046875,46907.0,,sustained_rand_read_120s_qd16_repeat3,rand_read,2,results\external_ssd\sustained_rand_read_120s_qd16_repeat3\sustained_rand_read_120s_qd16_repeat3_run2.json
23000.0,23.0,,,304.262,sustained_rand_read_120s_qd16_repeat3,rand_read,2,results\external_ssd\sustained_rand_read_120s_qd16_repeat3\sustained_rand_read_120s_qd16_repeat3_run2.json
23271.0,23.271,177.7421875,45502.0,,sustained_rand_read_120s_qd16_repeat3,rand_read,2,results\external_ssd\sustained_rand_read_120s_qd16_repeat3\sustained_rand_read_120s_qd16_repeat3_run2.json
24000.0,24.0,,,295.675,sustained_rand_read_120s_qd16_repeat3,rand_read,2,results\external_ssd\sustained_rand_read_120s_qd16_repeat3\sustained_rand_read_120s_qd16_repeat3_run2.json
24272.0,24.272,192.69921875,49331.0,,sustained_rand_read_120s_qd16_repeat3,rand_read,2,results\external_ssd\sustained_rand_read_120s_qd16_repeat3\sustained_rand_read_120s_qd16_repeat3_run2.json
25000.0,25.0,,,305.602,sustained_rand_read_120s_qd16_repeat3,rand_read,2,results\external_ssd\sustained_rand_read_120s_qd16_repeat3\sustained_rand_read_120s_qd16_repeat3_run2.json
25272.0,25.272,167.08203125,42773.0,,sustained_rand_read_120s_qd16_repeat3,rand_read,2,results\external_ssd\sustained_rand_read_120s_qd16_repeat3\sustained_rand_read_120s_qd16_repeat3_run2.json
26000.0,26.0,,,361.196,sustained_rand_read_120s_qd16_repeat3,rand_read,2,results\external_ssd\sustained_rand_read_120s_qd16_repeat3\sustained_rand_read_120s_qd16_repeat3_run2.json
26273.0,26.273,134.642578125,34468.0,,sustained_rand_read_120s_qd16_repeat3,rand_read,2,results\external_ssd\sustained_rand_read_120s_qd16_repeat3\sustained_rand_read_120s_qd16_repeat3_run2.json
27000.0,27.0,,,319.991,sustained_rand_read_120s_qd16_repeat3,rand_read,2,results\external_ssd\sustained_rand_read_120s_qd16_repeat3\sustained_rand_read_120s_qd16_repeat3_run2.json
27273.0,27.273,158.671875,40620.0,,sustained_rand_read_120s_qd16_repeat3,rand_read,2,results\external_ssd\sustained_rand_read_120s_qd16_repeat3\sustained_rand_read_120s_qd16_repeat3_run2.json
28000.0,28.0,,,341.342,sustained_rand_read_120s_qd16_repeat3,rand_read,2,results\external_ssd\sustained_rand_read_120s_qd16_repeat3\sustained_rand_read_120s_qd16_repeat3_run2.json
28273.0,28.273,136.046875,34828.0,,sustained_rand_read_120s_qd16_repeat3,rand_read,2,results\external_ssd\sustained_rand_read_120s_qd16_repeat3\sustained_rand_read_120s_qd16_repeat3_run2.json
29000.0,29.0,,,344.905,sustained_rand_read_120s_qd16_repeat3,rand_read,2,results\external_ssd\sustained_rand_read_120s_qd16_repeat3\sustained_rand_read_120s_qd16_repeat3_run2.json
29274.0,29.274,139.33203125,35669.0,,sustained_rand_read_120s_qd16_repeat3,rand_read,2,results\external_ssd\sustained_rand_read_120s_qd16_repeat3\sustained_rand_read_120s_qd16_repeat3_run2.json
30000.0,30.0,,,329.458,sustained_rand_read_120s_qd16_repeat3,rand_read,2,results\external_ssd\sustained_rand_read_120s_qd16_repeat3\sustained_rand_read_120s_qd16_repeat3_run2.json
30274.0,30.274,153.0,39168.0,,sustained_rand_read_120s_qd16_repeat3,rand_read,2,results\external_ssd\sustained_rand_read_120s_qd16_repeat3\sustained_rand_read_120s_qd16_repeat3_run2.json
31000.0,31.0,,,324.283,sustained_rand_read_120s_qd16_repeat3,rand_read,2,results\external_ssd\sustained_rand_read_120s_qd16_repeat3\sustained_rand_read_120s_qd16_repeat3_run2.json
31275.0,31.275,154.80859375,39631.0,,sustained_rand_read_120s_qd16_repeat3,rand_read,2,results\external_ssd\sustained_rand_read_120s_qd16_repeat3\sustained_rand_read_120s_qd16_repeat3_run2.json
32000.0,32.0,,,322.559,sustained_rand_read_120s_qd16_repeat3,rand_read,2,results\external_ssd\sustained_rand_read_120s_qd16_repeat3\sustained_rand_read_120s_qd16_repeat3_run2.json
32276.0,32.276,153.359375,39260.0,,sustained_rand_read_120s_qd16_repeat3,rand_read,2,results\external_ssd\sustained_rand_read_120s_qd16_repeat3\sustained_rand_read_120s_qd16_repeat3_run2.json
33000.0,33.0,,,334.906,sustained_rand_read_120s_qd16_repeat3,rand_read,2,results\external_ssd\sustained_rand_read_120s_qd16_repeat3\sustained_rand_read_120s_qd16_repeat3_run2.json
33276.0,33.276,149.828125,38356.0,,sustained_rand_read_120s_qd16_repeat3,rand_read,2,results\external_ssd\sustained_rand_read_120s_qd16_repeat3\sustained_rand_read_120s_qd16_repeat3_run2.json
34000.0,34.0,,,319.722,sustained_rand_read_120s_qd16_repeat3,rand_read,2,results\external_ssd\sustained_rand_read_120s_qd16_repeat3\sustained_rand_read_120s_qd16_repeat3_run2.json
34277.0,34.277,165.234375,42300.0,,sustained_rand_read_120s_qd16_repeat3,rand_read,2,results\external_ssd\sustained_rand_read_120s_qd16_repeat3\sustained_rand_read_120s_qd16_repeat3_run2.json
35000.0,35.0,,,315.593,sustained_rand_read_120s_qd16_repeat3,rand_read,2,results\external_ssd\sustained_rand_read_120s_qd16_repeat3\sustained_rand_read_120s_qd16_repeat3_run2.json
35277.0,35.277,157.01171875,40195.0,,sustained_rand_read_120s_qd16_repeat3,rand_read,2,results\external_ssd\sustained_rand_read_120s_qd16_repeat3\sustained_rand_read_120s_qd16_repeat3_run2.json
36000.0,36.0,,,352.954,sustained_rand_read_120s_qd16_repeat3,rand_read,2,results\external_ssd\sustained_rand_read_120s_qd16_repeat3\sustained_rand_read_120s_qd16_repeat3_run2.json
36278.0,36.278,128.54296875,32907.0,,sustained_rand_read_120s_qd16_repeat3,rand_read,2,results\external_ssd\sustained_rand_read_120s_qd16_repeat3\sustained_rand_read_120s_qd16_repeat3_run2.json
37000.0,37.0,,,358.8,sustained_rand_read_120s_qd16_repeat3,rand_read,2,results\external_ssd\sustained_rand_read_120s_qd16_repeat3\sustained_rand_read_120s_qd16_repeat3_run2.json
37279.0,37.279,141.5458984375,36235.0,,sustained_rand_read_120s_qd16_repeat3,rand_read,2,results\external_ssd\sustained_rand_read_120s_qd16_repeat3\sustained_rand_read_120s_qd16_repeat3_run2.json
38000.0,38.0,,,303.519,sustained_rand_read_120s_qd16_repeat3,rand_read,2,results\external_ssd\sustained_rand_read_120s_qd16_repeat3\sustained_rand_read_120s_qd16_repeat3_run2.json
38280.0,38.28,186.46875,47736.0,,sustained_rand_read_120s_qd16_repeat3,rand_read,2,results\external_ssd\sustained_rand_read_120s_qd16_repeat3\sustained_rand_read_120s_qd16_repeat3_run2.json
39000.0,39.0,,,307.739,sustained_rand_read_120s_qd16_repeat3,rand_read,2,results\external_ssd\sustained_rand_read_120s_qd16_repeat3\sustained_rand_read_120s_qd16_repeat3_run2.json
39280.0,39.28,164.40234375,42087.0,,sustained_rand_read_120s_qd16_repeat3,rand_read,2,results\external_ssd\sustained_rand_read_120s_qd16_repeat3\sustained_rand_read_120s_qd16_repeat3_run2.json
40000.0,40.0,,,368.112,sustained_rand_read_120s_qd16_repeat3,rand_read,2,results\external_ssd\sustained_rand_read_120s_qd16_repeat3\sustained_rand_read_120s_qd16_repeat3_run2.json
40280.0,40.28,145.87109375,37343.0,,sustained_rand_read_120s_qd16_repeat3,rand_read,2,results\external_ssd\sustained_rand_read_120s_qd16_repeat3\sustained_rand_read_120s_qd16_repeat3_run2.json
41000.0,41.0,,,345.438,sustained_rand_read_120s_qd16_repeat3,rand_read,2,results\external_ssd\sustained_rand_read_120s_qd16_repeat3\sustained_rand_read_120s_qd16_repeat3_run2.json
41281.0,41.281,154.8984375,39654.0,,sustained_rand_read_120s_qd16_repeat3,rand_read,2,results\external_ssd\sustained_rand_read_120s_qd16_repeat3\sustained_rand_read_120s_qd16_repeat3_run2.json
42000.0,42.0,,,325.666,sustained_rand_read_120s_qd16_repeat3,rand_read,2,results\external_ssd\sustained_rand_read_120s_qd16_repeat3\sustained_rand_read_120s_qd16_repeat3_run2.json
42282.0,42.282,165.638671875,42403.0,,sustained_rand_read_120s_qd16_repeat3,rand_read,2,results\external_ssd\sustained_rand_read_120s_qd16_repeat3\sustained_rand_read_120s_qd16_repeat3_run2.json
43000.0,43.0,,,302.877,sustained_rand_read_120s_qd16_repeat3,rand_read,2,results\external_ssd\sustained_rand_read_120s_qd16_repeat3\sustained_rand_read_120s_qd16_repeat3_run2.json
43283.0,43.283,180.2841796875,46152.0,,sustained_rand_read_120s_qd16_repeat3,rand_read,2,results\external_ssd\sustained_rand_read_120s_qd16_repeat3\sustained_rand_read_120s_qd16_repeat3_run2.json
44000.0,44.0,,,303.765,sustained_rand_read_120s_qd16_repeat3,rand_read,2,results\external_ssd\sustained_rand_read_120s_qd16_repeat3\sustained_rand_read_120s_qd16_repeat3_run2.json
44284.0,44.284,181.533203125,46472.0,,sustained_rand_read_120s_qd16_repeat3,rand_read,2,results\external_ssd\sustained_rand_read_120s_qd16_repeat3\sustained_rand_read_120s_qd16_repeat3_run2.json
45000.0,45.0,,,295.999,sustained_rand_read_120s_qd16_repeat3,rand_read,2,results\external_ssd\sustained_rand_read_120s_qd16_repeat3\sustained_rand_read_120s_qd16_repeat3_run2.json
45285.0,45.285,187.04296875,47883.0,,sustained_rand_read_120s_qd16_repeat3,rand_read,2,results\external_ssd\sustained_rand_read_120s_qd16_repeat3\sustained_rand_read_120s_qd16_repeat3_run2.json
46000.0,46.0,,,298.111,sustained_rand_read_120s_qd16_repeat3,rand_read,2,results\external_ssd\sustained_rand_read_120s_qd16_repeat3\sustained_rand_read_120s_qd16_repeat3_run2.json
46285.0,46.285,190.06640625,48657.0,,sustained_rand_read_120s_qd16_repeat3,rand_read,2,results\external_ssd\sustained_rand_read_120s_qd16_repeat3\sustained_rand_read_120s_qd16_repeat3_run2.json
47000.0,47.0,,,306.995,sustained_rand_read_120s_qd16_repeat3,rand_read,2,results\external_ssd\sustained_rand_read_120s_qd16_repeat3\sustained_rand_read_120s_qd16_repeat3_run2.json
47286.0,47.286,177.46875,45432.0,,sustained_rand_read_120s_qd16_repeat3,rand_read,2,results\external_ssd\sustained_rand_read_120s_qd16_repeat3\sustained_rand_read_120s_qd16_repeat3_run2.json
48000.0,48.0,,,306.542,sustained_rand_read_120s_qd16_repeat3,rand_read,2,results\external_ssd\sustained_rand_read_120s_qd16_repeat3\sustained_rand_read_120s_qd16_repeat3_run2.json
48287.0,48.287,167.23828125,42813.0,,sustained_rand_read_120s_qd16_repeat3,rand_read,2,results\external_ssd\sustained_rand_read_120s_qd16_repeat3\sustained_rand_read_120s_qd16_repeat3_run2.json
49000.0,49.0,,,341.541,sustained_rand_read_120s_qd16_repeat3,rand_read,2,results\external_ssd\sustained_rand_read_120s_qd16_repeat3\sustained_rand_read_120s_qd16_repeat3_run2.json
49288.0,49.288,160.4248046875,41068.0,,sustained_rand_read_120s_qd16_repeat3,rand_read,2,results\external_ssd\sustained_rand_read_120s_qd16_repeat3\sustained_rand_read_120s_qd16_repeat3_run2.json
50000.0,50.0,,,303.493,sustained_rand_read_120s_qd16_repeat3,rand_read,2,results\external_ssd\sustained_rand_read_120s_qd16_repeat3\sustained_rand_read_120s_qd16_repeat3_run2.json
50289.0,50.289,178.421875,45676.0,,sustained_rand_read_120s_qd16_repeat3,rand_read,2,results\external_ssd\sustained_rand_read_120s_qd16_repeat3\sustained_rand_read_120s_qd16_repeat3_run2.json
51000.0,51.0,,,307.371,sustained_rand_read_120s_qd16_repeat3,rand_read,2,results\external_ssd\sustained_rand_read_120s_qd16_repeat3\sustained_rand_read_120s_qd16_repeat3_run2.json
51290.0,51.29,176.26171875,45123.0,,sustained_rand_read_120s_qd16_repeat3,rand_read,2,results\external_ssd\sustained_rand_read_120s_qd16_repeat3\sustained_rand_read_120s_qd16_repeat3_run2.json
52000.0,52.0,,,307.56,sustained_rand_read_120s_qd16_repeat3,rand_read,2,results\external_ssd\sustained_rand_read_120s_qd16_repeat3\sustained_rand_read_120s_qd16_repeat3_run2.json
52290.0,52.29,166.42578125,42605.0,,sustained_rand_read_120s_qd16_repeat3,rand_read,2,results\external_ssd\sustained_rand_read_120s_qd16_repeat3\sustained_rand_read_120s_qd16_repeat3_run2.json
53000.0,53.0,,,310.733,sustained_rand_read_120s_qd16_repeat3,rand_read,2,results\external_ssd\sustained_rand_read_120s_qd16_repeat3\sustained_rand_read_120s_qd16_repeat3_run2.json
53291.0,53.291,177.04296875,45323.0,,sustained_rand_read_120s_qd16_repeat3,rand_read,2,results\external_ssd\sustained_rand_read_120s_qd16_repeat3\sustained_rand_read_120s_qd16_repeat3_run2.json
54000.0,54.0,,,300.801,sustained_rand_read_120s_qd16_repeat3,rand_read,2,results\external_ssd\sustained_rand_read_120s_qd16_repeat3\sustained_rand_read_120s_qd16_repeat3_run2.json
54291.0,54.291,184.765625,47300.0,,sustained_rand_read_120s_qd16_repeat3,rand_read,2,results\external_ssd\sustained_rand_read_120s_qd16_repeat3\sustained_rand_read_120s_qd16_repeat3_run2.json
55000.0,55.0,,,299.289,sustained_rand_read_120s_qd16_repeat3,rand_read,2,results\external_ssd\sustained_rand_read_120s_qd16_repeat3\sustained_rand_read_120s_qd16_repeat3_run2.json
55292.0,55.292,189.40625,48487.0,,sustained_rand_read_120s_qd16_repeat3,rand_read,2,results\external_ssd\sustained_rand_read_120s_qd16_repeat3\sustained_rand_read_120s_qd16_repeat3_run2.json
56000.0,56.0,,,294.784,sustained_rand_read_120s_qd16_repeat3,rand_read,2,results\external_ssd\sustained_rand_read_120s_qd16_repeat3\sustained_rand_read_120s_qd16_repeat3_run2.json
56293.0,56.293,194.5,49792.0,,sustained_rand_read_120s_qd16_repeat3,rand_read,2,results\external_ssd\sustained_rand_read_120s_qd16_repeat3\sustained_rand_read_120s_qd16_repeat3_run2.json
57000.0,57.0,,,299.677,sustained_rand_read_120s_qd16_repeat3,rand_read,2,results\external_ssd\sustained_rand_read_120s_qd16_repeat3\sustained_rand_read_120s_qd16_repeat3_run2.json
57294.0,57.294,187.18359375,47919.0,,sustained_rand_read_120s_qd16_repeat3,rand_read,2,results\external_ssd\sustained_rand_read_120s_qd16_repeat3\sustained_rand_read_120s_qd16_repeat3_run2.json
58000.0,58.0,,,298.787,sustained_rand_read_120s_qd16_repeat3,rand_read,2,results\external_ssd\sustained_rand_read_120s_qd16_repeat3\sustained_rand_read_120s_qd16_repeat3_run2.json
58294.0,58.294,188.8125,48336.0,,sustained_rand_read_120s_qd16_repeat3,rand_read,2,results\external_ssd\sustained_rand_read_120s_qd16_repeat3\sustained_rand_read_120s_qd16_repeat3_run2.json
59000.0,59.0,,,296.026,sustained_rand_read_120s_qd16_repeat3,rand_read,2,results\external_ssd\sustained_rand_read_120s_qd16_repeat3\sustained_rand_read_120s_qd16_repeat3_run2.json
59294.0,59.294,194.63671875,49827.0,,sustained_rand_read_120s_qd16_repeat3,rand_read,2,results\external_ssd\sustained_rand_read_120s_qd16_repeat3\sustained_rand_read_120s_qd16_repeat3_run2.json
60000.0,60.0,,,297.247,sustained_rand_read_120s_qd16_repeat3,rand_read,2,results\external_ssd\sustained_rand_read_120s_qd16_repeat3\sustained_rand_read_120s_qd16_repeat3_run2.json
60295.0,60.295,187.05078125,47885.0,,sustained_rand_read_120s_qd16_repeat3,rand_read,2,results\external_ssd\sustained_rand_read_120s_qd16_repeat3\sustained_rand_read_120s_qd16_repeat3_run2.json
61000.0,61.0,,,299.512,sustained_rand_read_120s_qd16_repeat3,rand_read,2,results\external_ssd\sustained_rand_read_120s_qd16_repeat3\sustained_rand_read_120s_qd16_repeat3_run2.json
61296.0,61.296,185.7197265625,47544.0,,sustained_rand_read_120s_qd16_repeat3,rand_read,2,results\external_ssd\sustained_rand_read_120s_qd16_repeat3\sustained_rand_read_120s_qd16_repeat3_run2.json
62000.0,62.0,,,319.642,sustained_rand_read_120s_qd16_repeat3,rand_read,2,results\external_ssd\sustained_rand_read_120s_qd16_repeat3\sustained_rand_read_120s_qd16_repeat3_run2.json
62297.0,62.297,139.80078125,35789.0,,sustained_rand_read_120s_qd16_repeat3,rand_read,2,results\external_ssd\sustained_rand_read_120s_qd16_repeat3\sustained_rand_read_120s_qd16_repeat3_run2.json
63000.0,63.0,,,417.634,sustained_rand_read_120s_qd16_repeat3,rand_read,2,results\external_ssd\sustained_rand_read_120s_qd16_repeat3\sustained_rand_read_120s_qd16_repeat3_run2.json
63298.0,63.298,124.578125,31892.0,,sustained_rand_read_120s_qd16_repeat3,rand_read,2,results\external_ssd\sustained_rand_read_120s_qd16_repeat3\sustained_rand_read_120s_qd16_repeat3_run2.json
64000.0,64.0,,,349.505,sustained_rand_read_120s_qd16_repeat3,rand_read,2,results\external_ssd\sustained_rand_read_120s_qd16_repeat3\sustained_rand_read_120s_qd16_repeat3_run2.json
64299.0,64.299,138.025390625,35334.0,,sustained_rand_read_120s_qd16_repeat3,rand_read,2,results\external_ssd\sustained_rand_read_120s_qd16_repeat3\sustained_rand_read_120s_qd16_repeat3_run2.json
65000.0,65.0,,,326.257,sustained_rand_read_120s_qd16_repeat3,rand_read,2,results\external_ssd\sustained_rand_read_120s_qd16_repeat3\sustained_rand_read_120s_qd16_repeat3_run2.json
65300.0,65.3,155.10546875,39707.0,,sustained_rand_read_120s_qd16_repeat3,rand_read,2,results\external_ssd\sustained_rand_read_120s_qd16_repeat3\sustained_rand_read_120s_qd16_repeat3_run2.json
66000.0,66.0,,,311.543,sustained_rand_read_120s_qd16_repeat3,rand_read,2,results\external_ssd\sustained_rand_read_120s_qd16_repeat3\sustained_rand_read_120s_qd16_repeat3_run2.json
66300.0,66.3,187.375,47968.0,,sustained_rand_read_120s_qd16_repeat3,rand_read,2,results\external_ssd\sustained_rand_read_120s_qd16_repeat3\sustained_rand_read_120s_qd16_repeat3_run2.json
67000.0,67.0,,,295.648,sustained_rand_read_120s_qd16_repeat3,rand_read,2,results\external_ssd\sustained_rand_read_120s_qd16_repeat3\sustained_rand_read_120s_qd16_repeat3_run2.json
67301.0,67.301,192.451171875,49267.0,,sustained_rand_read_120s_qd16_repeat3,rand_read,2,results\external_ssd\sustained_rand_read_120s_qd16_repeat3\sustained_rand_read_120s_qd16_repeat3_run2.json
68000.0,68.0,,,294.288,sustained_rand_read_120s_qd16_repeat3,rand_read,2,results\external_ssd\sustained_rand_read_120s_qd16_repeat3\sustained_rand_read_120s_qd16_repeat3_run2.json
68301.0,68.301,192.9609375,49398.0,,sustained_rand_read_120s_qd16_repeat3,rand_read,2,results\external_ssd\sustained_rand_read_120s_qd16_repeat3\sustained_rand_read_120s_qd16_repeat3_run2.json
69000.0,69.0,,,294.527,sustained_rand_read_120s_qd16_repeat3,rand_read,2,results\external_ssd\sustained_rand_read_120s_qd16_repeat3\sustained_rand_read_120s_qd16_repeat3_run2.json
69302.0,69.302,193.05859375,49423.0,,sustained_rand_read_120s_qd16_repeat3,rand_read,2,results\external_ssd\sustained_rand_read_120s_qd16_repeat3\sustained_rand_read_120s_qd16_repeat3_run2.json
70000.0,70.0,,,293.61,sustained_rand_read_120s_qd16_repeat3,rand_read,2,results\external_ssd\sustained_rand_read_120s_qd16_repeat3\sustained_rand_read_120s_qd16_repeat3_run2.json
70303.0,70.303,199.02734375,50951.0,,sustained_rand_read_120s_qd16_repeat3,rand_read,2,results\external_ssd\sustained_rand_read_120s_qd16_repeat3\sustained_rand_read_120s_qd16_repeat3_run2.json
71000.0,71.0,,,294.057,sustained_rand_read_120s_qd16_repeat3,rand_read,2,results\external_ssd\sustained_rand_read_120s_qd16_repeat3\sustained_rand_read_120s_qd16_repeat3_run2.json
71303.0,71.303,198.140625,50724.0,,sustained_rand_read_120s_qd16_repeat3,rand_read,2,results\external_ssd\sustained_rand_read_120s_qd16_repeat3\sustained_rand_read_120s_qd16_repeat3_run2.json
72000.0,72.0,,,292.365,sustained_rand_read_120s_qd16_repeat3,rand_read,2,results\external_ssd\sustained_rand_read_120s_qd16_repeat3\sustained_rand_read_120s_qd16_repeat3_run2.json
72305.0,72.305,199.02734375,50951.0,,sustained_rand_read_120s_qd16_repeat3,rand_read,2,results\external_ssd\sustained_rand_read_120s_qd16_repeat3\sustained_rand_read_120s_qd16_repeat3_run2.json
73000.0,73.0,,,295.172,sustained_rand_read_120s_qd16_repeat3,rand_read,2,results\external_ssd\sustained_rand_read_120s_qd16_repeat3\sustained_rand_read_120s_qd16_repeat3_run2.json
73305.0,73.305,192.0703125,49170.0,,sustained_rand_read_120s_qd16_repeat3,rand_read,2,results\external_ssd\sustained_rand_read_120s_qd16_repeat3\sustained_rand_read_120s_qd16_repeat3_run2.json
74000.0,74.0,,,302.542,sustained_rand_read_120s_qd16_repeat3,rand_read,2,results\external_ssd\sustained_rand_read_120s_qd16_repeat3\sustained_rand_read_120s_qd16_repeat3_run2.json
74305.0,74.305,183.47265625,46969.0,,sustained_rand_read_120s_qd16_repeat3,rand_read,2,results\external_ssd\sustained_rand_read_120s_qd16_repeat3\sustained_rand_read_120s_qd16_repeat3_run2.json
75000.0,75.0,,,322.972,sustained_rand_read_120s_qd16_repeat3,rand_read,2,results\external_ssd\sustained_rand_read_120s_qd16_repeat3\sustained_rand_read_120s_qd16_repeat3_run2.json
75306.0,75.306,157.63671875,40355.0,,sustained_rand_read_120s_qd16_repeat3,rand_read,2,results\external_ssd\sustained_rand_read_120s_qd16_repeat3\sustained_rand_read_120s_qd16_repeat3_run2.json
76000.0,76.0,,,306.739,sustained_rand_read_120s_qd16_repeat3,rand_read,2,results\external_ssd\sustained_rand_read_120s_qd16_repeat3\sustained_rand_read_120s_qd16_repeat3_run2.json
76306.0,76.306,185.140625,47396.0,,sustained_rand_read_120s_qd16_repeat3,rand_read,2,results\external_ssd\sustained_rand_read_120s_qd16_repeat3\sustained_rand_read_120s_qd16_repeat3_run2.json
77000.0,77.0,,,300.301,sustained_rand_read_120s_qd16_repeat3,rand_read,2,results\external_ssd\sustained_rand_read_120s_qd16_repeat3\sustained_rand_read_120s_qd16_repeat3_run2.json
77307.0,77.307,186.41015625,47721.0,,sustained_rand_read_120s_qd16_repeat3,rand_read,2,results\external_ssd\sustained_rand_read_120s_qd16_repeat3\sustained_rand_read_120s_qd16_repeat3_run2.json
78000.0,78.0,,,302.982,sustained_rand_read_120s_qd16_repeat3,rand_read,2,results\external_ssd\sustained_rand_read_120s_qd16_repeat3\sustained_rand_read_120s_qd16_repeat3_run2.json
78307.0,78.307,181.69140625,46513.0,,sustained_rand_read_120s_qd16_repeat3,rand_read,2,results\external_ssd\sustained_rand_read_120s_qd16_repeat3\sustained_rand_read_120s_qd16_repeat3_run2.json
79000.0,79.0,,,306.555,sustained_rand_read_120s_qd16_repeat3,rand_read,2,results\external_ssd\sustained_rand_read_120s_qd16_repeat3\sustained_rand_read_120s_qd16_repeat3_run2.json
79308.0,79.308,173.685546875,44463.0,,sustained_rand_read_120s_qd16_repeat3,rand_read,2,results\external_ssd\sustained_rand_read_120s_qd16_repeat3\sustained_rand_read_120s_qd16_repeat3_run2.json
80000.0,80.0,,,306.611,sustained_rand_read_120s_qd16_repeat3,rand_read,2,results\external_ssd\sustained_rand_read_120s_qd16_repeat3\sustained_rand_read_120s_qd16_repeat3_run2.json
80309.0,80.309,183.21484375,46903.0,,sustained_rand_read_120s_qd16_repeat3,rand_read,2,results\external_ssd\sustained_rand_read_120s_qd16_repeat3\sustained_rand_read_120s_qd16_repeat3_run2.json
81000.0,81.0,,,304.273,sustained_rand_read_120s_qd16_repeat3,rand_read,2,results\external_ssd\sustained_rand_read_120s_qd16_repeat3\sustained_rand_read_120s_qd16_repeat3_run2.json
81309.0,81.309,182.921875,46828.0,,sustained_rand_read_120s_qd16_repeat3,rand_read,2,results\external_ssd\sustained_rand_read_120s_qd16_repeat3\sustained_rand_read_120s_qd16_repeat3_run2.json
82000.0,82.0,,,300.049,sustained_rand_read_120s_qd16_repeat3,rand_read,2,results\external_ssd\sustained_rand_read_120s_qd16_repeat3\sustained_rand_read_120s_qd16_repeat3_run2.json
82310.0,82.31,188.046875,48140.0,,sustained_rand_read_120s_qd16_repeat3,rand_read,2,results\external_ssd\sustained_rand_read_120s_qd16_repeat3\sustained_rand_read_120s_qd16_repeat3_run2.json
83000.0,83.0,,,307.014,sustained_rand_read_120s_qd16_repeat3,rand_read,2,results\external_ssd\sustained_rand_read_120s_qd16_repeat3\sustained_rand_read_120s_qd16_repeat3_run2.json
83310.0,83.31,174.67578125,44717.0,,sustained_rand_read_120s_qd16_repeat3,rand_read,2,results\external_ssd\sustained_rand_read_120s_qd16_repeat3\sustained_rand_read_120s_qd16_repeat3_run2.json
84000.0,84.0,,,315.783,sustained_rand_read_120s_qd16_repeat3,rand_read,2,results\external_ssd\sustained_rand_read_120s_qd16_repeat3\sustained_rand_read_120s_qd16_repeat3_run2.json
84311.0,84.311,166.015625,42500.0,,sustained_rand_read_120s_qd16_repeat3,rand_read,2,results\external_ssd\sustained_rand_read_120s_qd16_repeat3\sustained_rand_read_120s_qd16_repeat3_run2.json
85000.0,85.0,,,356.115,sustained_rand_read_120s_qd16_repeat3,rand_read,2,results\external_ssd\sustained_rand_read_120s_qd16_repeat3\sustained_rand_read_120s_qd16_repeat3_run2.json
85311.0,85.311,138.48046875,35451.0,,sustained_rand_read_120s_qd16_repeat3,rand_read,2,results\external_ssd\sustained_rand_read_120s_qd16_repeat3\sustained_rand_read_120s_qd16_repeat3_run2.json
86000.0,86.0,,,362.306,sustained_rand_read_120s_qd16_repeat3,rand_read,2,results\external_ssd\sustained_rand_read_120s_qd16_repeat3\sustained_rand_read_120s_qd16_repeat3_run2.json
86311.0,86.311,142.3046875,36430.0,,sustained_rand_read_120s_qd16_repeat3,rand_read,2,results\external_ssd\sustained_rand_read_120s_qd16_repeat3\sustained_rand_read_120s_qd16_repeat3_run2.json
87000.0,87.0,,,319.37,sustained_rand_read_120s_qd16_repeat3,rand_read,2,results\external_ssd\sustained_rand_read_120s_qd16_repeat3\sustained_rand_read_120s_qd16_repeat3_run2.json
87311.0,87.311,157.8125,40400.0,,sustained_rand_read_120s_qd16_repeat3,rand_read,2,results\external_ssd\sustained_rand_read_120s_qd16_repeat3\sustained_rand_read_120s_qd16_repeat3_run2.json
88000.0,88.0,,,320.309,sustained_rand_read_120s_qd16_repeat3,rand_read,2,results\external_ssd\sustained_rand_read_120s_qd16_repeat3\sustained_rand_read_120s_qd16_repeat3_run2.json
88312.0,88.312,176.75,45248.0,,sustained_rand_read_120s_qd16_repeat3,rand_read,2,results\external_ssd\sustained_rand_read_120s_qd16_repeat3\sustained_rand_read_120s_qd16_repeat3_run2.json
89000.0,89.0,,,304.41,sustained_rand_read_120s_qd16_repeat3,rand_read,2,results\external_ssd\sustained_rand_read_120s_qd16_repeat3\sustained_rand_read_120s_qd16_repeat3_run2.json
89312.0,89.312,179.02734375,45831.0,,sustained_rand_read_120s_qd16_repeat3,rand_read,2,results\external_ssd\sustained_rand_read_120s_qd16_repeat3\sustained_rand_read_120s_qd16_repeat3_run2.json
90000.0,90.0,,,310.929,sustained_rand_read_120s_qd16_repeat3,rand_read,2,results\external_ssd\sustained_rand_read_120s_qd16_repeat3\sustained_rand_read_120s_qd16_repeat3_run2.json
90314.0,90.314,160.6318359375,41121.0,,sustained_rand_read_120s_qd16_repeat3,rand_read,2,results\external_ssd\sustained_rand_read_120s_qd16_repeat3\sustained_rand_read_120s_qd16_repeat3_run2.json
91000.0,91.0,,,376.438,sustained_rand_read_120s_qd16_repeat3,rand_read,2,results\external_ssd\sustained_rand_read_120s_qd16_repeat3\sustained_rand_read_120s_qd16_repeat3_run2.json
91328.0,91.328,127.7490234375,32703.0,,sustained_rand_read_120s_qd16_repeat3,rand_read,2,results\external_ssd\sustained_rand_read_120s_qd16_repeat3\sustained_rand_read_120s_qd16_repeat3_run2.json
92000.0,92.0,,,390.226,sustained_rand_read_120s_qd16_repeat3,rand_read,2,results\external_ssd\sustained_rand_read_120s_qd16_repeat3\sustained_rand_read_120s_qd16_repeat3_run2.json
92328.0,92.328,137.28125,35144.0,,sustained_rand_read_120s_qd16_repeat3,rand_read,2,results\external_ssd\sustained_rand_read_120s_qd16_repeat3\sustained_rand_read_120s_qd16_repeat3_run2.json
93000.0,93.0,,,361.815,sustained_rand_read_120s_qd16_repeat3,rand_read,2,results\external_ssd\sustained_rand_read_120s_qd16_repeat3\sustained_rand_read_120s_qd16_repeat3_run2.json
93328.0,93.328,143.13671875,36643.0,,sustained_rand_read_120s_qd16_repeat3,rand_read,2,results\external_ssd\sustained_rand_read_120s_qd16_repeat3\sustained_rand_read_120s_qd16_repeat3_run2.json
94000.0,94.0,,,339.891,sustained_rand_read_120s_qd16_repeat3,rand_read,2,results\external_ssd\sustained_rand_read_120s_qd16_repeat3\sustained_rand_read_120s_qd16_repeat3_run2.json
94328.0,94.328,137.28515625,35145.0,,sustained_rand_read_120s_qd16_repeat3,rand_read,2,results\external_ssd\sustained_rand_read_120s_qd16_repeat3\sustained_rand_read_120s_qd16_repeat3_run2.json
95000.0,95.0,,,407.498,sustained_rand_read_120s_qd16_repeat3,rand_read,2,results\external_ssd\sustained_rand_read_120s_qd16_repeat3\sustained_rand_read_120s_qd16_repeat3_run2.json
95329.0,95.329,98.4873046875,25212.0,,sustained_rand_read_120s_qd16_repeat3,rand_read,2,results\external_ssd\sustained_rand_read_120s_qd16_repeat3\sustained_rand_read_120s_qd16_repeat3_run2.json
96000.0,96.0,,,391.495,sustained_rand_read_120s_qd16_repeat3,rand_read,2,results\external_ssd\sustained_rand_read_120s_qd16_repeat3\sustained_rand_read_120s_qd16_repeat3_run2.json
96330.0,96.33,136.6953125,,,sustained_rand_read_120s_qd16_repeat3,rand_read,2,results\external_ssd\sustained_rand_read_120s_qd16_repeat3\sustained_rand_read_120s_qd16_repeat3_run2.json
96331.0,96.331,,34994.0,,sustained_rand_read_120s_qd16_repeat3,rand_read,2,results\external_ssd\sustained_rand_read_120s_qd16_repeat3\sustained_rand_read_120s_qd16_repeat3_run2.json
97000.0,97.0,,,324.608,sustained_rand_read_120s_qd16_repeat3,rand_read,2,results\external_ssd\sustained_rand_read_120s_qd16_repeat3\sustained_rand_read_120s_qd16_repeat3_run2.json
97331.0,97.331,165.45703125,42357.0,,sustained_rand_read_120s_qd16_repeat3,rand_read,2,results\external_ssd\sustained_rand_read_120s_qd16_repeat3\sustained_rand_read_120s_qd16_repeat3_run2.json
98000.0,98.0,,,335.126,sustained_rand_read_120s_qd16_repeat3,rand_read,2,results\external_ssd\sustained_rand_read_120s_qd16_repeat3\sustained_rand_read_120s_qd16_repeat3_run2.json
98332.0,98.332,130.169921875,33323.0,,sustained_rand_read_120s_qd16_repeat3,rand_read,2,results\external_ssd\sustained_rand_read_120s_qd16_repeat3\sustained_rand_read_120s_qd16_repeat3_run2.json
99000.0,99.0,,,398.345,sustained_rand_read_120s_qd16_repeat3,rand_read,2,results\external_ssd\sustained_rand_read_120s_qd16_repeat3\sustained_rand_read_120s_qd16_repeat3_run2.json
99334.0,99.334,122.193359375,31281.0,,sustained_rand_read_120s_qd16_repeat3,rand_read,2,results\external_ssd\sustained_rand_read_120s_qd16_repeat3\sustained_rand_read_120s_qd16_repeat3_run2.json
100000.0,100.0,,,369.608,sustained_rand_read_120s_qd16_repeat3,rand_read,2,results\external_ssd\sustained_rand_read_120s_qd16_repeat3\sustained_rand_read_120s_qd16_repeat3_run2.json
100335.0,100.335,141.33984375,36183.0,,sustained_rand_read_120s_qd16_repeat3,rand_read,2,results\external_ssd\sustained_rand_read_120s_qd16_repeat3\sustained_rand_read_120s_qd16_repeat3_run2.json
101000.0,101.0,,,347.674,sustained_rand_read_120s_qd16_repeat3,rand_read,2,results\external_ssd\sustained_rand_read_120s_qd16_repeat3\sustained_rand_read_120s_qd16_repeat3_run2.json
101336.0,101.336,144.4296875,36974.0,,sustained_rand_read_120s_qd16_repeat3,rand_read,2,results\external_ssd\sustained_rand_read_120s_qd16_repeat3\sustained_rand_read_120s_qd16_repeat3_run2.json
102000.0,102.0,,,356.538,sustained_rand_read_120s_qd16_repeat3,rand_read,2,results\external_ssd\sustained_rand_read_120s_qd16_repeat3\sustained_rand_read_120s_qd16_repeat3_run2.json
102337.0,102.337,150.4375,38512.0,,sustained_rand_read_120s_qd16_repeat3,rand_read,2,results\external_ssd\sustained_rand_read_120s_qd16_repeat3\sustained_rand_read_120s_qd16_repeat3_run2.json
103000.0,103.0,,,360.672,sustained_rand_read_120s_qd16_repeat3,rand_read,2,results\external_ssd\sustained_rand_read_120s_qd16_repeat3\sustained_rand_read_120s_qd16_repeat3_run2.json
103337.0,103.337,140.125,35872.0,,sustained_rand_read_120s_qd16_repeat3,rand_read,2,results\external_ssd\sustained_rand_read_120s_qd16_repeat3\sustained_rand_read_120s_qd16_repeat3_run2.json
104001.0,104.001,,,366.928,sustained_rand_read_120s_qd16_repeat3,rand_read,2,results\external_ssd\sustained_rand_read_120s_qd16_repeat3\sustained_rand_read_120s_qd16_repeat3_run2.json
104339.0,104.339,149.8447265625,38360.0,,sustained_rand_read_120s_qd16_repeat3,rand_read,2,results\external_ssd\sustained_rand_read_120s_qd16_repeat3\sustained_rand_read_120s_qd16_repeat3_run2.json
105001.0,105.001,,,387.534,sustained_rand_read_120s_qd16_repeat3,rand_read,2,results\external_ssd\sustained_rand_read_120s_qd16_repeat3\sustained_rand_read_120s_qd16_repeat3_run2.json
105340.0,105.34,135.84375,34776.0,,sustained_rand_read_120s_qd16_repeat3,rand_read,2,results\external_ssd\sustained_rand_read_120s_qd16_repeat3\sustained_rand_read_120s_qd16_repeat3_run2.json
106000.0,106.0,,,321.319,sustained_rand_read_120s_qd16_repeat3,rand_read,2,results\external_ssd\sustained_rand_read_120s_qd16_repeat3\sustained_rand_read_120s_qd16_repeat3_run2.json
106341.0,106.341,181.9814453125,46587.0,,sustained_rand_read_120s_qd16_repeat3,rand_read,2,results\external_ssd\sustained_rand_read_120s_qd16_repeat3\sustained_rand_read_120s_qd16_repeat3_run2.json
107000.0,107.0,,,298.447,sustained_rand_read_120s_qd16_repeat3,rand_read,2,results\external_ssd\sustained_rand_read_120s_qd16_repeat3\sustained_rand_read_120s_qd16_repeat3_run2.json
107342.0,107.342,189.158203125,48424.0,,sustained_rand_read_120s_qd16_repeat3,rand_read,2,results\external_ssd\sustained_rand_read_120s_qd16_repeat3\sustained_rand_read_120s_qd16_repeat3_run2.json
108000.0,108.0,,,295.322,sustained_rand_read_120s_qd16_repeat3,rand_read,2,results\external_ssd\sustained_rand_read_120s_qd16_repeat3\sustained_rand_read_120s_qd16_repeat3_run2.json
108343.0,108.343,184.890625,47332.0,,sustained_rand_read_120s_qd16_repeat3,rand_read,2,results\external_ssd\sustained_rand_read_120s_qd16_repeat3\sustained_rand_read_120s_qd16_repeat3_run2.json
109010.0,109.01,,,328.895,sustained_rand_read_120s_qd16_repeat3,rand_read,2,results\external_ssd\sustained_rand_read_120s_qd16_repeat3\sustained_rand_read_120s_qd16_repeat3_run2.json
109343.0,109.343,147.58984375,37783.0,,sustained_rand_read_120s_qd16_repeat3,rand_read,2,results\external_ssd\sustained_rand_read_120s_qd16_repeat3\sustained_rand_read_120s_qd16_repeat3_run2.json
110000.0,110.0,,,345.964,sustained_rand_read_120s_qd16_repeat3,rand_read,2,results\external_ssd\sustained_rand_read_120s_qd16_repeat3\sustained_rand_read_120s_qd16_repeat3_run2.json
110342.0,110.342,137.0078125,35074.0,,sustained_rand_read_120s_qd16_repeat3,rand_read,2,results\external_ssd\sustained_rand_read_120s_qd16_repeat3\sustained_rand_read_120s_qd16_repeat3_run2.json
111000.0,111.0,,,365.496,sustained_rand_read_120s_qd16_repeat3,rand_read,2,results\external_ssd\sustained_rand_read_120s_qd16_repeat3\sustained_rand_read_120s_qd16_repeat3_run2.json
111343.0,111.343,148.8505859375,38105.0,,sustained_rand_read_120s_qd16_repeat3,rand_read,2,results\external_ssd\sustained_rand_read_120s_qd16_repeat3\sustained_rand_read_120s_qd16_repeat3_run2.json
112000.0,112.0,,,320.245,sustained_rand_read_120s_qd16_repeat3,rand_read,2,results\external_ssd\sustained_rand_read_120s_qd16_repeat3\sustained_rand_read_120s_qd16_repeat3_run2.json
112343.0,112.343,148.12890625,37921.0,,sustained_rand_read_120s_qd16_repeat3,rand_read,2,results\external_ssd\sustained_rand_read_120s_qd16_repeat3\sustained_rand_read_120s_qd16_repeat3_run2.json
113000.0,113.0,,,390.494,sustained_rand_read_120s_qd16_repeat3,rand_read,2,results\external_ssd\sustained_rand_read_120s_qd16_repeat3\sustained_rand_read_120s_qd16_repeat3_run2.json
113344.0,113.344,130.041015625,33290.0,,sustained_rand_read_120s_qd16_repeat3,rand_read,2,results\external_ssd\sustained_rand_read_120s_qd16_repeat3\sustained_rand_read_120s_qd16_repeat3_run2.json
114000.0,114.0,,,336.103,sustained_rand_read_120s_qd16_repeat3,rand_read,2,results\external_ssd\sustained_rand_read_120s_qd16_repeat3\sustained_rand_read_120s_qd16_repeat3_run2.json
114346.0,114.346,139.1259765625,35616.0,,sustained_rand_read_120s_qd16_repeat3,rand_read,2,results\external_ssd\sustained_rand_read_120s_qd16_repeat3\sustained_rand_read_120s_qd16_repeat3_run2.json
115000.0,115.0,,,350.715,sustained_rand_read_120s_qd16_repeat3,rand_read,2,results\external_ssd\sustained_rand_read_120s_qd16_repeat3\sustained_rand_read_120s_qd16_repeat3_run2.json
115346.0,115.346,156.7421875,40126.0,,sustained_rand_read_120s_qd16_repeat3,rand_read,2,results\external_ssd\sustained_rand_read_120s_qd16_repeat3\sustained_rand_read_120s_qd16_repeat3_run2.json
116000.0,116.0,,,316.084,sustained_rand_read_120s_qd16_repeat3,rand_read,2,results\external_ssd\sustained_rand_read_120s_qd16_repeat3\sustained_rand_read_120s_qd16_repeat3_run2.json
116347.0,116.347,165.01171875,42243.0,,sustained_rand_read_120s_qd16_repeat3,rand_read,2,results\external_ssd\sustained_rand_read_120s_qd16_repeat3\sustained_rand_read_120s_qd16_repeat3_run2.json
117000.0,117.0,,,313.822,sustained_rand_read_120s_qd16_repeat3,rand_read,2,results\external_ssd\sustained_rand_read_120s_qd16_repeat3\sustained_rand_read_120s_qd16_repeat3_run2.json
117348.0,117.348,175.40234375,44903.0,,sustained_rand_read_120s_qd16_repeat3,rand_read,2,results\external_ssd\sustained_rand_read_120s_qd16_repeat3\sustained_rand_read_120s_qd16_repeat3_run2.json
118000.0,118.0,,,303.041,sustained_rand_read_120s_qd16_repeat3,rand_read,2,results\external_ssd\sustained_rand_read_120s_qd16_repeat3\sustained_rand_read_120s_qd16_repeat3_run2.json
118349.0,118.349,184.1640625,47146.0,,sustained_rand_read_120s_qd16_repeat3,rand_read,2,results\external_ssd\sustained_rand_read_120s_qd16_repeat3\sustained_rand_read_120s_qd16_repeat3_run2.json
119000.0,119.0,,,326.37,sustained_rand_read_120s_qd16_repeat3,rand_read,2,results\external_ssd\sustained_rand_read_120s_qd16_repeat3\sustained_rand_read_120s_qd16_repeat3_run2.json
119350.0,119.35,161.873046875,41439.0,,sustained_rand_read_120s_qd16_repeat3,rand_read,2,results\external_ssd\sustained_rand_read_120s_qd16_repeat3\sustained_rand_read_120s_qd16_repeat3_run2.json
120000.0,120.0,,,305.892,sustained_rand_read_120s_qd16_repeat3,rand_read,2,results\external_ssd\sustained_rand_read_120s_qd16_repeat3\sustained_rand_read_120s_qd16_repeat3_run2.json
120000.0,120.0,,,586.508,sustained_rand_read_120s_qd16_repeat3,rand_read,2,results\external_ssd\sustained_rand_read_120s_qd16_repeat3\sustained_rand_read_120s_qd16_repeat3_run2.json
1000.0,1.0,,,323.224,sustained_rand_read_120s_qd16_repeat3,rand_read,3,results\external_ssd\sustained_rand_read_120s_qd16_repeat3\sustained_rand_read_120s_qd16_repeat3_run3.json
1020.0,1.02,167.140625,42790.0,,sustained_rand_read_120s_qd16_repeat3,rand_read,3,results\external_ssd\sustained_rand_read_120s_qd16_repeat3\sustained_rand_read_120s_qd16_repeat3_run3.json
2000.0,2.0,,,356.467,sustained_rand_read_120s_qd16_repeat3,rand_read,3,results\external_ssd\sustained_rand_read_120s_qd16_repeat3\sustained_rand_read_120s_qd16_repeat3_run3.json
2021.0,2.021,147.66015625,37801.0,,sustained_rand_read_120s_qd16_repeat3,rand_read,3,results\external_ssd\sustained_rand_read_120s_qd16_repeat3\sustained_rand_read_120s_qd16_repeat3_run3.json
3000.0,3.0,,,306.891,sustained_rand_read_120s_qd16_repeat3,rand_read,3,results\external_ssd\sustained_rand_read_120s_qd16_repeat3\sustained_rand_read_120s_qd16_repeat3_run3.json
3022.0,3.022,174.3525390625,44634.0,,sustained_rand_read_120s_qd16_repeat3,rand_read,3,results\external_ssd\sustained_rand_read_120s_qd16_repeat3\sustained_rand_read_120s_qd16_repeat3_run3.json
4000.0,4.0,,,300.592,sustained_rand_read_120s_qd16_repeat3,rand_read,3,results\external_ssd\sustained_rand_read_120s_qd16_repeat3\sustained_rand_read_120s_qd16_repeat3_run3.json
4022.0,4.022,183.1171875,46878.0,,sustained_rand_read_120s_qd16_repeat3,rand_read,3,results\external_ssd\sustained_rand_read_120s_qd16_repeat3\sustained_rand_read_120s_qd16_repeat3_run3.json
5000.0,5.0,,,299.457,sustained_rand_read_120s_qd16_repeat3,rand_read,3,results\external_ssd\sustained_rand_read_120s_qd16_repeat3\sustained_rand_read_120s_qd16_repeat3_run3.json
5023.0,5.023,185.1796875,47406.0,,sustained_rand_read_120s_qd16_repeat3,rand_read,3,results\external_ssd\sustained_rand_read_120s_qd16_repeat3\sustained_rand_read_120s_qd16_repeat3_run3.json
6000.0,6.0,,,294.618,sustained_rand_read_120s_qd16_repeat3,rand_read,3,results\external_ssd\sustained_rand_read_120s_qd16_repeat3\sustained_rand_read_120s_qd16_repeat3_run3.json
6023.0,6.023,194.57421875,49811.0,,sustained_rand_read_120s_qd16_repeat3,rand_read,3,results\external_ssd\sustained_rand_read_120s_qd16_repeat3\sustained_rand_read_120s_qd16_repeat3_run3.json
7000.0,7.0,,,295.04,sustained_rand_read_120s_qd16_repeat3,rand_read,3,results\external_ssd\sustained_rand_read_120s_qd16_repeat3\sustained_rand_read_120s_qd16_repeat3_run3.json
7023.0,7.023,195.94921875,50163.0,,sustained_rand_read_120s_qd16_repeat3,rand_read,3,results\external_ssd\sustained_rand_read_120s_qd16_repeat3\sustained_rand_read_120s_qd16_repeat3_run3.json
8000.0,8.0,,,294.509,sustained_rand_read_120s_qd16_repeat3,rand_read,3,results\external_ssd\sustained_rand_read_120s_qd16_repeat3\sustained_rand_read_120s_qd16_repeat3_run3.json
8024.0,8.024,192.32421875,49235.0,,sustained_rand_read_120s_qd16_repeat3,rand_read,3,results\external_ssd\sustained_rand_read_120s_qd16_repeat3\sustained_rand_read_120s_qd16_repeat3_run3.json
9000.0,9.0,,,304.059,sustained_rand_read_120s_qd16_repeat3,rand_read,3,results\external_ssd\sustained_rand_read_120s_qd16_repeat3\sustained_rand_read_120s_qd16_repeat3_run3.json
9024.0,9.024,181.25390625,46401.0,,sustained_rand_read_120s_qd16_repeat3,rand_read,3,results\external_ssd\sustained_rand_read_120s_qd16_repeat3\sustained_rand_read_120s_qd16_repeat3_run3.json
10000.0,10.0,,,314.257,sustained_rand_read_120s_qd16_repeat3,rand_read,3,results\external_ssd\sustained_rand_read_120s_qd16_repeat3\sustained_rand_read_120s_qd16_repeat3_run3.json
10025.0,10.025,174.09375,44568.0,,sustained_rand_read_120s_qd16_repeat3,rand_read,3,results\external_ssd\sustained_rand_read_120s_qd16_repeat3\sustained_rand_read_120s_qd16_repeat3_run3.json
11000.0,11.0,,,312.954,sustained_rand_read_120s_qd16_repeat3,rand_read,3,results\external_ssd\sustained_rand_read_120s_qd16_repeat3\sustained_rand_read_120s_qd16_repeat3_run3.json
11026.0,11.026,166.9228515625,42732.0,,sustained_rand_read_120s_qd16_repeat3,rand_read,3,results\external_ssd\sustained_rand_read_120s_qd16_repeat3\sustained_rand_read_120s_qd16_repeat3_run3.json
12000.0,12.0,,,312.692,sustained_rand_read_120s_qd16_repeat3,rand_read,3,results\external_ssd\sustained_rand_read_120s_qd16_repeat3\sustained_rand_read_120s_qd16_repeat3_run3.json
12027.0,12.027,170.10546875,43547.0,,sustained_rand_read_120s_qd16_repeat3,rand_read,3,results\external_ssd\sustained_rand_read_120s_qd16_repeat3\sustained_rand_read_120s_qd16_repeat3_run3.json
13000.0,13.0,,,391.259,sustained_rand_read_120s_qd16_repeat3,rand_read,3,results\external_ssd\sustained_rand_read_120s_qd16_repeat3\sustained_rand_read_120s_qd16_repeat3_run3.json
13032.0,13.032,125.8896484375,32227.0,,sustained_rand_read_120s_qd16_repeat3,rand_read,3,results\external_ssd\sustained_rand_read_120s_qd16_repeat3\sustained_rand_read_120s_qd16_repeat3_run3.json
14000.0,14.0,,,359.011,sustained_rand_read_120s_qd16_repeat3,rand_read,3,results\external_ssd\sustained_rand_read_120s_qd16_repeat3\sustained_rand_read_120s_qd16_repeat3_run3.json
14033.0,14.033,140.06640625,35857.0,,sustained_rand_read_120s_qd16_repeat3,rand_read,3,results\external_ssd\sustained_rand_read_120s_qd16_repeat3\sustained_rand_read_120s_qd16_repeat3_run3.json
15000.0,15.0,,,353.273,sustained_rand_read_120s_qd16_repeat3,rand_read,3,results\external_ssd\sustained_rand_read_120s_qd16_repeat3\sustained_rand_read_120s_qd16_repeat3_run3.json
15033.0,15.033,142.67578125,36525.0,,sustained_rand_read_120s_qd16_repeat3,rand_read,3,results\external_ssd\sustained_rand_read_120s_qd16_repeat3\sustained_rand_read_120s_qd16_repeat3_run3.json
16000.0,16.0,,,343.383,sustained_rand_read_120s_qd16_repeat3,rand_read,3,results\external_ssd\sustained_rand_read_120s_qd16_repeat3\sustained_rand_read_120s_qd16_repeat3_run3.json
16034.0,16.034,145.88671875,37347.0,,sustained_rand_read_120s_qd16_repeat3,rand_read,3,results\external_ssd\sustained_rand_read_120s_qd16_repeat3\sustained_rand_read_120s_qd16_repeat3_run3.json
17000.0,17.0,,,315.781,sustained_rand_read_120s_qd16_repeat3,rand_read,3,results\external_ssd\sustained_rand_read_120s_qd16_repeat3\sustained_rand_read_120s_qd16_repeat3_run3.json
17035.0,17.035,164.9169921875,42218.0,,sustained_rand_read_120s_qd16_repeat3,rand_read,3,results\external_ssd\sustained_rand_read_120s_qd16_repeat3\sustained_rand_read_120s_qd16_repeat3_run3.json
18000.0,18.0,,,320.123,sustained_rand_read_120s_qd16_repeat3,rand_read,3,results\external_ssd\sustained_rand_read_120s_qd16_repeat3\sustained_rand_read_120s_qd16_repeat3_run3.json
18035.0,18.035,159.6953125,40882.0,,sustained_rand_read_120s_qd16_repeat3,rand_read,3,results\external_ssd\sustained_rand_read_120s_qd16_repeat3\sustained_rand_read_120s_qd16_repeat3_run3.json
19000.0,19.0,,,324.915,sustained_rand_read_120s_qd16_repeat3,rand_read,3,results\external_ssd\sustained_rand_read_120s_qd16_repeat3\sustained_rand_read_120s_qd16_repeat3_run3.json
19036.0,19.036,156.2578125,40002.0,,sustained_rand_read_120s_qd16_repeat3,rand_read,3,results\external_ssd\sustained_rand_read_120s_qd16_repeat3\sustained_rand_read_120s_qd16_repeat3_run3.json
20000.0,20.0,,,318.882,sustained_rand_read_120s_qd16_repeat3,rand_read,3,results\external_ssd\sustained_rand_read_120s_qd16_repeat3\sustained_rand_read_120s_qd16_repeat3_run3.json
20036.0,20.036,157.99609375,40447.0,,sustained_rand_read_120s_qd16_repeat3,rand_read,3,results\external_ssd\sustained_rand_read_120s_qd16_repeat3\sustained_rand_read_120s_qd16_repeat3_run3.json
21000.0,21.0,,,347.247,sustained_rand_read_120s_qd16_repeat3,rand_read,3,results\external_ssd\sustained_rand_read_120s_qd16_repeat3\sustained_rand_read_120s_qd16_repeat3_run3.json
21037.0,21.037,151.54296875,38795.0,,sustained_rand_read_120s_qd16_repeat3,rand_read,3,results\external_ssd\sustained_rand_read_120s_qd16_repeat3\sustained_rand_read_120s_qd16_repeat3_run3.json
22000.0,22.0,,,321.504,sustained_rand_read_120s_qd16_repeat3,rand_read,3,results\external_ssd\sustained_rand_read_120s_qd16_repeat3\sustained_rand_read_120s_qd16_repeat3_run3.json
22038.0,22.038,171.359375,43868.0,,sustained_rand_read_120s_qd16_repeat3,rand_read,3,results\external_ssd\sustained_rand_read_120s_qd16_repeat3\sustained_rand_read_120s_qd16_repeat3_run3.json
23000.0,23.0,,,304.382,sustained_rand_read_120s_qd16_repeat3,rand_read,3,results\external_ssd\sustained_rand_read_120s_qd16_repeat3\sustained_rand_read_120s_qd16_repeat3_run3.json
23038.0,23.038,177.41796875,45419.0,,sustained_rand_read_120s_qd16_repeat3,rand_read,3,results\external_ssd\sustained_rand_read_120s_qd16_repeat3\sustained_rand_read_120s_qd16_repeat3_run3.json
24000.0,24.0,,,301.103,sustained_rand_read_120s_qd16_repeat3,rand_read,3,results\external_ssd\sustained_rand_read_120s_qd16_repeat3\sustained_rand_read_120s_qd16_repeat3_run3.json
24039.0,24.039,184.9453125,47346.0,,sustained_rand_read_120s_qd16_repeat3,rand_read,3,results\external_ssd\sustained_rand_read_120s_qd16_repeat3\sustained_rand_read_120s_qd16_repeat3_run3.json
25000.0,25.0,,,299.743,sustained_rand_read_120s_qd16_repeat3,rand_read,3,results\external_ssd\sustained_rand_read_120s_qd16_repeat3\sustained_rand_read_120s_qd16_repeat3_run3.json
25039.0,25.039,188.12109375,48159.0,,sustained_rand_read_120s_qd16_repeat3,rand_read,3,results\external_ssd\sustained_rand_read_120s_qd16_repeat3\sustained_rand_read_120s_qd16_repeat3_run3.json
26000.0,26.0,,,298.454,sustained_rand_read_120s_qd16_repeat3,rand_read,3,results\external_ssd\sustained_rand_read_120s_qd16_repeat3\sustained_rand_read_120s_qd16_repeat3_run3.json
26040.0,26.04,189.80859375,48591.0,,sustained_rand_read_120s_qd16_repeat3,rand_read,3,results\external_ssd\sustained_rand_read_120s_qd16_repeat3\sustained_rand_read_120s_qd16_repeat3_run3.json
27000.0,27.0,,,294.084,sustained_rand_read_120s_qd16_repeat3,rand_read,3,results\external_ssd\sustained_rand_read_120s_qd16_repeat3\sustained_rand_read_120s_qd16_repeat3_run3.json
27040.0,27.04,197.58203125,50581.0,,sustained_rand_read_120s_qd16_repeat3,rand_read,3,results\external_ssd\sustained_rand_read_120s_qd16_repeat3\sustained_rand_read_120s_qd16_repeat3_run3.json
28000.0,28.0,,,294.022,sustained_rand_read_120s_qd16_repeat3,rand_read,3,results\external_ssd\sustained_rand_read_120s_qd16_repeat3\sustained_rand_read_120s_qd16_repeat3_run3.json
28041.0,28.041,197.58984375,50583.0,,sustained_rand_read_120s_qd16_repeat3,rand_read,3,results\external_ssd\sustained_rand_read_120s_qd16_repeat3\sustained_rand_read_120s_qd16_repeat3_run3.json
29000.0,29.0,,,296.467,sustained_rand_read_120s_qd16_repeat3,rand_read,3,results\external_ssd\sustained_rand_read_120s_qd16_repeat3\sustained_rand_read_120s_qd16_repeat3_run3.json
29042.0,29.042,192.3662109375,49245.0,,sustained_rand_read_120s_qd16_repeat3,rand_read,3,results\external_ssd\sustained_rand_read_120s_qd16_repeat3\sustained_rand_read_120s_qd16_repeat3_run3.json
30000.0,30.0,,,298.323,sustained_rand_read_120s_qd16_repeat3,rand_read,3,results\external_ssd\sustained_rand_read_120s_qd16_repeat3\sustained_rand_read_120s_qd16_repeat3_run3.json
30042.0,30.042,186.5,47744.0,,sustained_rand_read_120s_qd16_repeat3,rand_read,3,results\external_ssd\sustained_rand_read_120s_qd16_repeat3\sustained_rand_read_120s_qd16_repeat3_run3.json
31000.0,31.0,,,308.519,sustained_rand_read_120s_qd16_repeat3,rand_read,3,results\external_ssd\sustained_rand_read_120s_qd16_repeat3\sustained_rand_read_120s_qd16_repeat3_run3.json
31043.0,31.043,173.2734375,44358.0,,sustained_rand_read_120s_qd16_repeat3,rand_read,3,results\external_ssd\sustained_rand_read_120s_qd16_repeat3\sustained_rand_read_120s_qd16_repeat3_run3.json
32000.0,32.0,,,303.171,sustained_rand_read_120s_qd16_repeat3,rand_read,3,results\external_ssd\sustained_rand_read_120s_qd16_repeat3\sustained_rand_read_120s_qd16_repeat3_run3.json
32043.0,32.043,180.74609375,46271.0,,sustained_rand_read_120s_qd16_repeat3,rand_read,3,results\external_ssd\sustained_rand_read_120s_qd16_repeat3\sustained_rand_read_120s_qd16_repeat3_run3.json
33000.0,33.0,,,301.808,sustained_rand_read_120s_qd16_repeat3,rand_read,3,results\external_ssd\sustained_rand_read_120s_qd16_repeat3\sustained_rand_read_120s_qd16_repeat3_run3.json
33044.0,33.044,184.4013671875,47206.0,,sustained_rand_read_120s_qd16_repeat3,rand_read,3,results\external_ssd\sustained_rand_read_120s_qd16_repeat3\sustained_rand_read_120s_qd16_repeat3_run3.json
34000.0,34.0,,,293.869,sustained_rand_read_120s_qd16_repeat3,rand_read,3,results\external_ssd\sustained_rand_read_120s_qd16_repeat3\sustained_rand_read_120s_qd16_repeat3_run3.json
34045.0,34.045,196.625,50336.0,,sustained_rand_read_120s_qd16_repeat3,rand_read,3,results\external_ssd\sustained_rand_read_120s_qd16_repeat3\sustained_rand_read_120s_qd16_repeat3_run3.json
35000.0,35.0,,,295.16,sustained_rand_read_120s_qd16_repeat3,rand_read,3,results\external_ssd\sustained_rand_read_120s_qd16_repeat3\sustained_rand_read_120s_qd16_repeat3_run3.json
35045.0,35.045,195.6953125,50098.0,,sustained_rand_read_120s_qd16_repeat3,rand_read,3,results\external_ssd\sustained_rand_read_120s_qd16_repeat3\sustained_rand_read_120s_qd16_repeat3_run3.json
36000.0,36.0,,,299.798,sustained_rand_read_120s_qd16_repeat3,rand_read,3,results\external_ssd\sustained_rand_read_120s_qd16_repeat3\sustained_rand_read_120s_qd16_repeat3_run3.json
36047.0,36.047,186.2626953125,47683.0,,sustained_rand_read_120s_qd16_repeat3,rand_read,3,results\external_ssd\sustained_rand_read_120s_qd16_repeat3\sustained_rand_read_120s_qd16_repeat3_run3.json
37000.0,37.0,,,300.765,sustained_rand_read_120s_qd16_repeat3,rand_read,3,results\external_ssd\sustained_rand_read_120s_qd16_repeat3\sustained_rand_read_120s_qd16_repeat3_run3.json
37048.0,37.048,186.2353515625,47676.0,,sustained_rand_read_120s_qd16_repeat3,rand_read,3,results\external_ssd\sustained_rand_read_120s_qd16_repeat3\sustained_rand_read_120s_qd16_repeat3_run3.json
38000.0,38.0,,,297.199,sustained_rand_read_120s_qd16_repeat3,rand_read,3,results\external_ssd\sustained_rand_read_120s_qd16_repeat3\sustained_rand_read_120s_qd16_repeat3_run3.json
38048.0,38.048,188.10546875,48155.0,,sustained_rand_read_120s_qd16_repeat3,rand_read,3,results\external_ssd\sustained_rand_read_120s_qd16_repeat3\sustained_rand_read_120s_qd16_repeat3_run3.json
39000.0,39.0,,,299.498,sustained_rand_read_120s_qd16_repeat3,rand_read,3,results\external_ssd\sustained_rand_read_120s_qd16_repeat3\sustained_rand_read_120s_qd16_repeat3_run3.json
39049.0,39.049,183.4140625,46954.0,,sustained_rand_read_120s_qd16_repeat3,rand_read,3,results\external_ssd\sustained_rand_read_120s_qd16_repeat3\sustained_rand_read_120s_qd16_repeat3_run3.json
40000.0,40.0,,,303.523,sustained_rand_read_120s_qd16_repeat3,rand_read,3,results\external_ssd\sustained_rand_read_120s_qd16_repeat3\sustained_rand_read_120s_qd16_repeat3_run3.json
40049.0,40.049,179.78125,46024.0,,sustained_rand_read_120s_qd16_repeat3,rand_read,3,results\external_ssd\sustained_rand_read_120s_qd16_repeat3\sustained_rand_read_120s_qd16_repeat3_run3.json
41000.0,41.0,,,296.52,sustained_rand_read_120s_qd16_repeat3,rand_read,3,results\external_ssd\sustained_rand_read_120s_qd16_repeat3\sustained_rand_read_120s_qd16_repeat3_run3.json
41050.0,41.05,189.24609375,48447.0,,sustained_rand_read_120s_qd16_repeat3,rand_read,3,results\external_ssd\sustained_rand_read_120s_qd16_repeat3\sustained_rand_read_120s_qd16_repeat3_run3.json
42000.0,42.0,,,297.569,sustained_rand_read_120s_qd16_repeat3,rand_read,3,results\external_ssd\sustained_rand_read_120s_qd16_repeat3\sustained_rand_read_120s_qd16_repeat3_run3.json
42050.0,42.05,188.94921875,48371.0,,sustained_rand_read_120s_qd16_repeat3,rand_read,3,results\external_ssd\sustained_rand_read_120s_qd16_repeat3\sustained_rand_read_120s_qd16_repeat3_run3.json
43000.0,43.0,,,300.006,sustained_rand_read_120s_qd16_repeat3,rand_read,3,results\external_ssd\sustained_rand_read_120s_qd16_repeat3\sustained_rand_read_120s_qd16_repeat3_run3.json
43050.0,43.05,182.796875,46796.0,,sustained_rand_read_120s_qd16_repeat3,rand_read,3,results\external_ssd\sustained_rand_read_120s_qd16_repeat3\sustained_rand_read_120s_qd16_repeat3_run3.json
44000.0,44.0,,,308.365,sustained_rand_read_120s_qd16_repeat3,rand_read,3,results\external_ssd\sustained_rand_read_120s_qd16_repeat3\sustained_rand_read_120s_qd16_repeat3_run3.json
44051.0,44.051,174.5556640625,44686.0,,sustained_rand_read_120s_qd16_repeat3,rand_read,3,results\external_ssd\sustained_rand_read_120s_qd16_repeat3\sustained_rand_read_120s_qd16_repeat3_run3.json
45000.0,45.0,,,298.442,sustained_rand_read_120s_qd16_repeat3,rand_read,3,results\external_ssd\sustained_rand_read_120s_qd16_repeat3\sustained_rand_read_120s_qd16_repeat3_run3.json
45052.0,45.052,187.5703125,48018.0,,sustained_rand_read_120s_qd16_repeat3,rand_read,3,results\external_ssd\sustained_rand_read_120s_qd16_repeat3\sustained_rand_read_120s_qd16_repeat3_run3.json
46000.0,46.0,,,308.845,sustained_rand_read_120s_qd16_repeat3,rand_read,3,results\external_ssd\sustained_rand_read_120s_qd16_repeat3\sustained_rand_read_120s_qd16_repeat3_run3.json
46052.0,46.052,173.62109375,44447.0,,sustained_rand_read_120s_qd16_repeat3,rand_read,3,results\external_ssd\sustained_rand_read_120s_qd16_repeat3\sustained_rand_read_120s_qd16_repeat3_run3.json
47000.0,47.0,,,328.877,sustained_rand_read_120s_qd16_repeat3,rand_read,3,results\external_ssd\sustained_rand_read_120s_qd16_repeat3\sustained_rand_read_120s_qd16_repeat3_run3.json
47052.0,47.052,164.3515625,42074.0,,sustained_rand_read_120s_qd16_repeat3,rand_read,3,results\external_ssd\sustained_rand_read_120s_qd16_repeat3\sustained_rand_read_120s_qd16_repeat3_run3.json
48000.0,48.0,,,331.82,sustained_rand_read_120s_qd16_repeat3,rand_read,3,results\external_ssd\sustained_rand_read_120s_qd16_repeat3\sustained_rand_read_120s_qd16_repeat3_run3.json
48052.0,48.052,149.375,38240.0,,sustained_rand_read_120s_qd16_repeat3,rand_read,3,results\external_ssd\sustained_rand_read_120s_qd16_repeat3\sustained_rand_read_120s_qd16_repeat3_run3.json
49000.0,49.0,,,478.189,sustained_rand_read_120s_qd16_repeat3,rand_read,3,results\external_ssd\sustained_rand_read_120s_qd16_repeat3\sustained_rand_read_120s_qd16_repeat3_run3.json
49052.0,49.052,90.54296875,23179.0,,sustained_rand_read_120s_qd16_repeat3,rand_read,3,results\external_ssd\sustained_rand_read_120s_qd16_repeat3\sustained_rand_read_120s_qd16_repeat3_run3.json
50000.0,50.0,,,521.185,sustained_rand_read_120s_qd16_repeat3,rand_read,3,results\external_ssd\sustained_rand_read_120s_qd16_repeat3\sustained_rand_read_120s_qd16_repeat3_run3.json
50053.0,50.053,96.59765625,24729.0,,sustained_rand_read_120s_qd16_repeat3,rand_read,3,results\external_ssd\sustained_rand_read_120s_qd16_repeat3\sustained_rand_read_120s_qd16_repeat3_run3.json
51000.0,51.0,,,355.931,sustained_rand_read_120s_qd16_repeat3,rand_read,3,results\external_ssd\sustained_rand_read_120s_qd16_repeat3\sustained_rand_read_120s_qd16_repeat3_run3.json
51054.0,51.054,132.7421875,33982.0,,sustained_rand_read_120s_qd16_repeat3,rand_read,3,results\external_ssd\sustained_rand_read_120s_qd16_repeat3\sustained_rand_read_120s_qd16_repeat3_run3.json
52000.0,52.0,,,390.094,sustained_rand_read_120s_qd16_repeat3,rand_read,3,results\external_ssd\sustained_rand_read_120s_qd16_repeat3\sustained_rand_read_120s_qd16_repeat3_run3.json
52055.0,52.055,116.1259765625,29728.0,,sustained_rand_read_120s_qd16_repeat3,rand_read,3,results\external_ssd\sustained_rand_read_120s_qd16_repeat3\sustained_rand_read_120s_qd16_repeat3_run3.json
53000.0,53.0,,,332.133,sustained_rand_read_120s_qd16_repeat3,rand_read,3,results\external_ssd\sustained_rand_read_120s_qd16_repeat3\sustained_rand_read_120s_qd16_repeat3_run3.json
53055.0,53.055,147.15234375,37671.0,,sustained_rand_read_120s_qd16_repeat3,rand_read,3,results\external_ssd\sustained_rand_read_120s_qd16_repeat3\sustained_rand_read_120s_qd16_repeat3_run3.json
54000.0,54.0,,,338.631,sustained_rand_read_120s_qd16_repeat3,rand_read,3,results\external_ssd\sustained_rand_read_120s_qd16_repeat3\sustained_rand_read_120s_qd16_repeat3_run3.json
54056.0,54.056,141.49609375,36223.0,,sustained_rand_read_120s_qd16_repeat3,rand_read,3,results\external_ssd\sustained_rand_read_120s_qd16_repeat3\sustained_rand_read_120s_qd16_repeat3_run3.json
55000.0,55.0,,,310.571,sustained_rand_read_120s_qd16_repeat3,rand_read,3,results\external_ssd\sustained_rand_read_120s_qd16_repeat3\sustained_rand_read_120s_qd16_repeat3_run3.json
55056.0,55.056,168.78125,43208.0,,sustained_rand_read_120s_qd16_repeat3,rand_read,3,results\external_ssd\sustained_rand_read_120s_qd16_repeat3\sustained_rand_read_120s_qd16_repeat3_run3.json
56000.0,56.0,,,311.966,sustained_rand_read_120s_qd16_repeat3,rand_read,3,results\external_ssd\sustained_rand_read_120s_qd16_repeat3\sustained_rand_read_120s_qd16_repeat3_run3.json
56057.0,56.057,164.9521484375,42227.0,,sustained_rand_read_120s_qd16_repeat3,rand_read,3,results\external_ssd\sustained_rand_read_120s_qd16_repeat3\sustained_rand_read_120s_qd16_repeat3_run3.json
57000.0,57.0,,,318.835,sustained_rand_read_120s_qd16_repeat3,rand_read,3,results\external_ssd\sustained_rand_read_120s_qd16_repeat3\sustained_rand_read_120s_qd16_repeat3_run3.json
57058.0,57.058,160.9375,41200.0,,sustained_rand_read_120s_qd16_repeat3,rand_read,3,results\external_ssd\sustained_rand_read_120s_qd16_repeat3\sustained_rand_read_120s_qd16_repeat3_run3.json
58000.0,58.0,,,348.034,sustained_rand_read_120s_qd16_repeat3,rand_read,3,results\external_ssd\sustained_rand_read_120s_qd16_repeat3\sustained_rand_read_120s_qd16_repeat3_run3.json
58059.0,58.059,136.9912109375,35069.0,,sustained_rand_read_120s_qd16_repeat3,rand_read,3,results\external_ssd\sustained_rand_read_120s_qd16_repeat3\sustained_rand_read_120s_qd16_repeat3_run3.json
59000.0,59.0,,,327.098,sustained_rand_read_120s_qd16_repeat3,rand_read,3,results\external_ssd\sustained_rand_read_120s_qd16_repeat3\sustained_rand_read_120s_qd16_repeat3_run3.json
59061.0,59.061,160.3037109375,41037.0,,sustained_rand_read_120s_qd16_repeat3,rand_read,3,results\external_ssd\sustained_rand_read_120s_qd16_repeat3\sustained_rand_read_120s_qd16_repeat3_run3.json
60000.0,60.0,,,309.414,sustained_rand_read_120s_qd16_repeat3,rand_read,3,results\external_ssd\sustained_rand_read_120s_qd16_repeat3\sustained_rand_read_120s_qd16_repeat3_run3.json
60061.0,60.061,167.51953125,42885.0,,sustained_rand_read_120s_qd16_repeat3,rand_read,3,results\external_ssd\sustained_rand_read_120s_qd16_repeat3\sustained_rand_read_120s_qd16_repeat3_run3.json
61000.0,61.0,,,310.014,sustained_rand_read_120s_qd16_repeat3,rand_read,3,results\external_ssd\sustained_rand_read_120s_qd16_repeat3\sustained_rand_read_120s_qd16_repeat3_run3.json
61062.0,61.062,167.6640625,42922.0,,sustained_rand_read_120s_qd16_repeat3,rand_read,3,results\external_ssd\sustained_rand_read_120s_qd16_repeat3\sustained_rand_read_120s_qd16_repeat3_run3.json
62000.0,62.0,,,320.222,sustained_rand_read_120s_qd16_repeat3,rand_read,3,results\external_ssd\sustained_rand_read_120s_qd16_repeat3\sustained_rand_read_120s_qd16_repeat3_run3.json
62063.0,62.063,158.6875,40624.0,,sustained_rand_read_120s_qd16_repeat3,rand_read,3,results\external_ssd\sustained_rand_read_120s_qd16_repeat3\sustained_rand_read_120s_qd16_repeat3_run3.json
63000.0,63.0,,,336.466,sustained_rand_read_120s_qd16_repeat3,rand_read,3,results\external_ssd\sustained_rand_read_120s_qd16_repeat3\sustained_rand_read_120s_qd16_repeat3_run3.json
63064.0,63.064,143.8125,36816.0,,sustained_rand_read_120s_qd16_repeat3,rand_read,3,results\external_ssd\sustained_rand_read_120s_qd16_repeat3\sustained_rand_read_120s_qd16_repeat3_run3.json
64000.0,64.0,,,360.779,sustained_rand_read_120s_qd16_repeat3,rand_read,3,results\external_ssd\sustained_rand_read_120s_qd16_repeat3\sustained_rand_read_120s_qd16_repeat3_run3.json
64064.0,64.064,134.19921875,34355.0,,sustained_rand_read_120s_qd16_repeat3,rand_read,3,results\external_ssd\sustained_rand_read_120s_qd16_repeat3\sustained_rand_read_120s_qd16_repeat3_run3.json
65000.0,65.0,,,319.863,sustained_rand_read_120s_qd16_repeat3,rand_read,3,results\external_ssd\sustained_rand_read_120s_qd16_repeat3\sustained_rand_read_120s_qd16_repeat3_run3.json
65064.0,65.064,157.6640625,40362.0,,sustained_rand_read_120s_qd16_repeat3,rand_read,3,results\external_ssd\sustained_rand_read_120s_qd16_repeat3\sustained_rand_read_120s_qd16_repeat3_run3.json
66008.0,66.008,,,364.616,sustained_rand_read_120s_qd16_repeat3,rand_read,3,results\external_ssd\sustained_rand_read_120s_qd16_repeat3\sustained_rand_read_120s_qd16_repeat3_run3.json
66065.0,66.065,127.2353515625,32572.0,,sustained_rand_read_120s_qd16_repeat3,rand_read,3,results\external_ssd\sustained_rand_read_120s_qd16_repeat3\sustained_rand_read_120s_qd16_repeat3_run3.json
67000.0,67.0,,,320.278,sustained_rand_read_120s_qd16_repeat3,rand_read,3,results\external_ssd\sustained_rand_read_120s_qd16_repeat3\sustained_rand_read_120s_qd16_repeat3_run3.json
67066.0,67.066,166.5703125,42642.0,,sustained_rand_read_120s_qd16_repeat3,rand_read,3,results\external_ssd\sustained_rand_read_120s_qd16_repeat3\sustained_rand_read_120s_qd16_repeat3_run3.json
68000.0,68.0,,,443.69,sustained_rand_read_120s_qd16_repeat3,rand_read,3,results\external_ssd\sustained_rand_read_120s_qd16_repeat3\sustained_rand_read_120s_qd16_repeat3_run3.json
68067.0,68.067,106.3974609375,27237.0,,sustained_rand_read_120s_qd16_repeat3,rand_read,3,results\external_ssd\sustained_rand_read_120s_qd16_repeat3\sustained_rand_read_120s_qd16_repeat3_run3.json
69000.0,69.0,,,337.275,sustained_rand_read_120s_qd16_repeat3,rand_read,3,results\external_ssd\sustained_rand_read_120s_qd16_repeat3\sustained_rand_read_120s_qd16_repeat3_run3.json
69067.0,69.067,145.60546875,37275.0,,sustained_rand_read_120s_qd16_repeat3,rand_read,3,results\external_ssd\sustained_rand_read_120s_qd16_repeat3\sustained_rand_read_120s_qd16_repeat3_run3.json
70000.0,70.0,,,333.638,sustained_rand_read_120s_qd16_repeat3,rand_read,3,results\external_ssd\sustained_rand_read_120s_qd16_repeat3\sustained_rand_read_120s_qd16_repeat3_run3.json
70067.0,70.067,152.59765625,39065.0,,sustained_rand_read_120s_qd16_repeat3,rand_read,3,results\external_ssd\sustained_rand_read_120s_qd16_repeat3\sustained_rand_read_120s_qd16_repeat3_run3.json
71000.0,71.0,,,301.644,sustained_rand_read_120s_qd16_repeat3,rand_read,3,results\external_ssd\sustained_rand_read_120s_qd16_repeat3\sustained_rand_read_120s_qd16_repeat3_run3.json
71068.0,71.068,181.8203125,46546.0,,sustained_rand_read_120s_qd16_repeat3,rand_read,3,results\external_ssd\sustained_rand_read_120s_qd16_repeat3\sustained_rand_read_120s_qd16_repeat3_run3.json
72000.0,72.0,,,301.869,sustained_rand_read_120s_qd16_repeat3,rand_read,3,results\external_ssd\sustained_rand_read_120s_qd16_repeat3\sustained_rand_read_120s_qd16_repeat3_run3.json
72069.0,72.069,182.33984375,46679.0,,sustained_rand_read_120s_qd16_repeat3,rand_read,3,results\external_ssd\sustained_rand_read_120s_qd16_repeat3\sustained_rand_read_120s_qd16_repeat3_run3.json
73000.0,73.0,,,313.804,sustained_rand_read_120s_qd16_repeat3,rand_read,3,results\external_ssd\sustained_rand_read_120s_qd16_repeat3\sustained_rand_read_120s_qd16_repeat3_run3.json
73069.0,73.069,172.74609375,44223.0,,sustained_rand_read_120s_qd16_repeat3,rand_read,3,results\external_ssd\sustained_rand_read_120s_qd16_repeat3\sustained_rand_read_120s_qd16_repeat3_run3.json
74000.0,74.0,,,305.906,sustained_rand_read_120s_qd16_repeat3,rand_read,3,results\external_ssd\sustained_rand_read_120s_qd16_repeat3\sustained_rand_read_120s_qd16_repeat3_run3.json
74070.0,74.07,174.640625,44708.0,,sustained_rand_read_120s_qd16_repeat3,rand_read,3,results\external_ssd\sustained_rand_read_120s_qd16_repeat3\sustained_rand_read_120s_qd16_repeat3_run3.json
75000.0,75.0,,,303.824,sustained_rand_read_120s_qd16_repeat3,rand_read,3,results\external_ssd\sustained_rand_read_120s_qd16_repeat3\sustained_rand_read_120s_qd16_repeat3_run3.json
75071.0,75.071,180.5615234375,46223.0,,sustained_rand_read_120s_qd16_repeat3,rand_read,3,results\external_ssd\sustained_rand_read_120s_qd16_repeat3\sustained_rand_read_120s_qd16_repeat3_run3.json
76000.0,76.0,,,312.6,sustained_rand_read_120s_qd16_repeat3,rand_read,3,results\external_ssd\sustained_rand_read_120s_qd16_repeat3\sustained_rand_read_120s_qd16_repeat3_run3.json
76071.0,76.071,168.22265625,43065.0,,sustained_rand_read_120s_qd16_repeat3,rand_read,3,results\external_ssd\sustained_rand_read_120s_qd16_repeat3\sustained_rand_read_120s_qd16_repeat3_run3.json
77000.0,77.0,,,307.494,sustained_rand_read_120s_qd16_repeat3,rand_read,3,results\external_ssd\sustained_rand_read_120s_qd16_repeat3\sustained_rand_read_120s_qd16_repeat3_run3.json
77071.0,77.071,174.51953125,44677.0,,sustained_rand_read_120s_qd16_repeat3,rand_read,3,results\external_ssd\sustained_rand_read_120s_qd16_repeat3\sustained_rand_read_120s_qd16_repeat3_run3.json
78000.0,78.0,,,312.187,sustained_rand_read_120s_qd16_repeat3,rand_read,3,results\external_ssd\sustained_rand_read_120s_qd16_repeat3\sustained_rand_read_120s_qd16_repeat3_run3.json
78072.0,78.072,166.5791015625,42644.0,,sustained_rand_read_120s_qd16_repeat3,rand_read,3,results\external_ssd\sustained_rand_read_120s_qd16_repeat3\sustained_rand_read_120s_qd16_repeat3_run3.json
79010.0,79.01,,,328.104,sustained_rand_read_120s_qd16_repeat3,rand_read,3,results\external_ssd\sustained_rand_read_120s_qd16_repeat3\sustained_rand_read_120s_qd16_repeat3_run3.json
79073.0,79.073,142.0625,36368.0,,sustained_rand_read_120s_qd16_repeat3,rand_read,3,results\external_ssd\sustained_rand_read_120s_qd16_repeat3\sustained_rand_read_120s_qd16_repeat3_run3.json
80000.0,80.0,,,443.561,sustained_rand_read_120s_qd16_repeat3,rand_read,3,results\external_ssd\sustained_rand_read_120s_qd16_repeat3\sustained_rand_read_120s_qd16_repeat3_run3.json
80074.0,80.074,112.7734375,28870.0,,sustained_rand_read_120s_qd16_repeat3,rand_read,3,results\external_ssd\sustained_rand_read_120s_qd16_repeat3\sustained_rand_read_120s_qd16_repeat3_run3.json
81000.0,81.0,,,332.976,sustained_rand_read_120s_qd16_repeat3,rand_read,3,results\external_ssd\sustained_rand_read_120s_qd16_repeat3\sustained_rand_read_120s_qd16_repeat3_run3.json
81074.0,81.074,146.84375,37592.0,,sustained_rand_read_120s_qd16_repeat3,rand_read,3,results\external_ssd\sustained_rand_read_120s_qd16_repeat3\sustained_rand_read_120s_qd16_repeat3_run3.json
82000.0,82.0,,,316.829,sustained_rand_read_120s_qd16_repeat3,rand_read,3,results\external_ssd\sustained_rand_read_120s_qd16_repeat3\sustained_rand_read_120s_qd16_repeat3_run3.json
82075.0,82.075,159.91015625,40937.0,,sustained_rand_read_120s_qd16_repeat3,rand_read,3,results\external_ssd\sustained_rand_read_120s_qd16_repeat3\sustained_rand_read_120s_qd16_repeat3_run3.json
83000.0,83.0,,,302.894,sustained_rand_read_120s_qd16_repeat3,rand_read,3,results\external_ssd\sustained_rand_read_120s_qd16_repeat3\sustained_rand_read_120s_qd16_repeat3_run3.json
83076.0,83.076,180.65625,46248.0,,sustained_rand_read_120s_qd16_repeat3,rand_read,3,results\external_ssd\sustained_rand_read_120s_qd16_repeat3\sustained_rand_read_120s_qd16_repeat3_run3.json
84000.0,84.0,,,311.628,sustained_rand_read_120s_qd16_repeat3,rand_read,3,results\external_ssd\sustained_rand_read_120s_qd16_repeat3\sustained_rand_read_120s_qd16_repeat3_run3.json
84076.0,84.076,170.53125,43656.0,,sustained_rand_read_120s_qd16_repeat3,rand_read,3,results\external_ssd\sustained_rand_read_120s_qd16_repeat3\sustained_rand_read_120s_qd16_repeat3_run3.json
85000.0,85.0,,,299.298,sustained_rand_read_120s_qd16_repeat3,rand_read,3,results\external_ssd\sustained_rand_read_120s_qd16_repeat3\sustained_rand_read_120s_qd16_repeat3_run3.json
85076.0,85.076,185.0546875,47374.0,,sustained_rand_read_120s_qd16_repeat3,rand_read,3,results\external_ssd\sustained_rand_read_120s_qd16_repeat3\sustained_rand_read_120s_qd16_repeat3_run3.json
86000.0,86.0,,,301.477,sustained_rand_read_120s_qd16_repeat3,rand_read,3,results\external_ssd\sustained_rand_read_120s_qd16_repeat3\sustained_rand_read_120s_qd16_repeat3_run3.json
86077.0,86.077,181.97265625,46585.0,,sustained_rand_read_120s_qd16_repeat3,rand_read,3,results\external_ssd\sustained_rand_read_120s_qd16_repeat3\sustained_rand_read_120s_qd16_repeat3_run3.json
87000.0,87.0,,,302.397,sustained_rand_read_120s_qd16_repeat3,rand_read,3,results\external_ssd\sustained_rand_read_120s_qd16_repeat3\sustained_rand_read_120s_qd16_repeat3_run3.json
87077.0,87.077,179.3828125,45922.0,,sustained_rand_read_120s_qd16_repeat3,rand_read,3,results\external_ssd\sustained_rand_read_120s_qd16_repeat3\sustained_rand_read_120s_qd16_repeat3_run3.json
88000.0,88.0,,,302.596,sustained_rand_read_120s_qd16_repeat3,rand_read,3,results\external_ssd\sustained_rand_read_120s_qd16_repeat3\sustained_rand_read_120s_qd16_repeat3_run3.json
88077.0,88.077,182.828125,46804.0,,sustained_rand_read_120s_qd16_repeat3,rand_read,3,results\external_ssd\sustained_rand_read_120s_qd16_repeat3\sustained_rand_read_120s_qd16_repeat3_run3.json
89000.0,89.0,,,302.99,sustained_rand_read_120s_qd16_repeat3,rand_read,3,results\external_ssd\sustained_rand_read_120s_qd16_repeat3\sustained_rand_read_120s_qd16_repeat3_run3.json
89078.0,89.078,180.0029296875,46080.0,,sustained_rand_read_120s_qd16_repeat3,rand_read,3,results\external_ssd\sustained_rand_read_120s_qd16_repeat3\sustained_rand_read_120s_qd16_repeat3_run3.json
90000.0,90.0,,,306.188,sustained_rand_read_120s_qd16_repeat3,rand_read,3,results\external_ssd\sustained_rand_read_120s_qd16_repeat3\sustained_rand_read_120s_qd16_repeat3_run3.json
90079.0,90.079,174.375,44640.0,,sustained_rand_read_120s_qd16_repeat3,rand_read,3,results\external_ssd\sustained_rand_read_120s_qd16_repeat3\sustained_rand_read_120s_qd16_repeat3_run3.json
91000.0,91.0,,,325.586,sustained_rand_read_120s_qd16_repeat3,rand_read,3,results\external_ssd\sustained_rand_read_120s_qd16_repeat3\sustained_rand_read_120s_qd16_repeat3_run3.json
91080.0,91.08,165.33203125,42325.0,,sustained_rand_read_120s_qd16_repeat3,rand_read,3,results\external_ssd\sustained_rand_read_120s_qd16_repeat3\sustained_rand_read_120s_qd16_repeat3_run3.json
92000.0,92.0,,,301.687,sustained_rand_read_120s_qd16_repeat3,rand_read,3,results\external_ssd\sustained_rand_read_120s_qd16_repeat3\sustained_rand_read_120s_qd16_repeat3_run3.json
92080.0,92.08,183.65625,47016.0,,sustained_rand_read_120s_qd16_repeat3,rand_read,3,results\external_ssd\sustained_rand_read_120s_qd16_repeat3\sustained_rand_read_120s_qd16_repeat3_run3.json
93000.0,93.0,,,300.786,sustained_rand_read_120s_qd16_repeat3,rand_read,3,results\external_ssd\sustained_rand_read_120s_qd16_repeat3\sustained_rand_read_120s_qd16_repeat3_run3.json
93081.0,93.081,184.607421875,47259.0,,sustained_rand_read_120s_qd16_repeat3,rand_read,3,results\external_ssd\sustained_rand_read_120s_qd16_repeat3\sustained_rand_read_120s_qd16_repeat3_run3.json
94000.0,94.0,,,307.223,sustained_rand_read_120s_qd16_repeat3,rand_read,3,results\external_ssd\sustained_rand_read_120s_qd16_repeat3\sustained_rand_read_120s_qd16_repeat3_run3.json
94081.0,94.081,182.1953125,46642.0,,sustained_rand_read_120s_qd16_repeat3,rand_read,3,results\external_ssd\sustained_rand_read_120s_qd16_repeat3\sustained_rand_read_120s_qd16_repeat3_run3.json
95000.0,95.0,,,293.801,sustained_rand_read_120s_qd16_repeat3,rand_read,3,results\external_ssd\sustained_rand_read_120s_qd16_repeat3\sustained_rand_read_120s_qd16_repeat3_run3.json
95081.0,95.081,197.046875,50444.0,,sustained_rand_read_120s_qd16_repeat3,rand_read,3,results\external_ssd\sustained_rand_read_120s_qd16_repeat3\sustained_rand_read_120s_qd16_repeat3_run3.json
96000.0,96.0,,,294.008,sustained_rand_read_120s_qd16_repeat3,rand_read,3,results\external_ssd\sustained_rand_read_120s_qd16_repeat3\sustained_rand_read_120s_qd16_repeat3_run3.json
96081.0,96.081,197.11328125,50461.0,,sustained_rand_read_120s_qd16_repeat3,rand_read,3,results\external_ssd\sustained_rand_read_120s_qd16_repeat3\sustained_rand_read_120s_qd16_repeat3_run3.json
97000.0,97.0,,,293.399,sustained_rand_read_120s_qd16_repeat3,rand_read,3,results\external_ssd\sustained_rand_read_120s_qd16_repeat3\sustained_rand_read_120s_qd16_repeat3_run3.json
97081.0,97.081,197.68359375,50607.0,,sustained_rand_read_120s_qd16_repeat3,rand_read,3,results\external_ssd\sustained_rand_read_120s_qd16_repeat3\sustained_rand_read_120s_qd16_repeat3_run3.json
98000.0,98.0,,,294.412,sustained_rand_read_120s_qd16_repeat3,rand_read,3,results\external_ssd\sustained_rand_read_120s_qd16_repeat3\sustained_rand_read_120s_qd16_repeat3_run3.json
98082.0,98.082,196.88671875,50403.0,,sustained_rand_read_120s_qd16_repeat3,rand_read,3,results\external_ssd\sustained_rand_read_120s_qd16_repeat3\sustained_rand_read_120s_qd16_repeat3_run3.json
99000.0,99.0,,,296.272,sustained_rand_read_120s_qd16_repeat3,rand_read,3,results\external_ssd\sustained_rand_read_120s_qd16_repeat3\sustained_rand_read_120s_qd16_repeat3_run3.json
99082.0,99.082,195.7578125,50114.0,,sustained_rand_read_120s_qd16_repeat3,rand_read,3,results\external_ssd\sustained_rand_read_120s_qd16_repeat3\sustained_rand_read_120s_qd16_repeat3_run3.json
100000.0,100.0,,,293.968,sustained_rand_read_120s_qd16_repeat3,rand_read,3,results\external_ssd\sustained_rand_read_120s_qd16_repeat3\sustained_rand_read_120s_qd16_repeat3_run3.json
100083.0,100.083,197.9580078125,50677.0,,sustained_rand_read_120s_qd16_repeat3,rand_read,3,results\external_ssd\sustained_rand_read_120s_qd16_repeat3\sustained_rand_read_120s_qd16_repeat3_run3.json
101000.0,101.0,,,294.151,sustained_rand_read_120s_qd16_repeat3,rand_read,3,results\external_ssd\sustained_rand_read_120s_qd16_repeat3\sustained_rand_read_120s_qd16_repeat3_run3.json
101084.0,101.084,198.42578125,50797.0,,sustained_rand_read_120s_qd16_repeat3,rand_read,3,results\external_ssd\sustained_rand_read_120s_qd16_repeat3\sustained_rand_read_120s_qd16_repeat3_run3.json
102000.0,102.0,,,294.163,sustained_rand_read_120s_qd16_repeat3,rand_read,3,results\external_ssd\sustained_rand_read_120s_qd16_repeat3\sustained_rand_read_120s_qd16_repeat3_run3.json
102085.0,102.085,197.4814453125,50555.0,,sustained_rand_read_120s_qd16_repeat3,rand_read,3,results\external_ssd\sustained_rand_read_120s_qd16_repeat3\sustained_rand_read_120s_qd16_repeat3_run3.json
103000.0,103.0,,,293.452,sustained_rand_read_120s_qd16_repeat3,rand_read,3,results\external_ssd\sustained_rand_read_120s_qd16_repeat3\sustained_rand_read_120s_qd16_repeat3_run3.json
103085.0,103.085,197.53515625,50569.0,,sustained_rand_read_120s_qd16_repeat3,rand_read,3,results\external_ssd\sustained_rand_read_120s_qd16_repeat3\sustained_rand_read_120s_qd16_repeat3_run3.json
104000.0,104.0,,,293.89,sustained_rand_read_120s_qd16_repeat3,rand_read,3,results\external_ssd\sustained_rand_read_120s_qd16_repeat3\sustained_rand_read_120s_qd16_repeat3_run3.json
104085.0,104.085,197.25,50496.0,,sustained_rand_read_120s_qd16_repeat3,rand_read,3,results\external_ssd\sustained_rand_read_120s_qd16_repeat3\sustained_rand_read_120s_qd16_repeat3_run3.json
105000.0,105.0,,,295.709,sustained_rand_read_120s_qd16_repeat3,rand_read,3,results\external_ssd\sustained_rand_read_120s_qd16_repeat3\sustained_rand_read_120s_qd16_repeat3_run3.json
105086.0,105.086,195.53515625,50057.0,,sustained_rand_read_120s_qd16_repeat3,rand_read,3,results\external_ssd\sustained_rand_read_120s_qd16_repeat3\sustained_rand_read_120s_qd16_repeat3_run3.json
106000.0,106.0,,,295.598,sustained_rand_read_120s_qd16_repeat3,rand_read,3,results\external_ssd\sustained_rand_read_120s_qd16_repeat3\sustained_rand_read_120s_qd16_repeat3_run3.json
106086.0,106.086,196.01171875,50179.0,,sustained_rand_read_120s_qd16_repeat3,rand_read,3,results\external_ssd\sustained_rand_read_120s_qd16_repeat3\sustained_rand_read_120s_qd16_repeat3_run3.json
107000.0,107.0,,,294.795,sustained_rand_read_120s_qd16_repeat3,rand_read,3,results\external_ssd\sustained_rand_read_120s_qd16_repeat3\sustained_rand_read_120s_qd16_repeat3_run3.json
107086.0,107.086,196.625,50336.0,,sustained_rand_read_120s_qd16_repeat3,rand_read,3,results\external_ssd\sustained_rand_read_120s_qd16_repeat3\sustained_rand_read_120s_qd16_repeat3_run3.json
108000.0,108.0,,,295.669,sustained_rand_read_120s_qd16_repeat3,rand_read,3,results\external_ssd\sustained_rand_read_120s_qd16_repeat3\sustained_rand_read_120s_qd16_repeat3_run3.json
108087.0,108.087,195.4609375,50038.0,,sustained_rand_read_120s_qd16_repeat3,rand_read,3,results\external_ssd\sustained_rand_read_120s_qd16_repeat3\sustained_rand_read_120s_qd16_repeat3_run3.json
109000.0,109.0,,,303.205,sustained_rand_read_120s_qd16_repeat3,rand_read,3,results\external_ssd\sustained_rand_read_120s_qd16_repeat3\sustained_rand_read_120s_qd16_repeat3_run3.json
109087.0,109.087,178.90625,45800.0,,sustained_rand_read_120s_qd16_repeat3,rand_read,3,results\external_ssd\sustained_rand_read_120s_qd16_repeat3\sustained_rand_read_120s_qd16_repeat3_run3.json
110000.0,110.0,,,309.74,sustained_rand_read_120s_qd16_repeat3,rand_read,3,results\external_ssd\sustained_rand_read_120s_qd16_repeat3\sustained_rand_read_120s_qd16_repeat3_run3.json
110088.0,110.088,170.28125,43592.0,,sustained_rand_read_120s_qd16_repeat3,rand_read,3,results\external_ssd\sustained_rand_read_120s_qd16_repeat3\sustained_rand_read_120s_qd16_repeat3_run3.json
111000.0,111.0,,,303.013,sustained_rand_read_120s_qd16_repeat3,rand_read,3,results\external_ssd\sustained_rand_read_120s_qd16_repeat3\sustained_rand_read_120s_qd16_repeat3_run3.json
111089.0,111.089,179.68359375,45999.0,,sustained_rand_read_120s_qd16_repeat3,rand_read,3,results\external_ssd\sustained_rand_read_120s_qd16_repeat3\sustained_rand_read_120s_qd16_repeat3_run3.json
112000.0,112.0,,,306.337,sustained_rand_read_120s_qd16_repeat3,rand_read,3,results\external_ssd\sustained_rand_read_120s_qd16_repeat3\sustained_rand_read_120s_qd16_repeat3_run3.json
112089.0,112.089,174.65625,44712.0,,sustained_rand_read_120s_qd16_repeat3,rand_read,3,results\external_ssd\sustained_rand_read_120s_qd16_repeat3\sustained_rand_read_120s_qd16_repeat3_run3.json
113000.0,113.0,,,299.359,sustained_rand_read_120s_qd16_repeat3,rand_read,3,results\external_ssd\sustained_rand_read_120s_qd16_repeat3\sustained_rand_read_120s_qd16_repeat3_run3.json
113089.0,113.089,187.421875,47980.0,,sustained_rand_read_120s_qd16_repeat3,rand_read,3,results\external_ssd\sustained_rand_read_120s_qd16_repeat3\sustained_rand_read_120s_qd16_repeat3_run3.json
114000.0,114.0,,,285.095,sustained_rand_read_120s_qd16_repeat3,rand_read,3,results\external_ssd\sustained_rand_read_120s_qd16_repeat3\sustained_rand_read_120s_qd16_repeat3_run3.json
114090.0,114.09,204.900390625,52454.0,,sustained_rand_read_120s_qd16_repeat3,rand_read,3,results\external_ssd\sustained_rand_read_120s_qd16_repeat3\sustained_rand_read_120s_qd16_repeat3_run3.json
115000.0,115.0,,,269.275,sustained_rand_read_120s_qd16_repeat3,rand_read,3,results\external_ssd\sustained_rand_read_120s_qd16_repeat3\sustained_rand_read_120s_qd16_repeat3_run3.json
115090.0,115.09,209.56640625,53649.0,,sustained_rand_read_120s_qd16_repeat3,rand_read,3,results\external_ssd\sustained_rand_read_120s_qd16_repeat3\sustained_rand_read_120s_qd16_repeat3_run3.json
116000.0,116.0,,,271.241,sustained_rand_read_120s_qd16_repeat3,rand_read,3,results\external_ssd\sustained_rand_read_120s_qd16_repeat3\sustained_rand_read_120s_qd16_repeat3_run3.json
116091.0,116.091,211.8359375,54230.0,,sustained_rand_read_120s_qd16_repeat3,rand_read,3,results\external_ssd\sustained_rand_read_120s_qd16_repeat3\sustained_rand_read_120s_qd16_repeat3_run3.json
117000.0,117.0,,,206.913,sustained_rand_read_120s_qd16_repeat3,rand_read,3,results\external_ssd\sustained_rand_read_120s_qd16_repeat3\sustained_rand_read_120s_qd16_repeat3_run3.json
117092.0,117.092,231.458984375,59253.0,,sustained_rand_read_120s_qd16_repeat3,rand_read,3,results\external_ssd\sustained_rand_read_120s_qd16_repeat3\sustained_rand_read_120s_qd16_repeat3_run3.json
118000.0,118.0,,,300.251,sustained_rand_read_120s_qd16_repeat3,rand_read,3,results\external_ssd\sustained_rand_read_120s_qd16_repeat3\sustained_rand_read_120s_qd16_repeat3_run3.json
118092.0,118.092,189.6796875,48558.0,,sustained_rand_read_120s_qd16_repeat3,rand_read,3,results\external_ssd\sustained_rand_read_120s_qd16_repeat3\sustained_rand_read_120s_qd16_repeat3_run3.json
119000.0,119.0,,,298.559,sustained_rand_read_120s_qd16_repeat3,rand_read,3,results\external_ssd\sustained_rand_read_120s_qd16_repeat3\sustained_rand_read_120s_qd16_repeat3_run3.json
119093.0,119.093,189.79296875,48587.0,,sustained_rand_read_120s_qd16_repeat3,rand_read,3,results\external_ssd\sustained_rand_read_120s_qd16_repeat3\sustained_rand_read_120s_qd16_repeat3_run3.json
120000.0,120.0,,,295.568,sustained_rand_read_120s_qd16_repeat3,rand_read,3,results\external_ssd\sustained_rand_read_120s_qd16_repeat3\sustained_rand_read_120s_qd16_repeat3_run3.json
120000.0,120.0,,,777.043,sustained_rand_read_120s_qd16_repeat3,rand_read,3,results\external_ssd\sustained_rand_read_120s_qd16_repeat3\sustained_rand_read_120s_qd16_repeat3_run3.json
120094.0,120.094,172.68359375,44207.0,,sustained_rand_read_120s_qd16_repeat3,rand_read,3,results\external_ssd\sustained_rand_read_120s_qd16_repeat3\sustained_rand_read_120s_qd16_repeat3_run3.json
1000.0,1.0,,,439.944,sustained_rand_read_120s_qd32_repeat3,rand_read,1,results\external_ssd\sustained_rand_read_120s_qd32_repeat3\sustained_rand_read_120s_qd32_repeat3_run1.json
1002.0,1.002,232.0078125,59394.0,,sustained_rand_read_120s_qd32_repeat3,rand_read,1,results\external_ssd\sustained_rand_read_120s_qd32_repeat3\sustained_rand_read_120s_qd32_repeat3_run1.json
2000.0,2.0,,,449.386,sustained_rand_read_120s_qd32_repeat3,rand_read,1,results\external_ssd\sustained_rand_read_120s_qd32_repeat3\sustained_rand_read_120s_qd32_repeat3_run1.json
2002.0,2.002,206.7216796875,52915.0,,sustained_rand_read_120s_qd32_repeat3,rand_read,1,results\external_ssd\sustained_rand_read_120s_qd32_repeat3\sustained_rand_read_120s_qd32_repeat3_run1.json
3000.0,3.0,,,538.522,sustained_rand_read_120s_qd32_repeat3,rand_read,1,results\external_ssd\sustained_rand_read_120s_qd32_repeat3\sustained_rand_read_120s_qd32_repeat3_run1.json
3007.0,3.007,164.8662109375,42205.0,,sustained_rand_read_120s_qd32_repeat3,rand_read,1,results\external_ssd\sustained_rand_read_120s_qd32_repeat3\sustained_rand_read_120s_qd32_repeat3_run1.json
4000.0,4.0,,,495.151,sustained_rand_read_120s_qd32_repeat3,rand_read,1,results\external_ssd\sustained_rand_read_120s_qd32_repeat3\sustained_rand_read_120s_qd32_repeat3_run1.json
4009.0,4.009,174.1142578125,44576.0,,sustained_rand_read_120s_qd32_repeat3,rand_read,1,results\external_ssd\sustained_rand_read_120s_qd32_repeat3\sustained_rand_read_120s_qd32_repeat3_run1.json
5000.0,5.0,,,477.167,sustained_rand_read_120s_qd32_repeat3,rand_read,1,results\external_ssd\sustained_rand_read_120s_qd32_repeat3\sustained_rand_read_120s_qd32_repeat3_run1.json
5008.0,5.008,183.5615234375,46991.0,,sustained_rand_read_120s_qd32_repeat3,rand_read,1,results\external_ssd\sustained_rand_read_120s_qd32_repeat3\sustained_rand_read_120s_qd32_repeat3_run1.json
6000.0,6.0,,,442.545,sustained_rand_read_120s_qd32_repeat3,rand_read,1,results\external_ssd\sustained_rand_read_120s_qd32_repeat3\sustained_rand_read_120s_qd32_repeat3_run1.json
6008.0,6.008,215.58203125,55189.0,,sustained_rand_read_120s_qd32_repeat3,rand_read,1,results\external_ssd\sustained_rand_read_120s_qd32_repeat3\sustained_rand_read_120s_qd32_repeat3_run1.json
7000.0,7.0,,,437.548,sustained_rand_read_120s_qd32_repeat3,rand_read,1,results\external_ssd\sustained_rand_read_120s_qd32_repeat3\sustained_rand_read_120s_qd32_repeat3_run1.json
7009.0,7.009,226.91796875,58091.0,,sustained_rand_read_120s_qd32_repeat3,rand_read,1,results\external_ssd\sustained_rand_read_120s_qd32_repeat3\sustained_rand_read_120s_qd32_repeat3_run1.json
8000.0,8.0,,,447.178,sustained_rand_read_120s_qd32_repeat3,rand_read,1,results\external_ssd\sustained_rand_read_120s_qd32_repeat3\sustained_rand_read_120s_qd32_repeat3_run1.json
8008.0,8.008,219.0703125,56082.0,,sustained_rand_read_120s_qd32_repeat3,rand_read,1,results\external_ssd\sustained_rand_read_120s_qd32_repeat3\sustained_rand_read_120s_qd32_repeat3_run1.json
9000.0,9.0,,,440.693,sustained_rand_read_120s_qd32_repeat3,rand_read,1,results\external_ssd\sustained_rand_read_120s_qd32_repeat3\sustained_rand_read_120s_qd32_repeat3_run1.json
9009.0,9.009,219.1279296875,56096.0,,sustained_rand_read_120s_qd32_repeat3,rand_read,1,results\external_ssd\sustained_rand_read_120s_qd32_repeat3\sustained_rand_read_120s_qd32_repeat3_run1.json
10000.0,10.0,,,446.532,sustained_rand_read_120s_qd32_repeat3,rand_read,1,results\external_ssd\sustained_rand_read_120s_qd32_repeat3\sustained_rand_read_120s_qd32_repeat3_run1.json
10010.0,10.01,215.828125,55252.0,,sustained_rand_read_120s_qd32_repeat3,rand_read,1,results\external_ssd\sustained_rand_read_120s_qd32_repeat3\sustained_rand_read_120s_qd32_repeat3_run1.json
11000.0,11.0,,,433.155,sustained_rand_read_120s_qd32_repeat3,rand_read,1,results\external_ssd\sustained_rand_read_120s_qd32_repeat3\sustained_rand_read_120s_qd32_repeat3_run1.json
11010.0,11.01,232.63671875,59555.0,,sustained_rand_read_120s_qd32_repeat3,rand_read,1,results\external_ssd\sustained_rand_read_120s_qd32_repeat3\sustained_rand_read_120s_qd32_repeat3_run1.json
12000.0,12.0,,,503.89,sustained_rand_read_120s_qd32_repeat3,rand_read,1,results\external_ssd\sustained_rand_read_120s_qd32_repeat3\sustained_rand_read_120s_qd32_repeat3_run1.json
12011.0,12.011,168.6640625,43178.0,,sustained_rand_read_120s_qd32_repeat3,rand_read,1,results\external_ssd\sustained_rand_read_120s_qd32_repeat3\sustained_rand_read_120s_qd32_repeat3_run1.json
13000.0,13.0,,,470.08,sustained_rand_read_120s_qd32_repeat3,rand_read,1,results\external_ssd\sustained_rand_read_120s_qd32_repeat3\sustained_rand_read_120s_qd32_repeat3_run1.json
13041.0,13.041,189.625,48544.0,,sustained_rand_read_120s_qd32_repeat3,rand_read,1,results\external_ssd\sustained_rand_read_120s_qd32_repeat3\sustained_rand_read_120s_qd32_repeat3_run1.json
14000.0,14.0,,,469.646,sustained_rand_read_120s_qd32_repeat3,rand_read,1,results\external_ssd\sustained_rand_read_120s_qd32_repeat3\sustained_rand_read_120s_qd32_repeat3_run1.json
14041.0,14.041,197.2109375,50486.0,,sustained_rand_read_120s_qd32_repeat3,rand_read,1,results\external_ssd\sustained_rand_read_120s_qd32_repeat3\sustained_rand_read_120s_qd32_repeat3_run1.json
15000.0,15.0,,,444.506,sustained_rand_read_120s_qd32_repeat3,rand_read,1,results\external_ssd\sustained_rand_read_120s_qd32_repeat3\sustained_rand_read_120s_qd32_repeat3_run1.json
15042.0,15.042,214.1875,54832.0,,sustained_rand_read_120s_qd32_repeat3,rand_read,1,results\external_ssd\sustained_rand_read_120s_qd32_repeat3\sustained_rand_read_120s_qd32_repeat3_run1.json
16000.0,16.0,,,447.261,sustained_rand_read_120s_qd32_repeat3,rand_read,1,results\external_ssd\sustained_rand_read_120s_qd32_repeat3\sustained_rand_read_120s_qd32_repeat3_run1.json
16043.0,16.043,213.5751953125,54675.0,,sustained_rand_read_120s_qd32_repeat3,rand_read,1,results\external_ssd\sustained_rand_read_120s_qd32_repeat3\sustained_rand_read_120s_qd32_repeat3_run1.json
17000.0,17.0,,,439.415,sustained_rand_read_120s_qd32_repeat3,rand_read,1,results\external_ssd\sustained_rand_read_120s_qd32_repeat3\sustained_rand_read_120s_qd32_repeat3_run1.json
17043.0,17.043,226.76171875,58051.0,,sustained_rand_read_120s_qd32_repeat3,rand_read,1,results\external_ssd\sustained_rand_read_120s_qd32_repeat3\sustained_rand_read_120s_qd32_repeat3_run1.json
18000.0,18.0,,,437.186,sustained_rand_read_120s_qd32_repeat3,rand_read,1,results\external_ssd\sustained_rand_read_120s_qd32_repeat3\sustained_rand_read_120s_qd32_repeat3_run1.json
18043.0,18.043,229.021484375,58629.0,,sustained_rand_read_120s_qd32_repeat3,rand_read,1,results\external_ssd\sustained_rand_read_120s_qd32_repeat3\sustained_rand_read_120s_qd32_repeat3_run1.json
19000.0,19.0,,,448.813,sustained_rand_read_120s_qd32_repeat3,rand_read,1,results\external_ssd\sustained_rand_read_120s_qd32_repeat3\sustained_rand_read_120s_qd32_repeat3_run1.json
19044.0,19.044,214.8505859375,55001.0,,sustained_rand_read_120s_qd32_repeat3,rand_read,1,results\external_ssd\sustained_rand_read_120s_qd32_repeat3\sustained_rand_read_120s_qd32_repeat3_run1.json
20000.0,20.0,,,467.625,sustained_rand_read_120s_qd32_repeat3,rand_read,1,results\external_ssd\sustained_rand_read_120s_qd32_repeat3\sustained_rand_read_120s_qd32_repeat3_run1.json
20045.0,20.045,191.1015625,48922.0,,sustained_rand_read_120s_qd32_repeat3,rand_read,1,results\external_ssd\sustained_rand_read_120s_qd32_repeat3\sustained_rand_read_120s_qd32_repeat3_run1.json
21000.0,21.0,,,427.841,sustained_rand_read_120s_qd32_repeat3,rand_read,1,results\external_ssd\sustained_rand_read_120s_qd32_repeat3\sustained_rand_read_120s_qd32_repeat3_run1.json
21046.0,21.046,233.3486328125,59737.0,,sustained_rand_read_120s_qd32_repeat3,rand_read,1,results\external_ssd\sustained_rand_read_120s_qd32_repeat3\sustained_rand_read_120s_qd32_repeat3_run1.json
22000.0,22.0,,,435.097,sustained_rand_read_120s_qd32_repeat3,rand_read,1,results\external_ssd\sustained_rand_read_120s_qd32_repeat3\sustained_rand_read_120s_qd32_repeat3_run1.json
22047.0,22.047,221.203125,56628.0,,sustained_rand_read_120s_qd32_repeat3,rand_read,1,results\external_ssd\sustained_rand_read_120s_qd32_repeat3\sustained_rand_read_120s_qd32_repeat3_run1.json
23000.0,23.0,,,442.82,sustained_rand_read_120s_qd32_repeat3,rand_read,1,results\external_ssd\sustained_rand_read_120s_qd32_repeat3\sustained_rand_read_120s_qd32_repeat3_run1.json
23047.0,23.047,219.13671875,56099.0,,sustained_rand_read_120s_qd32_repeat3,rand_read,1,results\external_ssd\sustained_rand_read_120s_qd32_repeat3\sustained_rand_read_120s_qd32_repeat3_run1.json
24000.0,24.0,,,440.033,sustained_rand_read_120s_qd32_repeat3,rand_read,1,results\external_ssd\sustained_rand_read_120s_qd32_repeat3\sustained_rand_read_120s_qd32_repeat3_run1.json
24048.0,24.048,225.05859375,57615.0,,sustained_rand_read_120s_qd32_repeat3,rand_read,1,results\external_ssd\sustained_rand_read_120s_qd32_repeat3\sustained_rand_read_120s_qd32_repeat3_run1.json
25000.0,25.0,,,439.005,sustained_rand_read_120s_qd32_repeat3,rand_read,1,results\external_ssd\sustained_rand_read_120s_qd32_repeat3\sustained_rand_read_120s_qd32_repeat3_run1.json
25048.0,25.048,223.8671875,57310.0,,sustained_rand_read_120s_qd32_repeat3,rand_read,1,results\external_ssd\sustained_rand_read_120s_qd32_repeat3\sustained_rand_read_120s_qd32_repeat3_run1.json
26000.0,26.0,,,436.874,sustained_rand_read_120s_qd32_repeat3,rand_read,1,results\external_ssd\sustained_rand_read_120s_qd32_repeat3\sustained_rand_read_120s_qd32_repeat3_run1.json
26049.0,26.049,228.71875,58552.0,,sustained_rand_read_120s_qd32_repeat3,rand_read,1,results\external_ssd\sustained_rand_read_120s_qd32_repeat3\sustained_rand_read_120s_qd32_repeat3_run1.json
27000.0,27.0,,,475.623,sustained_rand_read_120s_qd32_repeat3,rand_read,1,results\external_ssd\sustained_rand_read_120s_qd32_repeat3\sustained_rand_read_120s_qd32_repeat3_run1.json
27049.0,27.049,199.390625,51044.0,,sustained_rand_read_120s_qd32_repeat3,rand_read,1,results\external_ssd\sustained_rand_read_120s_qd32_repeat3\sustained_rand_read_120s_qd32_repeat3_run1.json
28000.0,28.0,,,454.64,sustained_rand_read_120s_qd32_repeat3,rand_read,1,results\external_ssd\sustained_rand_read_120s_qd32_repeat3\sustained_rand_read_120s_qd32_repeat3_run1.json
28049.0,28.049,204.9765625,52474.0,,sustained_rand_read_120s_qd32_repeat3,rand_read,1,results\external_ssd\sustained_rand_read_120s_qd32_repeat3\sustained_rand_read_120s_qd32_repeat3_run1.json
29000.0,29.0,,,435.493,sustained_rand_read_120s_qd32_repeat3,rand_read,1,results\external_ssd\sustained_rand_read_120s_qd32_repeat3\sustained_rand_read_120s_qd32_repeat3_run1.json
29049.0,29.049,222.875,57056.0,,sustained_rand_read_120s_qd32_repeat3,rand_read,1,results\external_ssd\sustained_rand_read_120s_qd32_repeat3\sustained_rand_read_120s_qd32_repeat3_run1.json
30000.0,30.0,,,450.056,sustained_rand_read_120s_qd32_repeat3,rand_read,1,results\external_ssd\sustained_rand_read_120s_qd32_repeat3\sustained_rand_read_120s_qd32_repeat3_run1.json
30049.0,30.049,206.40625,52840.0,,sustained_rand_read_120s_qd32_repeat3,rand_read,1,results\external_ssd\sustained_rand_read_120s_qd32_repeat3\sustained_rand_read_120s_qd32_repeat3_run1.json
31000.0,31.0,,,450.645,sustained_rand_read_120s_qd32_repeat3,rand_read,1,results\external_ssd\sustained_rand_read_120s_qd32_repeat3\sustained_rand_read_120s_qd32_repeat3_run1.json
31050.0,31.05,208.333984375,53333.0,,sustained_rand_read_120s_qd32_repeat3,rand_read,1,results\external_ssd\sustained_rand_read_120s_qd32_repeat3\sustained_rand_read_120s_qd32_repeat3_run1.json
32000.0,32.0,,,426.89,sustained_rand_read_120s_qd32_repeat3,rand_read,1,results\external_ssd\sustained_rand_read_120s_qd32_repeat3\sustained_rand_read_120s_qd32_repeat3_run1.json
32050.0,32.05,242.328125,62036.0,,sustained_rand_read_120s_qd32_repeat3,rand_read,1,results\external_ssd\sustained_rand_read_120s_qd32_repeat3\sustained_rand_read_120s_qd32_repeat3_run1.json
33000.0,33.0,,,423.832,sustained_rand_read_120s_qd32_repeat3,rand_read,1,results\external_ssd\sustained_rand_read_120s_qd32_repeat3\sustained_rand_read_120s_qd32_repeat3_run1.json
33051.0,33.051,249.33984375,63831.0,,sustained_rand_read_120s_qd32_repeat3,rand_read,1,results\external_ssd\sustained_rand_read_120s_qd32_repeat3\sustained_rand_read_120s_qd32_repeat3_run1.json
34000.0,34.0,,,424.52,sustained_rand_read_120s_qd32_repeat3,rand_read,1,results\external_ssd\sustained_rand_read_120s_qd32_repeat3\sustained_rand_read_120s_qd32_repeat3_run1.json
34051.0,34.051,245.5078125,62850.0,,sustained_rand_read_120s_qd32_repeat3,rand_read,1,results\external_ssd\sustained_rand_read_120s_qd32_repeat3\sustained_rand_read_120s_qd32_repeat3_run1.json
35000.0,35.0,,,428.422,sustained_rand_read_120s_qd32_repeat3,rand_read,1,results\external_ssd\sustained_rand_read_120s_qd32_repeat3\sustained_rand_read_120s_qd32_repeat3_run1.json
35052.0,35.052,236.69921875,60595.0,,sustained_rand_read_120s_qd32_repeat3,rand_read,1,results\external_ssd\sustained_rand_read_120s_qd32_repeat3\sustained_rand_read_120s_qd32_repeat3_run1.json
36000.0,36.0,,,458.146,sustained_rand_read_120s_qd32_repeat3,rand_read,1,results\external_ssd\sustained_rand_read_120s_qd32_repeat3\sustained_rand_read_120s_qd32_repeat3_run1.json
36053.0,36.053,202.828125,51924.0,,sustained_rand_read_120s_qd32_repeat3,rand_read,1,results\external_ssd\sustained_rand_read_120s_qd32_repeat3\sustained_rand_read_120s_qd32_repeat3_run1.json
37000.0,37.0,,,447.04,sustained_rand_read_120s_qd32_repeat3,rand_read,1,results\external_ssd\sustained_rand_read_120s_qd32_repeat3\sustained_rand_read_120s_qd32_repeat3_run1.json
37054.0,37.054,210.40625,53863.0,,sustained_rand_read_120s_qd32_repeat3,rand_read,1,results\external_ssd\sustained_rand_read_120s_qd32_repeat3\sustained_rand_read_120s_qd32_repeat3_run1.json
38000.0,38.0,,,467.145,sustained_rand_read_120s_qd32_repeat3,rand_read,1,results\external_ssd\sustained_rand_read_120s_qd32_repeat3\sustained_rand_read_120s_qd32_repeat3_run1.json
38055.0,38.055,194.5234375,49798.0,,sustained_rand_read_120s_qd32_repeat3,rand_read,1,results\external_ssd\sustained_rand_read_120s_qd32_repeat3\sustained_rand_read_120s_qd32_repeat3_run1.json
39000.0,39.0,,,462.808,sustained_rand_read_120s_qd32_repeat3,rand_read,1,results\external_ssd\sustained_rand_read_120s_qd32_repeat3\sustained_rand_read_120s_qd32_repeat3_run1.json
39055.0,39.055,201.796875,51660.0,,sustained_rand_read_120s_qd32_repeat3,rand_read,1,results\external_ssd\sustained_rand_read_120s_qd32_repeat3\sustained_rand_read_120s_qd32_repeat3_run1.json
40000.0,40.0,,,438.054,sustained_rand_read_120s_qd32_repeat3,rand_read,1,results\external_ssd\sustained_rand_read_120s_qd32_repeat3\sustained_rand_read_120s_qd32_repeat3_run1.json
40055.0,40.055,226.796875,58060.0,,sustained_rand_read_120s_qd32_repeat3,rand_read,1,results\external_ssd\sustained_rand_read_120s_qd32_repeat3\sustained_rand_read_120s_qd32_repeat3_run1.json
41000.0,41.0,,,447.56,sustained_rand_read_120s_qd32_repeat3,rand_read,1,results\external_ssd\sustained_rand_read_120s_qd32_repeat3\sustained_rand_read_120s_qd32_repeat3_run1.json
41055.0,41.055,216.015625,55300.0,,sustained_rand_read_120s_qd32_repeat3,rand_read,1,results\external_ssd\sustained_rand_read_120s_qd32_repeat3\sustained_rand_read_120s_qd32_repeat3_run1.json
42000.0,42.0,,,441.924,sustained_rand_read_120s_qd32_repeat3,rand_read,1,results\external_ssd\sustained_rand_read_120s_qd32_repeat3\sustained_rand_read_120s_qd32_repeat3_run1.json
42055.0,42.055,222.96484375,57079.0,,sustained_rand_read_120s_qd32_repeat3,rand_read,1,results\external_ssd\sustained_rand_read_120s_qd32_repeat3\sustained_rand_read_120s_qd32_repeat3_run1.json
43000.0,43.0,,,440.103,sustained_rand_read_120s_qd32_repeat3,rand_read,1,results\external_ssd\sustained_rand_read_120s_qd32_repeat3\sustained_rand_read_120s_qd32_repeat3_run1.json
43056.0,43.056,222.0234375,56838.0,,sustained_rand_read_120s_qd32_repeat3,rand_read,1,results\external_ssd\sustained_rand_read_120s_qd32_repeat3\sustained_rand_read_120s_qd32_repeat3_run1.json
44000.0,44.0,,,443.995,sustained_rand_read_120s_qd32_repeat3,rand_read,1,results\external_ssd\sustained_rand_read_120s_qd32_repeat3\sustained_rand_read_120s_qd32_repeat3_run1.json
44056.0,44.056,215.93359375,55279.0,,sustained_rand_read_120s_qd32_repeat3,rand_read,1,results\external_ssd\sustained_rand_read_120s_qd32_repeat3\sustained_rand_read_120s_qd32_repeat3_run1.json
45000.0,45.0,,,444.937,sustained_rand_read_120s_qd32_repeat3,rand_read,1,results\external_ssd\sustained_rand_read_120s_qd32_repeat3\sustained_rand_read_120s_qd32_repeat3_run1.json
45057.0,45.057,218.45703125,55925.0,,sustained_rand_read_120s_qd32_repeat3,rand_read,1,results\external_ssd\sustained_rand_read_120s_qd32_repeat3\sustained_rand_read_120s_qd32_repeat3_run1.json
46000.0,46.0,,,433.007,sustained_rand_read_120s_qd32_repeat3,rand_read,1,results\external_ssd\sustained_rand_read_120s_qd32_repeat3\sustained_rand_read_120s_qd32_repeat3_run1.json
46057.0,46.057,235.69140625,60337.0,,sustained_rand_read_120s_qd32_repeat3,rand_read,1,results\external_ssd\sustained_rand_read_120s_qd32_repeat3\sustained_rand_read_120s_qd32_repeat3_run1.json
47000.0,47.0,,,439.75,sustained_rand_read_120s_qd32_repeat3,rand_read,1,results\external_ssd\sustained_rand_read_120s_qd32_repeat3\sustained_rand_read_120s_qd32_repeat3_run1.json
47059.0,47.059,225.0126953125,57603.0,,sustained_rand_read_120s_qd32_repeat3,rand_read,1,results\external_ssd\sustained_rand_read_120s_qd32_repeat3\sustained_rand_read_120s_qd32_repeat3_run1.json
48000.0,48.0,,,446.305,sustained_rand_read_120s_qd32_repeat3,rand_read,1,results\external_ssd\sustained_rand_read_120s_qd32_repeat3\sustained_rand_read_120s_qd32_repeat3_run1.json
48059.0,48.059,229.21484375,58679.0,,sustained_rand_read_120s_qd32_repeat3,rand_read,1,results\external_ssd\sustained_rand_read_120s_qd32_repeat3\sustained_rand_read_120s_qd32_repeat3_run1.json
49000.0,49.0,,,428.944,sustained_rand_read_120s_qd32_repeat3,rand_read,1,results\external_ssd\sustained_rand_read_120s_qd32_repeat3\sustained_rand_read_120s_qd32_repeat3_run1.json
49059.0,49.059,245.08203125,62741.0,,sustained_rand_read_120s_qd32_repeat3,rand_read,1,results\external_ssd\sustained_rand_read_120s_qd32_repeat3\sustained_rand_read_120s_qd32_repeat3_run1.json
50000.0,50.0,,,441.352,sustained_rand_read_120s_qd32_repeat3,rand_read,1,results\external_ssd\sustained_rand_read_120s_qd32_repeat3\sustained_rand_read_120s_qd32_repeat3_run1.json
50060.0,50.06,228.21484375,58423.0,,sustained_rand_read_120s_qd32_repeat3,rand_read,1,results\external_ssd\sustained_rand_read_120s_qd32_repeat3\sustained_rand_read_120s_qd32_repeat3_run1.json
51000.0,51.0,,,424.124,sustained_rand_read_120s_qd32_repeat3,rand_read,1,results\external_ssd\sustained_rand_read_120s_qd32_repeat3\sustained_rand_read_120s_qd32_repeat3_run1.json
51060.0,51.06,244.65625,62632.0,,sustained_rand_read_120s_qd32_repeat3,rand_read,1,results\external_ssd\sustained_rand_read_120s_qd32_repeat3\sustained_rand_read_120s_qd32_repeat3_run1.json
52000.0,52.0,,,436.371,sustained_rand_read_120s_qd32_repeat3,rand_read,1,results\external_ssd\sustained_rand_read_120s_qd32_repeat3\sustained_rand_read_120s_qd32_repeat3_run1.json
52060.0,52.06,227.8525390625,58330.0,,sustained_rand_read_120s_qd32_repeat3,rand_read,1,results\external_ssd\sustained_rand_read_120s_qd32_repeat3\sustained_rand_read_120s_qd32_repeat3_run1.json
53000.0,53.0,,,427.337,sustained_rand_read_120s_qd32_repeat3,rand_read,1,results\external_ssd\sustained_rand_read_120s_qd32_repeat3\sustained_rand_read_120s_qd32_repeat3_run1.json
53061.0,53.061,241.14453125,61733.0,,sustained_rand_read_120s_qd32_repeat3,rand_read,1,results\external_ssd\sustained_rand_read_120s_qd32_repeat3\sustained_rand_read_120s_qd32_repeat3_run1.json
54000.0,54.0,,,423.718,sustained_rand_read_120s_qd32_repeat3,rand_read,1,results\external_ssd\sustained_rand_read_120s_qd32_repeat3\sustained_rand_read_120s_qd32_repeat3_run1.json
54062.0,54.062,248.2626953125,63555.0,,sustained_rand_read_120s_qd32_repeat3,rand_read,1,results\external_ssd\sustained_rand_read_120s_qd32_repeat3\sustained_rand_read_120s_qd32_repeat3_run1.json
55000.0,55.0,,,436.808,sustained_rand_read_120s_qd32_repeat3,rand_read,1,results\external_ssd\sustained_rand_read_120s_qd32_repeat3\sustained_rand_read_120s_qd32_repeat3_run1.json
55062.0,55.062,234.34375,59992.0,,sustained_rand_read_120s_qd32_repeat3,rand_read,1,results\external_ssd\sustained_rand_read_120s_qd32_repeat3\sustained_rand_read_120s_qd32_repeat3_run1.json
56000.0,56.0,,,433.369,sustained_rand_read_120s_qd32_repeat3,rand_read,1,results\external_ssd\sustained_rand_read_120s_qd32_repeat3\sustained_rand_read_120s_qd32_repeat3_run1.json
56062.0,56.062,239.109375,61212.0,,sustained_rand_read_120s_qd32_repeat3,rand_read,1,results\external_ssd\sustained_rand_read_120s_qd32_repeat3\sustained_rand_read_120s_qd32_repeat3_run1.json
57000.0,57.0,,,428.039,sustained_rand_read_120s_qd32_repeat3,rand_read,1,results\external_ssd\sustained_rand_read_120s_qd32_repeat3\sustained_rand_read_120s_qd32_repeat3_run1.json
57063.0,57.063,244.41796875,62571.0,,sustained_rand_read_120s_qd32_repeat3,rand_read,1,results\external_ssd\sustained_rand_read_120s_qd32_repeat3\sustained_rand_read_120s_qd32_repeat3_run1.json
58000.0,58.0,,,442.41,sustained_rand_read_120s_qd32_repeat3,rand_read,1,results\external_ssd\sustained_rand_read_120s_qd32_repeat3\sustained_rand_read_120s_qd32_repeat3_run1.json
58064.0,58.064,227.16015625,58153.0,,sustained_rand_read_120s_qd32_repeat3,rand_read,1,results\external_ssd\sustained_rand_read_120s_qd32_repeat3\sustained_rand_read_120s_qd32_repeat3_run1.json
59000.0,59.0,,,434.253,sustained_rand_read_120s_qd32_repeat3,rand_read,1,results\external_ssd\sustained_rand_read_120s_qd32_repeat3\sustained_rand_read_120s_qd32_repeat3_run1.json
59064.0,59.064,228.15234375,58407.0,,sustained_rand_read_120s_qd32_repeat3,rand_read,1,results\external_ssd\sustained_rand_read_120s_qd32_repeat3\sustained_rand_read_120s_qd32_repeat3_run1.json
60000.0,60.0,,,447.756,sustained_rand_read_120s_qd32_repeat3,rand_read,1,results\external_ssd\sustained_rand_read_120s_qd32_repeat3\sustained_rand_read_120s_qd32_repeat3_run1.json
60065.0,60.065,227.0546875,58126.0,,sustained_rand_read_120s_qd32_repeat3,rand_read,1,results\external_ssd\sustained_rand_read_120s_qd32_repeat3\sustained_rand_read_120s_qd32_repeat3_run1.json
61000.0,61.0,,,438.551,sustained_rand_read_120s_qd32_repeat3,rand_read,1,results\external_ssd\sustained_rand_read_120s_qd32_repeat3\sustained_rand_read_120s_qd32_repeat3_run1.json
61065.0,61.065,221.9140625,56810.0,,sustained_rand_read_120s_qd32_repeat3,rand_read,1,results\external_ssd\sustained_rand_read_120s_qd32_repeat3\sustained_rand_read_120s_qd32_repeat3_run1.json
62000.0,62.0,,,439.187,sustained_rand_read_120s_qd32_repeat3,rand_read,1,results\external_ssd\sustained_rand_read_120s_qd32_repeat3\sustained_rand_read_120s_qd32_repeat3_run1.json
62066.0,62.066,220.62109375,56479.0,,sustained_rand_read_120s_qd32_repeat3,rand_read,1,results\external_ssd\sustained_rand_read_120s_qd32_repeat3\sustained_rand_read_120s_qd32_repeat3_run1.json
63000.0,63.0,,,425.732,sustained_rand_read_120s_qd32_repeat3,rand_read,1,results\external_ssd\sustained_rand_read_120s_qd32_repeat3\sustained_rand_read_120s_qd32_repeat3_run1.json
63066.0,63.066,241.5703125,61842.0,,sustained_rand_read_120s_qd32_repeat3,rand_read,1,results\external_ssd\sustained_rand_read_120s_qd32_repeat3\sustained_rand_read_120s_qd32_repeat3_run1.json
64000.0,64.0,,,438.465,sustained_rand_read_120s_qd32_repeat3,rand_read,1,results\external_ssd\sustained_rand_read_120s_qd32_repeat3\sustained_rand_read_120s_qd32_repeat3_run1.json
64067.0,64.067,230.11328125,58909.0,,sustained_rand_read_120s_qd32_repeat3,rand_read,1,results\external_ssd\sustained_rand_read_120s_qd32_repeat3\sustained_rand_read_120s_qd32_repeat3_run1.json
65000.0,65.0,,,426.2,sustained_rand_read_120s_qd32_repeat3,rand_read,1,results\external_ssd\sustained_rand_read_120s_qd32_repeat3\sustained_rand_read_120s_qd32_repeat3_run1.json
65067.0,65.067,240.05859375,61455.0,,sustained_rand_read_120s_qd32_repeat3,rand_read,1,results\external_ssd\sustained_rand_read_120s_qd32_repeat3\sustained_rand_read_120s_qd32_repeat3_run1.json
66000.0,66.0,,,426.568,sustained_rand_read_120s_qd32_repeat3,rand_read,1,results\external_ssd\sustained_rand_read_120s_qd32_repeat3\sustained_rand_read_120s_qd32_repeat3_run1.json
66068.0,66.068,250.04296875,64011.0,,sustained_rand_read_120s_qd32_repeat3,rand_read,1,results\external_ssd\sustained_rand_read_120s_qd32_repeat3\sustained_rand_read_120s_qd32_repeat3_run1.json
67000.0,67.0,,,430.034,sustained_rand_read_120s_qd32_repeat3,rand_read,1,results\external_ssd\sustained_rand_read_120s_qd32_repeat3\sustained_rand_read_120s_qd32_repeat3_run1.json
67068.0,67.068,232.53515625,59529.0,,sustained_rand_read_120s_qd32_repeat3,rand_read,1,results\external_ssd\sustained_rand_read_120s_qd32_repeat3\sustained_rand_read_120s_qd32_repeat3_run1.json
68000.0,68.0,,,442.956,sustained_rand_read_120s_qd32_repeat3,rand_read,1,results\external_ssd\sustained_rand_read_120s_qd32_repeat3\sustained_rand_read_120s_qd32_repeat3_run1.json
68069.0,68.069,209.09375,53528.0,,sustained_rand_read_120s_qd32_repeat3,rand_read,1,results\external_ssd\sustained_rand_read_120s_qd32_repeat3\sustained_rand_read_120s_qd32_repeat3_run1.json
69000.0,69.0,,,456.49,sustained_rand_read_120s_qd32_repeat3,rand_read,1,results\external_ssd\sustained_rand_read_120s_qd32_repeat3\sustained_rand_read_120s_qd32_repeat3_run1.json
69069.0,69.069,221.66796875,56747.0,,sustained_rand_read_120s_qd32_repeat3,rand_read,1,results\external_ssd\sustained_rand_read_120s_qd32_repeat3\sustained_rand_read_120s_qd32_repeat3_run1.json
70000.0,70.0,,,449.492,sustained_rand_read_120s_qd32_repeat3,rand_read,1,results\external_ssd\sustained_rand_read_120s_qd32_repeat3\sustained_rand_read_120s_qd32_repeat3_run1.json
70070.0,70.07,208.6875,53424.0,,sustained_rand_read_120s_qd32_repeat3,rand_read,1,results\external_ssd\sustained_rand_read_120s_qd32_repeat3\sustained_rand_read_120s_qd32_repeat3_run1.json
71000.0,71.0,,,426.192,sustained_rand_read_120s_qd32_repeat3,rand_read,1,results\external_ssd\sustained_rand_read_120s_qd32_repeat3\sustained_rand_read_120s_qd32_repeat3_run1.json
71070.0,71.07,236.1015625,60442.0,,sustained_rand_read_120s_qd32_repeat3,rand_read,1,results\external_ssd\sustained_rand_read_120s_qd32_repeat3\sustained_rand_read_120s_qd32_repeat3_run1.json
72000.0,72.0,,,438.721,sustained_rand_read_120s_qd32_repeat3,rand_read,1,results\external_ssd\sustained_rand_read_120s_qd32_repeat3\sustained_rand_read_120s_qd32_repeat3_run1.json
72070.0,72.07,225.015625,57604.0,,sustained_rand_read_120s_qd32_repeat3,rand_read,1,results\external_ssd\sustained_rand_read_120s_qd32_repeat3\sustained_rand_read_120s_qd32_repeat3_run1.json
73000.0,73.0,,,431.462,sustained_rand_read_120s_qd32_repeat3,rand_read,1,results\external_ssd\sustained_rand_read_120s_qd32_repeat3\sustained_rand_read_120s_qd32_repeat3_run1.json
73070.0,73.07,239.38671875,61283.0,,sustained_rand_read_120s_qd32_repeat3,rand_read,1,results\external_ssd\sustained_rand_read_120s_qd32_repeat3\sustained_rand_read_120s_qd32_repeat3_run1.json
74000.0,74.0,,,427.252,sustained_rand_read_120s_qd32_repeat3,rand_read,1,results\external_ssd\sustained_rand_read_120s_qd32_repeat3\sustained_rand_read_120s_qd32_repeat3_run1.json
74070.0,74.07,243.5283203125,62343.0,,sustained_rand_read_120s_qd32_repeat3,rand_read,1,results\external_ssd\sustained_rand_read_120s_qd32_repeat3\sustained_rand_read_120s_qd32_repeat3_run1.json
75000.0,75.0,,,440.35,sustained_rand_read_120s_qd32_repeat3,rand_read,1,results\external_ssd\sustained_rand_read_120s_qd32_repeat3\sustained_rand_read_120s_qd32_repeat3_run1.json
75070.0,75.07,217.40234375,55655.0,,sustained_rand_read_120s_qd32_repeat3,rand_read,1,results\external_ssd\sustained_rand_read_120s_qd32_repeat3\sustained_rand_read_120s_qd32_repeat3_run1.json
76000.0,76.0,,,444.493,sustained_rand_read_120s_qd32_repeat3,rand_read,1,results\external_ssd\sustained_rand_read_120s_qd32_repeat3\sustained_rand_read_120s_qd32_repeat3_run1.json
76071.0,76.071,212.5078125,54402.0,,sustained_rand_read_120s_qd32_repeat3,rand_read,1,results\external_ssd\sustained_rand_read_120s_qd32_repeat3\sustained_rand_read_120s_qd32_repeat3_run1.json
77000.0,77.0,,,424.3,sustained_rand_read_120s_qd32_repeat3,rand_read,1,results\external_ssd\sustained_rand_read_120s_qd32_repeat3\sustained_rand_read_120s_qd32_repeat3_run1.json
77072.0,77.072,237.10546875,60699.0,,sustained_rand_read_120s_qd32_repeat3,rand_read,1,results\external_ssd\sustained_rand_read_120s_qd32_repeat3\sustained_rand_read_120s_qd32_repeat3_run1.json
78000.0,78.0,,,437.093,sustained_rand_read_120s_qd32_repeat3,rand_read,1,results\external_ssd\sustained_rand_read_120s_qd32_repeat3\sustained_rand_read_120s_qd32_repeat3_run1.json
78073.0,78.073,218.109375,55836.0,,sustained_rand_read_120s_qd32_repeat3,rand_read,1,results\external_ssd\sustained_rand_read_120s_qd32_repeat3\sustained_rand_read_120s_qd32_repeat3_run1.json
79000.0,79.0,,,435.278,sustained_rand_read_120s_qd32_repeat3,rand_read,1,results\external_ssd\sustained_rand_read_120s_qd32_repeat3\sustained_rand_read_120s_qd32_repeat3_run1.json
79074.0,79.074,224.244140625,57406.0,,sustained_rand_read_120s_qd32_repeat3,rand_read,1,results\external_ssd\sustained_rand_read_120s_qd32_repeat3\sustained_rand_read_120s_qd32_repeat3_run1.json
80000.0,80.0,,,434.087,sustained_rand_read_120s_qd32_repeat3,rand_read,1,results\external_ssd\sustained_rand_read_120s_qd32_repeat3\sustained_rand_read_120s_qd32_repeat3_run1.json
80074.0,80.074,230.75390625,59073.0,,sustained_rand_read_120s_qd32_repeat3,rand_read,1,results\external_ssd\sustained_rand_read_120s_qd32_repeat3\sustained_rand_read_120s_qd32_repeat3_run1.json
81000.0,81.0,,,428.36,sustained_rand_read_120s_qd32_repeat3,rand_read,1,results\external_ssd\sustained_rand_read_120s_qd32_repeat3\sustained_rand_read_120s_qd32_repeat3_run1.json
81075.0,81.075,247.01953125,63237.0,,sustained_rand_read_120s_qd32_repeat3,rand_read,1,results\external_ssd\sustained_rand_read_120s_qd32_repeat3\sustained_rand_read_120s_qd32_repeat3_run1.json
82000.0,82.0,,,439.342,sustained_rand_read_120s_qd32_repeat3,rand_read,1,results\external_ssd\sustained_rand_read_120s_qd32_repeat3\sustained_rand_read_120s_qd32_repeat3_run1.json
82075.0,82.075,221.80078125,56781.0,,sustained_rand_read_120s_qd32_repeat3,rand_read,1,results\external_ssd\sustained_rand_read_120s_qd32_repeat3\sustained_rand_read_120s_qd32_repeat3_run1.json
83000.0,83.0,,,448.041,sustained_rand_read_120s_qd32_repeat3,rand_read,1,results\external_ssd\sustained_rand_read_120s_qd32_repeat3\sustained_rand_read_120s_qd32_repeat3_run1.json
83076.0,83.076,214.31640625,54865.0,,sustained_rand_read_120s_qd32_repeat3,rand_read,1,results\external_ssd\sustained_rand_read_120s_qd32_repeat3\sustained_rand_read_120s_qd32_repeat3_run1.json
84000.0,84.0,,,439.742,sustained_rand_read_120s_qd32_repeat3,rand_read,1,results\external_ssd\sustained_rand_read_120s_qd32_repeat3\sustained_rand_read_120s_qd32_repeat3_run1.json
84076.0,84.076,216.55859375,55439.0,,sustained_rand_read_120s_qd32_repeat3,rand_read,1,results\external_ssd\sustained_rand_read_120s_qd32_repeat3\sustained_rand_read_120s_qd32_repeat3_run1.json
85000.0,85.0,,,443.293,sustained_rand_read_120s_qd32_repeat3,rand_read,1,results\external_ssd\sustained_rand_read_120s_qd32_repeat3\sustained_rand_read_120s_qd32_repeat3_run1.json
85077.0,85.077,211.15625,54056.0,,sustained_rand_read_120s_qd32_repeat3,rand_read,1,results\external_ssd\sustained_rand_read_120s_qd32_repeat3\sustained_rand_read_120s_qd32_repeat3_run1.json
86000.0,86.0,,,447.101,sustained_rand_read_120s_qd32_repeat3,rand_read,1,results\external_ssd\sustained_rand_read_120s_qd32_repeat3\sustained_rand_read_120s_qd32_repeat3_run1.json
86077.0,86.077,209.8828125,53730.0,,sustained_rand_read_120s_qd32_repeat3,rand_read,1,results\external_ssd\sustained_rand_read_120s_qd32_repeat3\sustained_rand_read_120s_qd32_repeat3_run1.json
87000.0,87.0,,,465.39,sustained_rand_read_120s_qd32_repeat3,rand_read,1,results\external_ssd\sustained_rand_read_120s_qd32_repeat3\sustained_rand_read_120s_qd32_repeat3_run1.json
87078.0,87.078,198.55078125,50829.0,,sustained_rand_read_120s_qd32_repeat3,rand_read,1,results\external_ssd\sustained_rand_read_120s_qd32_repeat3\sustained_rand_read_120s_qd32_repeat3_run1.json
88000.0,88.0,,,429.287,sustained_rand_read_120s_qd32_repeat3,rand_read,1,results\external_ssd\sustained_rand_read_120s_qd32_repeat3\sustained_rand_read_120s_qd32_repeat3_run1.json
88079.0,88.079,233.57421875,59795.0,,sustained_rand_read_120s_qd32_repeat3,rand_read,1,results\external_ssd\sustained_rand_read_120s_qd32_repeat3\sustained_rand_read_120s_qd32_repeat3_run1.json
89000.0,89.0,,,411.248,sustained_rand_read_120s_qd32_repeat3,rand_read,1,results\external_ssd\sustained_rand_read_120s_qd32_repeat3\sustained_rand_read_120s_qd32_repeat3_run1.json
89080.0,89.08,225.1650390625,57642.0,,sustained_rand_read_120s_qd32_repeat3,rand_read,1,results\external_ssd\sustained_rand_read_120s_qd32_repeat3\sustained_rand_read_120s_qd32_repeat3_run1.json
90000.0,90.0,,,419.393,sustained_rand_read_120s_qd32_repeat3,rand_read,1,results\external_ssd\sustained_rand_read_120s_qd32_repeat3\sustained_rand_read_120s_qd32_repeat3_run1.json
90081.0,90.081,211.04296875,54027.0,,sustained_rand_read_120s_qd32_repeat3,rand_read,1,results\external_ssd\sustained_rand_read_120s_qd32_repeat3\sustained_rand_read_120s_qd32_repeat3_run1.json
91000.0,91.0,,,356.969,sustained_rand_read_120s_qd32_repeat3,rand_read,1,results\external_ssd\sustained_rand_read_120s_qd32_repeat3\sustained_rand_read_120s_qd32_repeat3_run1.json
91081.0,91.081,230.80078125,59085.0,,sustained_rand_read_120s_qd32_repeat3,rand_read,1,results\external_ssd\sustained_rand_read_120s_qd32_repeat3\sustained_rand_read_120s_qd32_repeat3_run1.json
92000.0,92.0,,,454.147,sustained_rand_read_120s_qd32_repeat3,rand_read,1,results\external_ssd\sustained_rand_read_120s_qd32_repeat3\sustained_rand_read_120s_qd32_repeat3_run1.json
92082.0,92.082,200.45703125,51317.0,,sustained_rand_read_120s_qd32_repeat3,rand_read,1,results\external_ssd\sustained_rand_read_120s_qd32_repeat3\sustained_rand_read_120s_qd32_repeat3_run1.json
93000.0,93.0,,,440.454,sustained_rand_read_120s_qd32_repeat3,rand_read,1,results\external_ssd\sustained_rand_read_120s_qd32_repeat3\sustained_rand_read_120s_qd32_repeat3_run1.json
93083.0,93.083,227.72265625,58297.0,,sustained_rand_read_120s_qd32_repeat3,rand_read,1,results\external_ssd\sustained_rand_read_120s_qd32_repeat3\sustained_rand_read_120s_qd32_repeat3_run1.json
94000.0,94.0,,,438.657,sustained_rand_read_120s_qd32_repeat3,rand_read,1,results\external_ssd\sustained_rand_read_120s_qd32_repeat3\sustained_rand_read_120s_qd32_repeat3_run1.json
94083.0,94.083,225.76953125,57797.0,,sustained_rand_read_120s_qd32_repeat3,rand_read,1,results\external_ssd\sustained_rand_read_120s_qd32_repeat3\sustained_rand_read_120s_qd32_repeat3_run1.json
95000.0,95.0,,,440.231,sustained_rand_read_120s_qd32_repeat3,rand_read,1,results\external_ssd\sustained_rand_read_120s_qd32_repeat3\sustained_rand_read_120s_qd32_repeat3_run1.json
95084.0,95.084,226.40234375,57959.0,,sustained_rand_read_120s_qd32_repeat3,rand_read,1,results\external_ssd\sustained_rand_read_120s_qd32_repeat3\sustained_rand_read_120s_qd32_repeat3_run1.json
96000.0,96.0,,,434.974,sustained_rand_read_120s_qd32_repeat3,rand_read,1,results\external_ssd\sustained_rand_read_120s_qd32_repeat3\sustained_rand_read_120s_qd32_repeat3_run1.json
96085.0,96.085,239.6328125,61346.0,,sustained_rand_read_120s_qd32_repeat3,rand_read,1,results\external_ssd\sustained_rand_read_120s_qd32_repeat3\sustained_rand_read_120s_qd32_repeat3_run1.json
97000.0,97.0,,,443.315,sustained_rand_read_120s_qd32_repeat3,rand_read,1,results\external_ssd\sustained_rand_read_120s_qd32_repeat3\sustained_rand_read_120s_qd32_repeat3_run1.json
97086.0,97.086,220.49609375,56447.0,,sustained_rand_read_120s_qd32_repeat3,rand_read,1,results\external_ssd\sustained_rand_read_120s_qd32_repeat3\sustained_rand_read_120s_qd32_repeat3_run1.json
98000.0,98.0,,,442.041,sustained_rand_read_120s_qd32_repeat3,rand_read,1,results\external_ssd\sustained_rand_read_120s_qd32_repeat3\sustained_rand_read_120s_qd32_repeat3_run1.json
98087.0,98.087,223.767578125,57284.0,,sustained_rand_read_120s_qd32_repeat3,rand_read,1,results\external_ssd\sustained_rand_read_120s_qd32_repeat3\sustained_rand_read_120s_qd32_repeat3_run1.json
99000.0,99.0,,,437.445,sustained_rand_read_120s_qd32_repeat3,rand_read,1,results\external_ssd\sustained_rand_read_120s_qd32_repeat3\sustained_rand_read_120s_qd32_repeat3_run1.json
99088.0,99.088,233.2548828125,59713.0,,sustained_rand_read_120s_qd32_repeat3,rand_read,1,results\external_ssd\sustained_rand_read_120s_qd32_repeat3\sustained_rand_read_120s_qd32_repeat3_run1.json
100000.0,100.0,,,430.574,sustained_rand_read_120s_qd32_repeat3,rand_read,1,results\external_ssd\sustained_rand_read_120s_qd32_repeat3\sustained_rand_read_120s_qd32_repeat3_run1.json
100090.0,100.09,242.4052734375,62055.0,,sustained_rand_read_120s_qd32_repeat3,rand_read,1,results\external_ssd\sustained_rand_read_120s_qd32_repeat3\sustained_rand_read_120s_qd32_repeat3_run1.json
101000.0,101.0,,,441.607,sustained_rand_read_120s_qd32_repeat3,rand_read,1,results\external_ssd\sustained_rand_read_120s_qd32_repeat3\sustained_rand_read_120s_qd32_repeat3_run1.json
101091.0,101.091,227.375,58208.0,,sustained_rand_read_120s_qd32_repeat3,rand_read,1,results\external_ssd\sustained_rand_read_120s_qd32_repeat3\sustained_rand_read_120s_qd32_repeat3_run1.json
102000.0,102.0,,,423.587,sustained_rand_read_120s_qd32_repeat3,rand_read,1,results\external_ssd\sustained_rand_read_120s_qd32_repeat3\sustained_rand_read_120s_qd32_repeat3_run1.json
102091.0,102.091,251.91015625,64489.0,,sustained_rand_read_120s_qd32_repeat3,rand_read,1,results\external_ssd\sustained_rand_read_120s_qd32_repeat3\sustained_rand_read_120s_qd32_repeat3_run1.json
103000.0,103.0,,,432.815,sustained_rand_read_120s_qd32_repeat3,rand_read,1,results\external_ssd\sustained_rand_read_120s_qd32_repeat3\sustained_rand_read_120s_qd32_repeat3_run1.json
103091.0,103.091,237.015625,60676.0,,sustained_rand_read_120s_qd32_repeat3,rand_read,1,results\external_ssd\sustained_rand_read_120s_qd32_repeat3\sustained_rand_read_120s_qd32_repeat3_run1.json
104000.0,104.0,,,455.081,sustained_rand_read_120s_qd32_repeat3,rand_read,1,results\external_ssd\sustained_rand_read_120s_qd32_repeat3\sustained_rand_read_120s_qd32_repeat3_run1.json
104092.0,104.092,211.68359375,54191.0,,sustained_rand_read_120s_qd32_repeat3,rand_read,1,results\external_ssd\sustained_rand_read_120s_qd32_repeat3\sustained_rand_read_120s_qd32_repeat3_run1.json
105000.0,105.0,,,426.07,sustained_rand_read_120s_qd32_repeat3,rand_read,1,results\external_ssd\sustained_rand_read_120s_qd32_repeat3\sustained_rand_read_120s_qd32_repeat3_run1.json
105093.0,105.093,251.537109375,64393.0,,sustained_rand_read_120s_qd32_repeat3,rand_read,1,results\external_ssd\sustained_rand_read_120s_qd32_repeat3\sustained_rand_read_120s_qd32_repeat3_run1.json
106000.0,106.0,,,434.052,sustained_rand_read_120s_qd32_repeat3,rand_read,1,results\external_ssd\sustained_rand_read_120s_qd32_repeat3\sustained_rand_read_120s_qd32_repeat3_run1.json
106093.0,106.093,238.97265625,61177.0,,sustained_rand_read_120s_qd32_repeat3,rand_read,1,results\external_ssd\sustained_rand_read_120s_qd32_repeat3\sustained_rand_read_120s_qd32_repeat3_run1.json
107000.0,107.0,,,423.196,sustained_rand_read_120s_qd32_repeat3,rand_read,1,results\external_ssd\sustained_rand_read_120s_qd32_repeat3\sustained_rand_read_120s_qd32_repeat3_run1.json
107094.0,107.094,246.859375,63196.0,,sustained_rand_read_120s_qd32_repeat3,rand_read,1,results\external_ssd\sustained_rand_read_120s_qd32_repeat3\sustained_rand_read_120s_qd32_repeat3_run1.json
108000.0,108.0,,,432.543,sustained_rand_read_120s_qd32_repeat3,rand_read,1,results\external_ssd\sustained_rand_read_120s_qd32_repeat3\sustained_rand_read_120s_qd32_repeat3_run1.json
108094.0,108.094,240.80859375,61647.0,,sustained_rand_read_120s_qd32_repeat3,rand_read,1,results\external_ssd\sustained_rand_read_120s_qd32_repeat3\sustained_rand_read_120s_qd32_repeat3_run1.json
109000.0,109.0,,,429.763,sustained_rand_read_120s_qd32_repeat3,rand_read,1,results\external_ssd\sustained_rand_read_120s_qd32_repeat3\sustained_rand_read_120s_qd32_repeat3_run1.json
109095.0,109.095,243.96484375,62455.0,,sustained_rand_read_120s_qd32_repeat3,rand_read,1,results\external_ssd\sustained_rand_read_120s_qd32_repeat3\sustained_rand_read_120s_qd32_repeat3_run1.json
110000.0,110.0,,,437.741,sustained_rand_read_120s_qd32_repeat3,rand_read,1,results\external_ssd\sustained_rand_read_120s_qd32_repeat3\sustained_rand_read_120s_qd32_repeat3_run1.json
110095.0,110.095,233.62890625,59809.0,,sustained_rand_read_120s_qd32_repeat3,rand_read,1,results\external_ssd\sustained_rand_read_120s_qd32_repeat3\sustained_rand_read_120s_qd32_repeat3_run1.json
111000.0,111.0,,,451.672,sustained_rand_read_120s_qd32_repeat3,rand_read,1,results\external_ssd\sustained_rand_read_120s_qd32_repeat3\sustained_rand_read_120s_qd32_repeat3_run1.json
111095.0,111.095,204.3359375,52310.0,,sustained_rand_read_120s_qd32_repeat3,rand_read,1,results\external_ssd\sustained_rand_read_120s_qd32_repeat3\sustained_rand_read_120s_qd32_repeat3_run1.json
112000.0,112.0,,,466.968,sustained_rand_read_120s_qd32_repeat3,rand_read,1,results\external_ssd\sustained_rand_read_120s_qd32_repeat3\sustained_rand_read_120s_qd32_repeat3_run1.json
112095.0,112.095,195.96875,50168.0,,sustained_rand_read_120s_qd32_repeat3,rand_read,1,results\external_ssd\sustained_rand_read_120s_qd32_repeat3\sustained_rand_read_120s_qd32_repeat3_run1.json
113000.0,113.0,,,431.906,sustained_rand_read_120s_qd32_repeat3,rand_read,1,results\external_ssd\sustained_rand_read_120s_qd32_repeat3\sustained_rand_read_120s_qd32_repeat3_run1.json
113095.0,113.095,225.48828125,57725.0,,sustained_rand_read_120s_qd32_repeat3,rand_read,1,results\external_ssd\sustained_rand_read_120s_qd32_repeat3\sustained_rand_read_120s_qd32_repeat3_run1.json
114000.0,114.0,,,439.656,sustained_rand_read_120s_qd32_repeat3,rand_read,1,results\external_ssd\sustained_rand_read_120s_qd32_repeat3\sustained_rand_read_120s_qd32_repeat3_run1.json
114095.0,114.095,217.75390625,55745.0,,sustained_rand_read_120s_qd32_repeat3,rand_read,1,results\external_ssd\sustained_rand_read_120s_qd32_repeat3\sustained_rand_read_120s_qd32_repeat3_run1.json
115000.0,115.0,,,465.847,sustained_rand_read_120s_qd32_repeat3,rand_read,1,results\external_ssd\sustained_rand_read_120s_qd32_repeat3\sustained_rand_read_120s_qd32_repeat3_run1.json
115096.0,115.096,196.80078125,50381.0,,sustained_rand_read_120s_qd32_repeat3,rand_read,1,results\external_ssd\sustained_rand_read_120s_qd32_repeat3\sustained_rand_read_120s_qd32_repeat3_run1.json
116000.0,116.0,,,438.658,sustained_rand_read_120s_qd32_repeat3,rand_read,1,results\external_ssd\sustained_rand_read_120s_qd32_repeat3\sustained_rand_read_120s_qd32_repeat3_run1.json
116096.0,116.096,233.51171875,59779.0,,sustained_rand_read_120s_qd32_repeat3,rand_read,1,results\external_ssd\sustained_rand_read_120s_qd32_repeat3\sustained_rand_read_120s_qd32_repeat3_run1.json
117000.0,117.0,,,468.415,sustained_rand_read_120s_qd32_repeat3,rand_read,1,results\external_ssd\sustained_rand_read_120s_qd32_repeat3\sustained_rand_read_120s_qd32_repeat3_run1.json
117096.0,117.096,194.8125,49872.0,,sustained_rand_read_120s_qd32_repeat3,rand_read,1,results\external_ssd\sustained_rand_read_120s_qd32_repeat3\sustained_rand_read_120s_qd32_repeat3_run1.json
118000.0,118.0,,,496.497,sustained_rand_read_120s_qd32_repeat3,rand_read,1,results\external_ssd\sustained_rand_read_120s_qd32_repeat3\sustained_rand_read_120s_qd32_repeat3_run1.json
118096.0,118.096,177.2890625,45386.0,,sustained_rand_read_120s_qd32_repeat3,rand_read,1,results\external_ssd\sustained_rand_read_120s_qd32_repeat3\sustained_rand_read_120s_qd32_repeat3_run1.json
119000.0,119.0,,,465.837,sustained_rand_read_120s_qd32_repeat3,rand_read,1,results\external_ssd\sustained_rand_read_120s_qd32_repeat3\sustained_rand_read_120s_qd32_repeat3_run1.json
119097.0,119.097,191.9912109375,49149.0,,sustained_rand_read_120s_qd32_repeat3,rand_read,1,results\external_ssd\sustained_rand_read_120s_qd32_repeat3\sustained_rand_read_120s_qd32_repeat3_run1.json
120000.0,120.0,,,699.501,sustained_rand_read_120s_qd32_repeat3,rand_read,1,results\external_ssd\sustained_rand_read_120s_qd32_repeat3\sustained_rand_read_120s_qd32_repeat3_run1.json
120000.0,120.0,,,609.161,sustained_rand_read_120s_qd32_repeat3,rand_read,1,results\external_ssd\sustained_rand_read_120s_qd32_repeat3\sustained_rand_read_120s_qd32_repeat3_run1.json
120097.0,120.097,99.39453125,25445.0,,sustained_rand_read_120s_qd32_repeat3,rand_read,1,results\external_ssd\sustained_rand_read_120s_qd32_repeat3\sustained_rand_read_120s_qd32_repeat3_run1.json
1000.0,1.0,,,474.105,sustained_rand_read_120s_qd32_repeat3,rand_read,2,results\external_ssd\sustained_rand_read_120s_qd32_repeat3\sustained_rand_read_120s_qd32_repeat3_run2.json
1002.0,1.002,188.396484375,48229.0,,sustained_rand_read_120s_qd32_repeat3,rand_read,2,results\external_ssd\sustained_rand_read_120s_qd32_repeat3\sustained_rand_read_120s_qd32_repeat3_run2.json
2000.0,2.0,,,457.435,sustained_rand_read_120s_qd32_repeat3,rand_read,2,results\external_ssd\sustained_rand_read_120s_qd32_repeat3\sustained_rand_read_120s_qd32_repeat3_run2.json
2001.0,2.001,199.0732421875,50962.0,,sustained_rand_read_120s_qd32_repeat3,rand_read,2,results\external_ssd\sustained_rand_read_120s_qd32_repeat3\sustained_rand_read_120s_qd32_repeat3_run2.json
3000.0,3.0,,,435.765,sustained_rand_read_120s_qd32_repeat3,rand_read,2,results\external_ssd\sustained_rand_read_120s_qd32_repeat3\sustained_rand_read_120s_qd32_repeat3_run2.json
3007.0,3.007,228.76171875,58563.0,,sustained_rand_read_120s_qd32_repeat3,rand_read,2,results\external_ssd\sustained_rand_read_120s_qd32_repeat3\sustained_rand_read_120s_qd32_repeat3_run2.json
4000.0,4.0,,,434.339,sustained_rand_read_120s_qd32_repeat3,rand_read,2,results\external_ssd\sustained_rand_read_120s_qd32_repeat3\sustained_rand_read_120s_qd32_repeat3_run2.json
4006.0,4.006,237.8544921875,60890.0,,sustained_rand_read_120s_qd32_repeat3,rand_read,2,results\external_ssd\sustained_rand_read_120s_qd32_repeat3\sustained_rand_read_120s_qd32_repeat3_run2.json
5000.0,5.0,,,460.695,sustained_rand_read_120s_qd32_repeat3,rand_read,2,results\external_ssd\sustained_rand_read_120s_qd32_repeat3\sustained_rand_read_120s_qd32_repeat3_run2.json
5007.0,5.007,220.494140625,56446.0,,sustained_rand_read_120s_qd32_repeat3,rand_read,2,results\external_ssd\sustained_rand_read_120s_qd32_repeat3\sustained_rand_read_120s_qd32_repeat3_run2.json
6000.0,6.0,,,437.1,sustained_rand_read_120s_qd32_repeat3,rand_read,2,results\external_ssd\sustained_rand_read_120s_qd32_repeat3\sustained_rand_read_120s_qd32_repeat3_run2.json
6010.0,6.01,227.0498046875,58124.0,,sustained_rand_read_120s_qd32_repeat3,rand_read,2,results\external_ssd\sustained_rand_read_120s_qd32_repeat3\sustained_rand_read_120s_qd32_repeat3_run2.json
7000.0,7.0,,,422.783,sustained_rand_read_120s_qd32_repeat3,rand_read,2,results\external_ssd\sustained_rand_read_120s_qd32_repeat3\sustained_rand_read_120s_qd32_repeat3_run2.json
7008.0,7.008,239.576171875,61331.0,,sustained_rand_read_120s_qd32_repeat3,rand_read,2,results\external_ssd\sustained_rand_read_120s_qd32_repeat3\sustained_rand_read_120s_qd32_repeat3_run2.json
8000.0,8.0,,,451.024,sustained_rand_read_120s_qd32_repeat3,rand_read,2,results\external_ssd\sustained_rand_read_120s_qd32_repeat3\sustained_rand_read_120s_qd32_repeat3_run2.json
8006.0,8.006,207.34765625,53081.0,,sustained_rand_read_120s_qd32_repeat3,rand_read,2,results\external_ssd\sustained_rand_read_120s_qd32_repeat3\sustained_rand_read_120s_qd32_repeat3_run2.json
9000.0,9.0,,,439.633,sustained_rand_read_120s_qd32_repeat3,rand_read,2,results\external_ssd\sustained_rand_read_120s_qd32_repeat3\sustained_rand_read_120s_qd32_repeat3_run2.json
9008.0,9.008,217.474609375,55673.0,,sustained_rand_read_120s_qd32_repeat3,rand_read,2,results\external_ssd\sustained_rand_read_120s_qd32_repeat3\sustained_rand_read_120s_qd32_repeat3_run2.json
10000.0,10.0,,,432.604,sustained_rand_read_120s_qd32_repeat3,rand_read,2,results\external_ssd\sustained_rand_read_120s_qd32_repeat3\sustained_rand_read_120s_qd32_repeat3_run2.json
10007.0,10.007,227.5048828125,58241.0,,sustained_rand_read_120s_qd32_repeat3,rand_read,2,results\external_ssd\sustained_rand_read_120s_qd32_repeat3\sustained_rand_read_120s_qd32_repeat3_run2.json
11000.0,11.0,,,428.197,sustained_rand_read_120s_qd32_repeat3,rand_read,2,results\external_ssd\sustained_rand_read_120s_qd32_repeat3\sustained_rand_read_120s_qd32_repeat3_run2.json
11008.0,11.008,247.73828125,63421.0,,sustained_rand_read_120s_qd32_repeat3,rand_read,2,results\external_ssd\sustained_rand_read_120s_qd32_repeat3\sustained_rand_read_120s_qd32_repeat3_run2.json
12000.0,12.0,,,432.952,sustained_rand_read_120s_qd32_repeat3,rand_read,2,results\external_ssd\sustained_rand_read_120s_qd32_repeat3\sustained_rand_read_120s_qd32_repeat3_run2.json
12009.0,12.009,238.34375,61016.0,,sustained_rand_read_120s_qd32_repeat3,rand_read,2,results\external_ssd\sustained_rand_read_120s_qd32_repeat3\sustained_rand_read_120s_qd32_repeat3_run2.json
13000.0,13.0,,,431.272,sustained_rand_read_120s_qd32_repeat3,rand_read,2,results\external_ssd\sustained_rand_read_120s_qd32_repeat3\sustained_rand_read_120s_qd32_repeat3_run2.json
13007.0,13.007,240.2255859375,61497.0,,sustained_rand_read_120s_qd32_repeat3,rand_read,2,results\external_ssd\sustained_rand_read_120s_qd32_repeat3\sustained_rand_read_120s_qd32_repeat3_run2.json
14000.0,14.0,,,438.047,sustained_rand_read_120s_qd32_repeat3,rand_read,2,results\external_ssd\sustained_rand_read_120s_qd32_repeat3\sustained_rand_read_120s_qd32_repeat3_run2.json
14007.0,14.007,224.52734375,57479.0,,sustained_rand_read_120s_qd32_repeat3,rand_read,2,results\external_ssd\sustained_rand_read_120s_qd32_repeat3\sustained_rand_read_120s_qd32_repeat3_run2.json
15000.0,15.0,,,424.346,sustained_rand_read_120s_qd32_repeat3,rand_read,2,results\external_ssd\sustained_rand_read_120s_qd32_repeat3\sustained_rand_read_120s_qd32_repeat3_run2.json
15008.0,15.008,234.35546875,59995.0,,sustained_rand_read_120s_qd32_repeat3,rand_read,2,results\external_ssd\sustained_rand_read_120s_qd32_repeat3\sustained_rand_read_120s_qd32_repeat3_run2.json
16000.0,16.0,,,441.974,sustained_rand_read_120s_qd32_repeat3,rand_read,2,results\external_ssd\sustained_rand_read_120s_qd32_repeat3\sustained_rand_read_120s_qd32_repeat3_run2.json
16009.0,16.009,216.26171875,55363.0,,sustained_rand_read_120s_qd32_repeat3,rand_read,2,results\external_ssd\sustained_rand_read_120s_qd32_repeat3\sustained_rand_read_120s_qd32_repeat3_run2.json
17000.0,17.0,,,440.741,sustained_rand_read_120s_qd32_repeat3,rand_read,2,results\external_ssd\sustained_rand_read_120s_qd32_repeat3\sustained_rand_read_120s_qd32_repeat3_run2.json
17010.0,17.01,219.5693359375,56209.0,,sustained_rand_read_120s_qd32_repeat3,rand_read,2,results\external_ssd\sustained_rand_read_120s_qd32_repeat3\sustained_rand_read_120s_qd32_repeat3_run2.json
18000.0,18.0,,,430.193,sustained_rand_read_120s_qd32_repeat3,rand_read,2,results\external_ssd\sustained_rand_read_120s_qd32_repeat3\sustained_rand_read_120s_qd32_repeat3_run2.json
18008.0,18.008,232.71875,59576.0,,sustained_rand_read_120s_qd32_repeat3,rand_read,2,results\external_ssd\sustained_rand_read_120s_qd32_repeat3\sustained_rand_read_120s_qd32_repeat3_run2.json
19000.0,19.0,,,444.204,sustained_rand_read_120s_qd32_repeat3,rand_read,2,results\external_ssd\sustained_rand_read_120s_qd32_repeat3\sustained_rand_read_120s_qd32_repeat3_run2.json
19009.0,19.009,217.6455078125,55717.0,,sustained_rand_read_120s_qd32_repeat3,rand_read,2,results\external_ssd\sustained_rand_read_120s_qd32_repeat3\sustained_rand_read_120s_qd32_repeat3_run2.json
20000.0,20.0,,,449.652,sustained_rand_read_120s_qd32_repeat3,rand_read,2,results\external_ssd\sustained_rand_read_120s_qd32_repeat3\sustained_rand_read_120s_qd32_repeat3_run2.json
20010.0,20.01,210.4453125,53874.0,,sustained_rand_read_120s_qd32_repeat3,rand_read,2,results\external_ssd\sustained_rand_read_120s_qd32_repeat3\sustained_rand_read_120s_qd32_repeat3_run2.json
21000.0,21.0,,,439.899,sustained_rand_read_120s_qd32_repeat3,rand_read,2,results\external_ssd\sustained_rand_read_120s_qd32_repeat3\sustained_rand_read_120s_qd32_repeat3_run2.json
21011.0,21.011,223.51953125,57221.0,,sustained_rand_read_120s_qd32_repeat3,rand_read,2,results\external_ssd\sustained_rand_read_120s_qd32_repeat3\sustained_rand_read_120s_qd32_repeat3_run2.json
22000.0,22.0,,,448.511,sustained_rand_read_120s_qd32_repeat3,rand_read,2,results\external_ssd\sustained_rand_read_120s_qd32_repeat3\sustained_rand_read_120s_qd32_repeat3_run2.json
22009.0,22.009,211.21875,54072.0,,sustained_rand_read_120s_qd32_repeat3,rand_read,2,results\external_ssd\sustained_rand_read_120s_qd32_repeat3\sustained_rand_read_120s_qd32_repeat3_run2.json
23000.0,23.0,,,441.23,sustained_rand_read_120s_qd32_repeat3,rand_read,2,results\external_ssd\sustained_rand_read_120s_qd32_repeat3\sustained_rand_read_120s_qd32_repeat3_run2.json
23010.0,23.01,219.4091796875,56168.0,,sustained_rand_read_120s_qd32_repeat3,rand_read,2,results\external_ssd\sustained_rand_read_120s_qd32_repeat3\sustained_rand_read_120s_qd32_repeat3_run2.json
24000.0,24.0,,,438.262,sustained_rand_read_120s_qd32_repeat3,rand_read,2,results\external_ssd\sustained_rand_read_120s_qd32_repeat3\sustained_rand_read_120s_qd32_repeat3_run2.json
24008.0,24.008,219.6416015625,56228.0,,sustained_rand_read_120s_qd32_repeat3,rand_read,2,results\external_ssd\sustained_rand_read_120s_qd32_repeat3\sustained_rand_read_120s_qd32_repeat3_run2.json
25000.0,25.0,,,427.151,sustained_rand_read_120s_qd32_repeat3,rand_read,2,results\external_ssd\sustained_rand_read_120s_qd32_repeat3\sustained_rand_read_120s_qd32_repeat3_run2.json
25009.0,25.009,234.8935546875,60132.0,,sustained_rand_read_120s_qd32_repeat3,rand_read,2,results\external_ssd\sustained_rand_read_120s_qd32_repeat3\sustained_rand_read_120s_qd32_repeat3_run2.json
26000.0,26.0,,,446.291,sustained_rand_read_120s_qd32_repeat3,rand_read,2,results\external_ssd\sustained_rand_read_120s_qd32_repeat3\sustained_rand_read_120s_qd32_repeat3_run2.json
26009.0,26.009,212.0087890625,54274.0,,sustained_rand_read_120s_qd32_repeat3,rand_read,2,results\external_ssd\sustained_rand_read_120s_qd32_repeat3\sustained_rand_read_120s_qd32_repeat3_run2.json
27000.0,27.0,,,438.674,sustained_rand_read_120s_qd32_repeat3,rand_read,2,results\external_ssd\sustained_rand_read_120s_qd32_repeat3\sustained_rand_read_120s_qd32_repeat3_run2.json
27008.0,27.008,228.2626953125,58435.0,,sustained_rand_read_120s_qd32_repeat3,rand_read,2,results\external_ssd\sustained_rand_read_120s_qd32_repeat3\sustained_rand_read_120s_qd32_repeat3_run2.json
28000.0,28.0,,,453.628,sustained_rand_read_120s_qd32_repeat3,rand_read,2,results\external_ssd\sustained_rand_read_120s_qd32_repeat3\sustained_rand_read_120s_qd32_repeat3_run2.json
28013.0,28.013,233.24609375,59711.0,,sustained_rand_read_120s_qd32_repeat3,rand_read,2,results\external_ssd\sustained_rand_read_120s_qd32_repeat3\sustained_rand_read_120s_qd32_repeat3_run2.json
29000.0,29.0,,,440.12,sustained_rand_read_120s_qd32_repeat3,rand_read,2,results\external_ssd\sustained_rand_read_120s_qd32_repeat3\sustained_rand_read_120s_qd32_repeat3_run2.json
29013.0,29.013,223.07421875,57107.0,,sustained_rand_read_120s_qd32_repeat3,rand_read,2,results\external_ssd\sustained_rand_read_120s_qd32_repeat3\sustained_rand_read_120s_qd32_repeat3_run2.json
30000.0,30.0,,,424.019,sustained_rand_read_120s_qd32_repeat3,rand_read,2,results\external_ssd\sustained_rand_read_120s_qd32_repeat3\sustained_rand_read_120s_qd32_repeat3_run2.json
30013.0,30.013,249.51171875,63875.0,,sustained_rand_read_120s_qd32_repeat3,rand_read,2,results\external_ssd\sustained_rand_read_120s_qd32_repeat3\sustained_rand_read_120s_qd32_repeat3_run2.json
31000.0,31.0,,,423.304,sustained_rand_read_120s_qd32_repeat3,rand_read,2,results\external_ssd\sustained_rand_read_120s_qd32_repeat3\sustained_rand_read_120s_qd32_repeat3_run2.json
31014.0,31.014,233.7421875,59838.0,,sustained_rand_read_120s_qd32_repeat3,rand_read,2,results\external_ssd\sustained_rand_read_120s_qd32_repeat3\sustained_rand_read_120s_qd32_repeat3_run2.json
32000.0,32.0,,,428.173,sustained_rand_read_120s_qd32_repeat3,rand_read,2,results\external_ssd\sustained_rand_read_120s_qd32_repeat3\sustained_rand_read_120s_qd32_repeat3_run2.json
32015.0,32.015,230.16796875,58923.0,,sustained_rand_read_120s_qd32_repeat3,rand_read,2,results\external_ssd\sustained_rand_read_120s_qd32_repeat3\sustained_rand_read_120s_qd32_repeat3_run2.json
33000.0,33.0,,,423.157,sustained_rand_read_120s_qd32_repeat3,rand_read,2,results\external_ssd\sustained_rand_read_120s_qd32_repeat3\sustained_rand_read_120s_qd32_repeat3_run2.json
33016.0,33.016,239.912109375,61417.0,,sustained_rand_read_120s_qd32_repeat3,rand_read,2,results\external_ssd\sustained_rand_read_120s_qd32_repeat3\sustained_rand_read_120s_qd32_repeat3_run2.json
34000.0,34.0,,,426.215,sustained_rand_read_120s_qd32_repeat3,rand_read,2,results\external_ssd\sustained_rand_read_120s_qd32_repeat3\sustained_rand_read_120s_qd32_repeat3_run2.json
34016.0,34.016,234.52734375,60039.0,,sustained_rand_read_120s_qd32_repeat3,rand_read,2,results\external_ssd\sustained_rand_read_120s_qd32_repeat3\sustained_rand_read_120s_qd32_repeat3_run2.json
35000.0,35.0,,,421.345,sustained_rand_read_120s_qd32_repeat3,rand_read,2,results\external_ssd\sustained_rand_read_120s_qd32_repeat3\sustained_rand_read_120s_qd32_repeat3_run2.json
35016.0,35.016,256.26953125,65605.0,,sustained_rand_read_120s_qd32_repeat3,rand_read,2,results\external_ssd\sustained_rand_read_120s_qd32_repeat3\sustained_rand_read_120s_qd32_repeat3_run2.json
36000.0,36.0,,,423.865,sustained_rand_read_120s_qd32_repeat3,rand_read,2,results\external_ssd\sustained_rand_read_120s_qd32_repeat3\sustained_rand_read_120s_qd32_repeat3_run2.json
36017.0,36.017,257.7890625,65994.0,,sustained_rand_read_120s_qd32_repeat3,rand_read,2,results\external_ssd\sustained_rand_read_120s_qd32_repeat3\sustained_rand_read_120s_qd32_repeat3_run2.json
37000.0,37.0,,,418.909,sustained_rand_read_120s_qd32_repeat3,rand_read,2,results\external_ssd\sustained_rand_read_120s_qd32_repeat3\sustained_rand_read_120s_qd32_repeat3_run2.json
37017.0,37.017,266.73046875,68283.0,,sustained_rand_read_120s_qd32_repeat3,rand_read,2,results\external_ssd\sustained_rand_read_120s_qd32_repeat3\sustained_rand_read_120s_qd32_repeat3_run2.json
38000.0,38.0,,,418.688,sustained_rand_read_120s_qd32_repeat3,rand_read,2,results\external_ssd\sustained_rand_read_120s_qd32_repeat3\sustained_rand_read_120s_qd32_repeat3_run2.json
38018.0,38.018,262.25,67136.0,,sustained_rand_read_120s_qd32_repeat3,rand_read,2,results\external_ssd\sustained_rand_read_120s_qd32_repeat3\sustained_rand_read_120s_qd32_repeat3_run2.json
39000.0,39.0,,,426.421,sustained_rand_read_120s_qd32_repeat3,rand_read,2,results\external_ssd\sustained_rand_read_120s_qd32_repeat3\sustained_rand_read_120s_qd32_repeat3_run2.json
39018.0,39.018,234.203125,59956.0,,sustained_rand_read_120s_qd32_repeat3,rand_read,2,results\external_ssd\sustained_rand_read_120s_qd32_repeat3\sustained_rand_read_120s_qd32_repeat3_run2.json
40000.0,40.0,,,450.491,sustained_rand_read_120s_qd32_repeat3,rand_read,2,results\external_ssd\sustained_rand_read_120s_qd32_repeat3\sustained_rand_read_120s_qd32_repeat3_run2.json
40019.0,40.019,220.3671875,56414.0,,sustained_rand_read_120s_qd32_repeat3,rand_read,2,results\external_ssd\sustained_rand_read_120s_qd32_repeat3\sustained_rand_read_120s_qd32_repeat3_run2.json
41000.0,41.0,,,426.422,sustained_rand_read_120s_qd32_repeat3,rand_read,2,results\external_ssd\sustained_rand_read_120s_qd32_repeat3\sustained_rand_read_120s_qd32_repeat3_run2.json
41020.0,41.02,238.296875,61004.0,,sustained_rand_read_120s_qd32_repeat3,rand_read,2,results\external_ssd\sustained_rand_read_120s_qd32_repeat3\sustained_rand_read_120s_qd32_repeat3_run2.json
42000.0,42.0,,,424.791,sustained_rand_read_120s_qd32_repeat3,rand_read,2,results\external_ssd\sustained_rand_read_120s_qd32_repeat3\sustained_rand_read_120s_qd32_repeat3_run2.json
42020.0,42.02,239.328125,61268.0,,sustained_rand_read_120s_qd32_repeat3,rand_read,2,results\external_ssd\sustained_rand_read_120s_qd32_repeat3\sustained_rand_read_120s_qd32_repeat3_run2.json
43000.0,43.0,,,426.036,sustained_rand_read_120s_qd32_repeat3,rand_read,2,results\external_ssd\sustained_rand_read_120s_qd32_repeat3\sustained_rand_read_120s_qd32_repeat3_run2.json
43020.0,43.02,253.734375,64956.0,,sustained_rand_read_120s_qd32_repeat3,rand_read,2,results\external_ssd\sustained_rand_read_120s_qd32_repeat3\sustained_rand_read_120s_qd32_repeat3_run2.json
44000.0,44.0,,,423.235,sustained_rand_read_120s_qd32_repeat3,rand_read,2,results\external_ssd\sustained_rand_read_120s_qd32_repeat3\sustained_rand_read_120s_qd32_repeat3_run2.json
44020.0,44.02,261.578125,66964.0,,sustained_rand_read_120s_qd32_repeat3,rand_read,2,results\external_ssd\sustained_rand_read_120s_qd32_repeat3\sustained_rand_read_120s_qd32_repeat3_run2.json
45000.0,45.0,,,419.428,sustained_rand_read_120s_qd32_repeat3,rand_read,2,results\external_ssd\sustained_rand_read_120s_qd32_repeat3\sustained_rand_read_120s_qd32_repeat3_run2.json
45021.0,45.021,269.9599609375,69109.0,,sustained_rand_read_120s_qd32_repeat3,rand_read,2,results\external_ssd\sustained_rand_read_120s_qd32_repeat3\sustained_rand_read_120s_qd32_repeat3_run2.json
46000.0,46.0,,,417.813,sustained_rand_read_120s_qd32_repeat3,rand_read,2,results\external_ssd\sustained_rand_read_120s_qd32_repeat3\sustained_rand_read_120s_qd32_repeat3_run2.json
46023.0,46.023,267.8798828125,68577.0,,sustained_rand_read_120s_qd32_repeat3,rand_read,2,results\external_ssd\sustained_rand_read_120s_qd32_repeat3\sustained_rand_read_120s_qd32_repeat3_run2.json
47000.0,47.0,,,425.89,sustained_rand_read_120s_qd32_repeat3,rand_read,2,results\external_ssd\sustained_rand_read_120s_qd32_repeat3\sustained_rand_read_120s_qd32_repeat3_run2.json
47024.0,47.024,235.541015625,60298.0,,sustained_rand_read_120s_qd32_repeat3,rand_read,2,results\external_ssd\sustained_rand_read_120s_qd32_repeat3\sustained_rand_read_120s_qd32_repeat3_run2.json
48000.0,48.0,,,428.325,sustained_rand_read_120s_qd32_repeat3,rand_read,2,results\external_ssd\sustained_rand_read_120s_qd32_repeat3\sustained_rand_read_120s_qd32_repeat3_run2.json
48024.0,48.024,229.91015625,58857.0,,sustained_rand_read_120s_qd32_repeat3,rand_read,2,results\external_ssd\sustained_rand_read_120s_qd32_repeat3\sustained_rand_read_120s_qd32_repeat3_run2.json
49000.0,49.0,,,437.474,sustained_rand_read_120s_qd32_repeat3,rand_read,2,results\external_ssd\sustained_rand_read_120s_qd32_repeat3\sustained_rand_read_120s_qd32_repeat3_run2.json
49024.0,49.024,222.31640625,56913.0,,sustained_rand_read_120s_qd32_repeat3,rand_read,2,results\external_ssd\sustained_rand_read_120s_qd32_repeat3\sustained_rand_read_120s_qd32_repeat3_run2.json
50000.0,50.0,,,433.914,sustained_rand_read_120s_qd32_repeat3,rand_read,2,results\external_ssd\sustained_rand_read_120s_qd32_repeat3\sustained_rand_read_120s_qd32_repeat3_run2.json
50025.0,50.025,223.3623046875,57180.0,,sustained_rand_read_120s_qd32_repeat3,rand_read,2,results\external_ssd\sustained_rand_read_120s_qd32_repeat3\sustained_rand_read_120s_qd32_repeat3_run2.json
51000.0,51.0,,,434.195,sustained_rand_read_120s_qd32_repeat3,rand_read,2,results\external_ssd\sustained_rand_read_120s_qd32_repeat3\sustained_rand_read_120s_qd32_repeat3_run2.json
51026.0,51.026,235.83984375,60375.0,,sustained_rand_read_120s_qd32_repeat3,rand_read,2,results\external_ssd\sustained_rand_read_120s_qd32_repeat3\sustained_rand_read_120s_qd32_repeat3_run2.json
52000.0,52.0,,,426.853,sustained_rand_read_120s_qd32_repeat3,rand_read,2,results\external_ssd\sustained_rand_read_120s_qd32_repeat3\sustained_rand_read_120s_qd32_repeat3_run2.json
52026.0,52.026,251.5390625,64394.0,,sustained_rand_read_120s_qd32_repeat3,rand_read,2,results\external_ssd\sustained_rand_read_120s_qd32_repeat3\sustained_rand_read_120s_qd32_repeat3_run2.json
53000.0,53.0,,,419.856,sustained_rand_read_120s_qd32_repeat3,rand_read,2,results\external_ssd\sustained_rand_read_120s_qd32_repeat3\sustained_rand_read_120s_qd32_repeat3_run2.json
53027.0,53.027,266.4482421875,68210.0,,sustained_rand_read_120s_qd32_repeat3,rand_read,2,results\external_ssd\sustained_rand_read_120s_qd32_repeat3\sustained_rand_read_120s_qd32_repeat3_run2.json
54000.0,54.0,,,422.491,sustained_rand_read_120s_qd32_repeat3,rand_read,2,results\external_ssd\sustained_rand_read_120s_qd32_repeat3\sustained_rand_read_120s_qd32_repeat3_run2.json
54028.0,54.028,265.125,67872.0,,sustained_rand_read_120s_qd32_repeat3,rand_read,2,results\external_ssd\sustained_rand_read_120s_qd32_repeat3\sustained_rand_read_120s_qd32_repeat3_run2.json
55000.0,55.0,,,428.648,sustained_rand_read_120s_qd32_repeat3,rand_read,2,results\external_ssd\sustained_rand_read_120s_qd32_repeat3\sustained_rand_read_120s_qd32_repeat3_run2.json
55028.0,55.028,235.6015625,60313.0,,sustained_rand_read_120s_qd32_repeat3,rand_read,2,results\external_ssd\sustained_rand_read_120s_qd32_repeat3\sustained_rand_read_120s_qd32_repeat3_run2.json
56000.0,56.0,,,426.825,sustained_rand_read_120s_qd32_repeat3,rand_read,2,results\external_ssd\sustained_rand_read_120s_qd32_repeat3\sustained_rand_read_120s_qd32_repeat3_run2.json
56029.0,56.029,236.25,60480.0,,sustained_rand_read_120s_qd32_repeat3,rand_read,2,results\external_ssd\sustained_rand_read_120s_qd32_repeat3\sustained_rand_read_120s_qd32_repeat3_run2.json
57000.0,57.0,,,428.016,sustained_rand_read_120s_qd32_repeat3,rand_read,2,results\external_ssd\sustained_rand_read_120s_qd32_repeat3\sustained_rand_read_120s_qd32_repeat3_run2.json
57030.0,57.03,236.189453125,60464.0,,sustained_rand_read_120s_qd32_repeat3,rand_read,2,results\external_ssd\sustained_rand_read_120s_qd32_repeat3\sustained_rand_read_120s_qd32_repeat3_run2.json
58000.0,58.0,,,425.741,sustained_rand_read_120s_qd32_repeat3,rand_read,2,results\external_ssd\sustained_rand_read_120s_qd32_repeat3\sustained_rand_read_120s_qd32_repeat3_run2.json
58030.0,58.03,240.48828125,61565.0,,sustained_rand_read_120s_qd32_repeat3,rand_read,2,results\external_ssd\sustained_rand_read_120s_qd32_repeat3\sustained_rand_read_120s_qd32_repeat3_run2.json
59000.0,59.0,,,424.456,sustained_rand_read_120s_qd32_repeat3,rand_read,2,results\external_ssd\sustained_rand_read_120s_qd32_repeat3\sustained_rand_read_120s_qd32_repeat3_run2.json
59031.0,59.031,253.08203125,64789.0,,sustained_rand_read_120s_qd32_repeat3,rand_read,2,results\external_ssd\sustained_rand_read_120s_qd32_repeat3\sustained_rand_read_120s_qd32_repeat3_run2.json
60000.0,60.0,,,417.29,sustained_rand_read_120s_qd32_repeat3,rand_read,2,results\external_ssd\sustained_rand_read_120s_qd32_repeat3\sustained_rand_read_120s_qd32_repeat3_run2.json
60032.0,60.032,264.3720703125,67679.0,,sustained_rand_read_120s_qd32_repeat3,rand_read,2,results\external_ssd\sustained_rand_read_120s_qd32_repeat3\sustained_rand_read_120s_qd32_repeat3_run2.json
61000.0,61.0,,,427.792,sustained_rand_read_120s_qd32_repeat3,rand_read,2,results\external_ssd\sustained_rand_read_120s_qd32_repeat3\sustained_rand_read_120s_qd32_repeat3_run2.json
61032.0,61.032,250.20703125,64053.0,,sustained_rand_read_120s_qd32_repeat3,rand_read,2,results\external_ssd\sustained_rand_read_120s_qd32_repeat3\sustained_rand_read_120s_qd32_repeat3_run2.json
62000.0,62.0,,,424.245,sustained_rand_read_120s_qd32_repeat3,rand_read,2,results\external_ssd\sustained_rand_read_120s_qd32_repeat3\sustained_rand_read_120s_qd32_repeat3_run2.json
62033.0,62.033,249.3515625,63834.0,,sustained_rand_read_120s_qd32_repeat3,rand_read,2,results\external_ssd\sustained_rand_read_120s_qd32_repeat3\sustained_rand_read_120s_qd32_repeat3_run2.json
63000.0,63.0,,,419.206,sustained_rand_read_120s_qd32_repeat3,rand_read,2,results\external_ssd\sustained_rand_read_120s_qd32_repeat3\sustained_rand_read_120s_qd32_repeat3_run2.json
63035.0,63.035,267.236328125,68412.0,,sustained_rand_read_120s_qd32_repeat3,rand_read,2,results\external_ssd\sustained_rand_read_120s_qd32_repeat3\sustained_rand_read_120s_qd32_repeat3_run2.json
64000.0,64.0,,,426.735,sustained_rand_read_120s_qd32_repeat3,rand_read,2,results\external_ssd\sustained_rand_read_120s_qd32_repeat3\sustained_rand_read_120s_qd32_repeat3_run2.json
64035.0,64.035,251.9375,64496.0,,sustained_rand_read_120s_qd32_repeat3,rand_read,2,results\external_ssd\sustained_rand_read_120s_qd32_repeat3\sustained_rand_read_120s_qd32_repeat3_run2.json
65000.0,65.0,,,417.008,sustained_rand_read_120s_qd32_repeat3,rand_read,2,results\external_ssd\sustained_rand_read_120s_qd32_repeat3\sustained_rand_read_120s_qd32_repeat3_run2.json
65036.0,65.036,268.82421875,68819.0,,sustained_rand_read_120s_qd32_repeat3,rand_read,2,results\external_ssd\sustained_rand_read_120s_qd32_repeat3\sustained_rand_read_120s_qd32_repeat3_run2.json
66000.0,66.0,,,420.554,sustained_rand_read_120s_qd32_repeat3,rand_read,2,results\external_ssd\sustained_rand_read_120s_qd32_repeat3\sustained_rand_read_120s_qd32_repeat3_run2.json
66037.0,66.037,260.19921875,66611.0,,sustained_rand_read_120s_qd32_repeat3,rand_read,2,results\external_ssd\sustained_rand_read_120s_qd32_repeat3\sustained_rand_read_120s_qd32_repeat3_run2.json
67000.0,67.0,,,420.729,sustained_rand_read_120s_qd32_repeat3,rand_read,2,results\external_ssd\sustained_rand_read_120s_qd32_repeat3\sustained_rand_read_120s_qd32_repeat3_run2.json
67037.0,67.037,242.80859375,62159.0,,sustained_rand_read_120s_qd32_repeat3,rand_read,2,results\external_ssd\sustained_rand_read_120s_qd32_repeat3\sustained_rand_read_120s_qd32_repeat3_run2.json
68000.0,68.0,,,437.79,sustained_rand_read_120s_qd32_repeat3,rand_read,2,results\external_ssd\sustained_rand_read_120s_qd32_repeat3\sustained_rand_read_120s_qd32_repeat3_run2.json
68038.0,68.038,225.71875,57784.0,,sustained_rand_read_120s_qd32_repeat3,rand_read,2,results\external_ssd\sustained_rand_read_120s_qd32_repeat3\sustained_rand_read_120s_qd32_repeat3_run2.json
69000.0,69.0,,,422.05,sustained_rand_read_120s_qd32_repeat3,rand_read,2,results\external_ssd\sustained_rand_read_120s_qd32_repeat3\sustained_rand_read_120s_qd32_repeat3_run2.json
69039.0,69.039,242.9169921875,62186.0,,sustained_rand_read_120s_qd32_repeat3,rand_read,2,results\external_ssd\sustained_rand_read_120s_qd32_repeat3\sustained_rand_read_120s_qd32_repeat3_run2.json
70000.0,70.0,,,416.352,sustained_rand_read_120s_qd32_repeat3,rand_read,2,results\external_ssd\sustained_rand_read_120s_qd32_repeat3\sustained_rand_read_120s_qd32_repeat3_run2.json
70040.0,70.04,245.36328125,62813.0,,sustained_rand_read_120s_qd32_repeat3,rand_read,2,results\external_ssd\sustained_rand_read_120s_qd32_repeat3\sustained_rand_read_120s_qd32_repeat3_run2.json
71000.0,71.0,,,420.684,sustained_rand_read_120s_qd32_repeat3,rand_read,2,results\external_ssd\sustained_rand_read_120s_qd32_repeat3\sustained_rand_read_120s_qd32_repeat3_run2.json
71040.0,71.04,260.5390625,66698.0,,sustained_rand_read_120s_qd32_repeat3,rand_read,2,results\external_ssd\sustained_rand_read_120s_qd32_repeat3\sustained_rand_read_120s_qd32_repeat3_run2.json
72000.0,72.0,,,420.526,sustained_rand_read_120s_qd32_repeat3,rand_read,2,results\external_ssd\sustained_rand_read_120s_qd32_repeat3\sustained_rand_read_120s_qd32_repeat3_run2.json
72041.0,72.041,263.546875,67468.0,,sustained_rand_read_120s_qd32_repeat3,rand_read,2,results\external_ssd\sustained_rand_read_120s_qd32_repeat3\sustained_rand_read_120s_qd32_repeat3_run2.json
73000.0,73.0,,,420.236,sustained_rand_read_120s_qd32_repeat3,rand_read,2,results\external_ssd\sustained_rand_read_120s_qd32_repeat3\sustained_rand_read_120s_qd32_repeat3_run2.json
73042.0,73.042,263.171875,67372.0,,sustained_rand_read_120s_qd32_repeat3,rand_read,2,results\external_ssd\sustained_rand_read_120s_qd32_repeat3\sustained_rand_read_120s_qd32_repeat3_run2.json
74000.0,74.0,,,422.134,sustained_rand_read_120s_qd32_repeat3,rand_read,2,results\external_ssd\sustained_rand_read_120s_qd32_repeat3\sustained_rand_read_120s_qd32_repeat3_run2.json
74043.0,74.043,258.3076171875,66126.0,,sustained_rand_read_120s_qd32_repeat3,rand_read,2,results\external_ssd\sustained_rand_read_120s_qd32_repeat3\sustained_rand_read_120s_qd32_repeat3_run2.json
75000.0,75.0,,,424.049,sustained_rand_read_120s_qd32_repeat3,rand_read,2,results\external_ssd\sustained_rand_read_120s_qd32_repeat3\sustained_rand_read_120s_qd32_repeat3_run2.json
75043.0,75.043,233.29296875,59723.0,,sustained_rand_read_120s_qd32_repeat3,rand_read,2,results\external_ssd\sustained_rand_read_120s_qd32_repeat3\sustained_rand_read_120s_qd32_repeat3_run2.json
76000.0,76.0,,,420.339,sustained_rand_read_120s_qd32_repeat3,rand_read,2,results\external_ssd\sustained_rand_read_120s_qd32_repeat3\sustained_rand_read_120s_qd32_repeat3_run2.json
76044.0,76.044,238.7607421875,61122.0,,sustained_rand_read_120s_qd32_repeat3,rand_read,2,results\external_ssd\sustained_rand_read_120s_qd32_repeat3\sustained_rand_read_120s_qd32_repeat3_run2.json
77000.0,77.0,,,422.996,sustained_rand_read_120s_qd32_repeat3,rand_read,2,results\external_ssd\sustained_rand_read_120s_qd32_repeat3\sustained_rand_read_120s_qd32_repeat3_run2.json
77044.0,77.044,236.33203125,60501.0,,sustained_rand_read_120s_qd32_repeat3,rand_read,2,results\external_ssd\sustained_rand_read_120s_qd32_repeat3\sustained_rand_read_120s_qd32_repeat3_run2.json
78000.0,78.0,,,418.565,sustained_rand_read_120s_qd32_repeat3,rand_read,2,results\external_ssd\sustained_rand_read_120s_qd32_repeat3\sustained_rand_read_120s_qd32_repeat3_run2.json
78045.0,78.045,241.078125,61716.0,,sustained_rand_read_120s_qd32_repeat3,rand_read,2,results\external_ssd\sustained_rand_read_120s_qd32_repeat3\sustained_rand_read_120s_qd32_repeat3_run2.json
79000.0,79.0,,,457.324,sustained_rand_read_120s_qd32_repeat3,rand_read,2,results\external_ssd\sustained_rand_read_120s_qd32_repeat3\sustained_rand_read_120s_qd32_repeat3_run2.json
79045.0,79.045,217.421875,55660.0,,sustained_rand_read_120s_qd32_repeat3,rand_read,2,results\external_ssd\sustained_rand_read_120s_qd32_repeat3\sustained_rand_read_120s_qd32_repeat3_run2.json
80000.0,80.0,,,438.563,sustained_rand_read_120s_qd32_repeat3,rand_read,2,results\external_ssd\sustained_rand_read_120s_qd32_repeat3\sustained_rand_read_120s_qd32_repeat3_run2.json
80045.0,80.045,222.85546875,57051.0,,sustained_rand_read_120s_qd32_repeat3,rand_read,2,results\external_ssd\sustained_rand_read_120s_qd32_repeat3\sustained_rand_read_120s_qd32_repeat3_run2.json
81000.0,81.0,,,433.63,sustained_rand_read_120s_qd32_repeat3,rand_read,2,results\external_ssd\sustained_rand_read_120s_qd32_repeat3\sustained_rand_read_120s_qd32_repeat3_run2.json
81047.0,81.047,236.6298828125,60577.0,,sustained_rand_read_120s_qd32_repeat3,rand_read,2,results\external_ssd\sustained_rand_read_120s_qd32_repeat3\sustained_rand_read_120s_qd32_repeat3_run2.json
82000.0,82.0,,,427.583,sustained_rand_read_120s_qd32_repeat3,rand_read,2,results\external_ssd\sustained_rand_read_120s_qd32_repeat3\sustained_rand_read_120s_qd32_repeat3_run2.json
82048.0,82.048,232.87109375,59615.0,,sustained_rand_read_120s_qd32_repeat3,rand_read,2,results\external_ssd\sustained_rand_read_120s_qd32_repeat3\sustained_rand_read_120s_qd32_repeat3_run2.json
83000.0,83.0,,,399.774,sustained_rand_read_120s_qd32_repeat3,rand_read,2,results\external_ssd\sustained_rand_read_120s_qd32_repeat3\sustained_rand_read_120s_qd32_repeat3_run2.json
83048.0,83.048,234.625,60064.0,,sustained_rand_read_120s_qd32_repeat3,rand_read,2,results\external_ssd\sustained_rand_read_120s_qd32_repeat3\sustained_rand_read_120s_qd32_repeat3_run2.json
84000.0,84.0,,,397.452,sustained_rand_read_120s_qd32_repeat3,rand_read,2,results\external_ssd\sustained_rand_read_120s_qd32_repeat3\sustained_rand_read_120s_qd32_repeat3_run2.json
84049.0,84.049,239.7109375,61366.0,,sustained_rand_read_120s_qd32_repeat3,rand_read,2,results\external_ssd\sustained_rand_read_120s_qd32_repeat3\sustained_rand_read_120s_qd32_repeat3_run2.json
85000.0,85.0,,,344.365,sustained_rand_read_120s_qd32_repeat3,rand_read,2,results\external_ssd\sustained_rand_read_120s_qd32_repeat3\sustained_rand_read_120s_qd32_repeat3_run2.json
85050.0,85.05,244.7392578125,62653.0,,sustained_rand_read_120s_qd32_repeat3,rand_read,2,results\external_ssd\sustained_rand_read_120s_qd32_repeat3\sustained_rand_read_120s_qd32_repeat3_run2.json
86000.0,86.0,,,422.151,sustained_rand_read_120s_qd32_repeat3,rand_read,2,results\external_ssd\sustained_rand_read_120s_qd32_repeat3\sustained_rand_read_120s_qd32_repeat3_run2.json
86051.0,86.051,243.0078125,62210.0,,sustained_rand_read_120s_qd32_repeat3,rand_read,2,results\external_ssd\sustained_rand_read_120s_qd32_repeat3\sustained_rand_read_120s_qd32_repeat3_run2.json
87000.0,87.0,,,418.886,sustained_rand_read_120s_qd32_repeat3,rand_read,2,results\external_ssd\sustained_rand_read_120s_qd32_repeat3\sustained_rand_read_120s_qd32_repeat3_run2.json
87052.0,87.052,263.134765625,67362.0,,sustained_rand_read_120s_qd32_repeat3,rand_read,2,results\external_ssd\sustained_rand_read_120s_qd32_repeat3\sustained_rand_read_120s_qd32_repeat3_run2.json
88000.0,88.0,,,447.625,sustained_rand_read_120s_qd32_repeat3,rand_read,2,results\external_ssd\sustained_rand_read_120s_qd32_repeat3\sustained_rand_read_120s_qd32_repeat3_run2.json
88052.0,88.052,220.34765625,56409.0,,sustained_rand_read_120s_qd32_repeat3,rand_read,2,results\external_ssd\sustained_rand_read_120s_qd32_repeat3\sustained_rand_read_120s_qd32_repeat3_run2.json
89000.0,89.0,,,466.696,sustained_rand_read_120s_qd32_repeat3,rand_read,2,results\external_ssd\sustained_rand_read_120s_qd32_repeat3\sustained_rand_read_120s_qd32_repeat3_run2.json
89052.0,89.052,195.17578125,49965.0,,sustained_rand_read_120s_qd32_repeat3,rand_read,2,results\external_ssd\sustained_rand_read_120s_qd32_repeat3\sustained_rand_read_120s_qd32_repeat3_run2.json
90000.0,90.0,,,458.059,sustained_rand_read_120s_qd32_repeat3,rand_read,2,results\external_ssd\sustained_rand_read_120s_qd32_repeat3\sustained_rand_read_120s_qd32_repeat3_run2.json
90053.0,90.053,205.73828125,52669.0,,sustained_rand_read_120s_qd32_repeat3,rand_read,2,results\external_ssd\sustained_rand_read_120s_qd32_repeat3\sustained_rand_read_120s_qd32_repeat3_run2.json
91000.0,91.0,,,434.3,sustained_rand_read_120s_qd32_repeat3,rand_read,2,results\external_ssd\sustained_rand_read_120s_qd32_repeat3\sustained_rand_read_120s_qd32_repeat3_run2.json
91054.0,91.054,233.02734375,59655.0,,sustained_rand_read_120s_qd32_repeat3,rand_read,2,results\external_ssd\sustained_rand_read_120s_qd32_repeat3\sustained_rand_read_120s_qd32_repeat3_run2.json
92000.0,92.0,,,455.684,sustained_rand_read_120s_qd32_repeat3,rand_read,2,results\external_ssd\sustained_rand_read_120s_qd32_repeat3\sustained_rand_read_120s_qd32_repeat3_run2.json
92054.0,92.054,209.79296875,53707.0,,sustained_rand_read_120s_qd32_repeat3,rand_read,2,results\external_ssd\sustained_rand_read_120s_qd32_repeat3\sustained_rand_read_120s_qd32_repeat3_run2.json
93000.0,93.0,,,457.894,sustained_rand_read_120s_qd32_repeat3,rand_read,2,results\external_ssd\sustained_rand_read_120s_qd32_repeat3\sustained_rand_read_120s_qd32_repeat3_run2.json
93054.0,93.054,206.20703125,52789.0,,sustained_rand_read_120s_qd32_repeat3,rand_read,2,results\external_ssd\sustained_rand_read_120s_qd32_repeat3\sustained_rand_read_120s_qd32_repeat3_run2.json
94000.0,94.0,,,456.842,sustained_rand_read_120s_qd32_repeat3,rand_read,2,results\external_ssd\sustained_rand_read_120s_qd32_repeat3\sustained_rand_read_120s_qd32_repeat3_run2.json
94054.0,94.054,206.15625,52776.0,,sustained_rand_read_120s_qd32_repeat3,rand_read,2,results\external_ssd\sustained_rand_read_120s_qd32_repeat3\sustained_rand_read_120s_qd32_repeat3_run2.json
95000.0,95.0,,,468.974,sustained_rand_read_120s_qd32_repeat3,rand_read,2,results\external_ssd\sustained_rand_read_120s_qd32_repeat3\sustained_rand_read_120s_qd32_repeat3_run2.json
95055.0,95.055,215.80078125,55245.0,,sustained_rand_read_120s_qd32_repeat3,rand_read,2,results\external_ssd\sustained_rand_read_120s_qd32_repeat3\sustained_rand_read_120s_qd32_repeat3_run2.json
96000.0,96.0,,,438.083,sustained_rand_read_120s_qd32_repeat3,rand_read,2,results\external_ssd\sustained_rand_read_120s_qd32_repeat3\sustained_rand_read_120s_qd32_repeat3_run2.json
96056.0,96.056,238.70703125,61109.0,,sustained_rand_read_120s_qd32_repeat3,rand_read,2,results\external_ssd\sustained_rand_read_120s_qd32_repeat3\sustained_rand_read_120s_qd32_repeat3_run2.json
97000.0,97.0,,,487.673,sustained_rand_read_120s_qd32_repeat3,rand_read,2,results\external_ssd\sustained_rand_read_120s_qd32_repeat3\sustained_rand_read_120s_qd32_repeat3_run2.json
97057.0,97.057,193.1796875,49454.0,,sustained_rand_read_120s_qd32_repeat3,rand_read,2,results\external_ssd\sustained_rand_read_120s_qd32_repeat3\sustained_rand_read_120s_qd32_repeat3_run2.json
98000.0,98.0,,,464.09,sustained_rand_read_120s_qd32_repeat3,rand_read,2,results\external_ssd\sustained_rand_read_120s_qd32_repeat3\sustained_rand_read_120s_qd32_repeat3_run2.json
98057.0,98.057,202.84375,51928.0,,sustained_rand_read_120s_qd32_repeat3,rand_read,2,results\external_ssd\sustained_rand_read_120s_qd32_repeat3\sustained_rand_read_120s_qd32_repeat3_run2.json
99000.0,99.0,,,504.16,sustained_rand_read_120s_qd32_repeat3,rand_read,2,results\external_ssd\sustained_rand_read_120s_qd32_repeat3\sustained_rand_read_120s_qd32_repeat3_run2.json
99058.0,99.058,165.51171875,42371.0,,sustained_rand_read_120s_qd32_repeat3,rand_read,2,results\external_ssd\sustained_rand_read_120s_qd32_repeat3\sustained_rand_read_120s_qd32_repeat3_run2.json
100000.0,100.0,,,565.751,sustained_rand_read_120s_qd32_repeat3,rand_read,2,results\external_ssd\sustained_rand_read_120s_qd32_repeat3\sustained_rand_read_120s_qd32_repeat3_run2.json
100058.0,100.058,150.765625,38596.0,,sustained_rand_read_120s_qd32_repeat3,rand_read,2,results\external_ssd\sustained_rand_read_120s_qd32_repeat3\sustained_rand_read_120s_qd32_repeat3_run2.json
101000.0,101.0,,,478.609,sustained_rand_read_120s_qd32_repeat3,rand_read,2,results\external_ssd\sustained_rand_read_120s_qd32_repeat3\sustained_rand_read_120s_qd32_repeat3_run2.json
101058.0,101.058,185.59375,47512.0,,sustained_rand_read_120s_qd32_repeat3,rand_read,2,results\external_ssd\sustained_rand_read_120s_qd32_repeat3\sustained_rand_read_120s_qd32_repeat3_run2.json
102000.0,102.0,,,473.755,sustained_rand_read_120s_qd32_repeat3,rand_read,2,results\external_ssd\sustained_rand_read_120s_qd32_repeat3\sustained_rand_read_120s_qd32_repeat3_run2.json
102059.0,102.059,189.96875,48632.0,,sustained_rand_read_120s_qd32_repeat3,rand_read,2,results\external_ssd\sustained_rand_read_120s_qd32_repeat3\sustained_rand_read_120s_qd32_repeat3_run2.json
103000.0,103.0,,,479.269,sustained_rand_read_120s_qd32_repeat3,rand_read,2,results\external_ssd\sustained_rand_read_120s_qd32_repeat3\sustained_rand_read_120s_qd32_repeat3_run2.json
103059.0,103.059,184.6015625,47258.0,,sustained_rand_read_120s_qd32_repeat3,rand_read,2,results\external_ssd\sustained_rand_read_120s_qd32_repeat3\sustained_rand_read_120s_qd32_repeat3_run2.json
104000.0,104.0,,,480.563,sustained_rand_read_120s_qd32_repeat3,rand_read,2,results\external_ssd\sustained_rand_read_120s_qd32_repeat3\sustained_rand_read_120s_qd32_repeat3_run2.json
104060.0,104.06,190.1220703125,48671.0,,sustained_rand_read_120s_qd32_repeat3,rand_read,2,results\external_ssd\sustained_rand_read_120s_qd32_repeat3\sustained_rand_read_120s_qd32_repeat3_run2.json
105000.0,105.0,,,504.806,sustained_rand_read_120s_qd32_repeat3,rand_read,2,results\external_ssd\sustained_rand_read_120s_qd32_repeat3\sustained_rand_read_120s_qd32_repeat3_run2.json
105060.0,105.06,181.97265625,46585.0,,sustained_rand_read_120s_qd32_repeat3,rand_read,2,results\external_ssd\sustained_rand_read_120s_qd32_repeat3\sustained_rand_read_120s_qd32_repeat3_run2.json
106000.0,106.0,,,473.764,sustained_rand_read_120s_qd32_repeat3,rand_read,2,results\external_ssd\sustained_rand_read_120s_qd32_repeat3\sustained_rand_read_120s_qd32_repeat3_run2.json
106061.0,106.061,195.3359375,50006.0,,sustained_rand_read_120s_qd32_repeat3,rand_read,2,results\external_ssd\sustained_rand_read_120s_qd32_repeat3\sustained_rand_read_120s_qd32_repeat3_run2.json
107000.0,107.0,,,494.497,sustained_rand_read_120s_qd32_repeat3,rand_read,2,results\external_ssd\sustained_rand_read_120s_qd32_repeat3\sustained_rand_read_120s_qd32_repeat3_run2.json
107061.0,107.061,175.2734375,44870.0,,sustained_rand_read_120s_qd32_repeat3,rand_read,2,results\external_ssd\sustained_rand_read_120s_qd32_repeat3\sustained_rand_read_120s_qd32_repeat3_run2.json
108000.0,108.0,,,501.252,sustained_rand_read_120s_qd32_repeat3,rand_read,2,results\external_ssd\sustained_rand_read_120s_qd32_repeat3\sustained_rand_read_120s_qd32_repeat3_run2.json
108062.0,108.062,170.43359375,43631.0,,sustained_rand_read_120s_qd32_repeat3,rand_read,2,results\external_ssd\sustained_rand_read_120s_qd32_repeat3\sustained_rand_read_120s_qd32_repeat3_run2.json
109000.0,109.0,,,469.989,sustained_rand_read_120s_qd32_repeat3,rand_read,2,results\external_ssd\sustained_rand_read_120s_qd32_repeat3\sustained_rand_read_120s_qd32_repeat3_run2.json
109062.0,109.062,188.1640625,48170.0,,sustained_rand_read_120s_qd32_repeat3,rand_read,2,results\external_ssd\sustained_rand_read_120s_qd32_repeat3\sustained_rand_read_120s_qd32_repeat3_run2.json
110000.0,110.0,,,452.254,sustained_rand_read_120s_qd32_repeat3,rand_read,2,results\external_ssd\sustained_rand_read_120s_qd32_repeat3\sustained_rand_read_120s_qd32_repeat3_run2.json
110063.0,110.063,207.17578125,53037.0,,sustained_rand_read_120s_qd32_repeat3,rand_read,2,results\external_ssd\sustained_rand_read_120s_qd32_repeat3\sustained_rand_read_120s_qd32_repeat3_run2.json
111000.0,111.0,,,433.952,sustained_rand_read_120s_qd32_repeat3,rand_read,2,results\external_ssd\sustained_rand_read_120s_qd32_repeat3\sustained_rand_read_120s_qd32_repeat3_run2.json
111063.0,111.063,230.78515625,59081.0,,sustained_rand_read_120s_qd32_repeat3,rand_read,2,results\external_ssd\sustained_rand_read_120s_qd32_repeat3\sustained_rand_read_120s_qd32_repeat3_run2.json
112000.0,112.0,,,432.732,sustained_rand_read_120s_qd32_repeat3,rand_read,2,results\external_ssd\sustained_rand_read_120s_qd32_repeat3\sustained_rand_read_120s_qd32_repeat3_run2.json
112064.0,112.064,233.6484375,59814.0,,sustained_rand_read_120s_qd32_repeat3,rand_read,2,results\external_ssd\sustained_rand_read_120s_qd32_repeat3\sustained_rand_read_120s_qd32_repeat3_run2.json
113000.0,113.0,,,424.455,sustained_rand_read_120s_qd32_repeat3,rand_read,2,results\external_ssd\sustained_rand_read_120s_qd32_repeat3\sustained_rand_read_120s_qd32_repeat3_run2.json
113064.0,113.064,249.453125,63860.0,,sustained_rand_read_120s_qd32_repeat3,rand_read,2,results\external_ssd\sustained_rand_read_120s_qd32_repeat3\sustained_rand_read_120s_qd32_repeat3_run2.json
114000.0,114.0,,,423.311,sustained_rand_read_120s_qd32_repeat3,rand_read,2,results\external_ssd\sustained_rand_read_120s_qd32_repeat3\sustained_rand_read_120s_qd32_repeat3_run2.json
114064.0,114.064,252.02734375,64519.0,,sustained_rand_read_120s_qd32_repeat3,rand_read,2,results\external_ssd\sustained_rand_read_120s_qd32_repeat3\sustained_rand_read_120s_qd32_repeat3_run2.json
115000.0,115.0,,,455.013,sustained_rand_read_120s_qd32_repeat3,rand_read,2,results\external_ssd\sustained_rand_read_120s_qd32_repeat3\sustained_rand_read_120s_qd32_repeat3_run2.json
115066.0,115.066,203.9873046875,52220.0,,sustained_rand_read_120s_qd32_repeat3,rand_read,2,results\external_ssd\sustained_rand_read_120s_qd32_repeat3\sustained_rand_read_120s_qd32_repeat3_run2.json
116000.0,116.0,,,441.839,sustained_rand_read_120s_qd32_repeat3,rand_read,2,results\external_ssd\sustained_rand_read_120s_qd32_repeat3\sustained_rand_read_120s_qd32_repeat3_run2.json
116066.0,116.066,210.38671875,53859.0,,sustained_rand_read_120s_qd32_repeat3,rand_read,2,results\external_ssd\sustained_rand_read_120s_qd32_repeat3\sustained_rand_read_120s_qd32_repeat3_run2.json
117000.0,117.0,,,544.453,sustained_rand_read_120s_qd32_repeat3,rand_read,2,results\external_ssd\sustained_rand_read_120s_qd32_repeat3\sustained_rand_read_120s_qd32_repeat3_run2.json
117068.0,117.068,145.943359375,37361.0,,sustained_rand_read_120s_qd32_repeat3,rand_read,2,results\external_ssd\sustained_rand_read_120s_qd32_repeat3\sustained_rand_read_120s_qd32_repeat3_run2.json
118000.0,118.0,,,530.146,sustained_rand_read_120s_qd32_repeat3,rand_read,2,results\external_ssd\sustained_rand_read_120s_qd32_repeat3\sustained_rand_read_120s_qd32_repeat3_run2.json
118069.0,118.069,175.41015625,44905.0,,sustained_rand_read_120s_qd32_repeat3,rand_read,2,results\external_ssd\sustained_rand_read_120s_qd32_repeat3\sustained_rand_read_120s_qd32_repeat3_run2.json
119000.0,119.0,,,423.424,sustained_rand_read_120s_qd32_repeat3,rand_read,2,results\external_ssd\sustained_rand_read_120s_qd32_repeat3\sustained_rand_read_120s_qd32_repeat3_run2.json
119069.0,119.069,253.421875,64876.0,,sustained_rand_read_120s_qd32_repeat3,rand_read,2,results\external_ssd\sustained_rand_read_120s_qd32_repeat3\sustained_rand_read_120s_qd32_repeat3_run2.json
120000.0,120.0,,,429.803,sustained_rand_read_120s_qd32_repeat3,rand_read,2,results\external_ssd\sustained_rand_read_120s_qd32_repeat3\sustained_rand_read_120s_qd32_repeat3_run2.json
120000.0,120.0,,,749.86,sustained_rand_read_120s_qd32_repeat3,rand_read,2,results\external_ssd\sustained_rand_read_120s_qd32_repeat3\sustained_rand_read_120s_qd32_repeat3_run2.json
120070.0,120.07,225.92578125,57837.0,,sustained_rand_read_120s_qd32_repeat3,rand_read,2,results\external_ssd\sustained_rand_read_120s_qd32_repeat3\sustained_rand_read_120s_qd32_repeat3_run2.json
1000.0,1.0,,,435.279,sustained_rand_read_120s_qd32_repeat3,rand_read,3,results\external_ssd\sustained_rand_read_120s_qd32_repeat3\sustained_rand_read_120s_qd32_repeat3_run3.json
1002.0,1.002,234.970703125,60152.0,,sustained_rand_read_120s_qd32_repeat3,rand_read,3,results\external_ssd\sustained_rand_read_120s_qd32_repeat3\sustained_rand_read_120s_qd32_repeat3_run3.json
2000.0,2.0,,,421.188,sustained_rand_read_120s_qd32_repeat3,rand_read,3,results\external_ssd\sustained_rand_read_120s_qd32_repeat3\sustained_rand_read_120s_qd32_repeat3_run3.json
2002.0,2.002,251.1484375,64294.0,,sustained_rand_read_120s_qd32_repeat3,rand_read,3,results\external_ssd\sustained_rand_read_120s_qd32_repeat3\sustained_rand_read_120s_qd32_repeat3_run3.json
3000.0,3.0,,,437.321,sustained_rand_read_120s_qd32_repeat3,rand_read,3,results\external_ssd\sustained_rand_read_120s_qd32_repeat3\sustained_rand_read_120s_qd32_repeat3_run3.json
3007.0,3.007,232.9384765625,59632.0,,sustained_rand_read_120s_qd32_repeat3,rand_read,3,results\external_ssd\sustained_rand_read_120s_qd32_repeat3\sustained_rand_read_120s_qd32_repeat3_run3.json
4000.0,4.0,,,425.905,sustained_rand_read_120s_qd32_repeat3,rand_read,3,results\external_ssd\sustained_rand_read_120s_qd32_repeat3\sustained_rand_read_120s_qd32_repeat3_run3.json
4007.0,4.007,245.9453125,62962.0,,sustained_rand_read_120s_qd32_repeat3,rand_read,3,results\external_ssd\sustained_rand_read_120s_qd32_repeat3\sustained_rand_read_120s_qd32_repeat3_run3.json
5000.0,5.0,,,419.309,sustained_rand_read_120s_qd32_repeat3,rand_read,3,results\external_ssd\sustained_rand_read_120s_qd32_repeat3\sustained_rand_read_120s_qd32_repeat3_run3.json
5007.0,5.007,259.11328125,66333.0,,sustained_rand_read_120s_qd32_repeat3,rand_read,3,results\external_ssd\sustained_rand_read_120s_qd32_repeat3\sustained_rand_read_120s_qd32_repeat3_run3.json
6000.0,6.0,,,418.167,sustained_rand_read_120s_qd32_repeat3,rand_read,3,results\external_ssd\sustained_rand_read_120s_qd32_repeat3\sustained_rand_read_120s_qd32_repeat3_run3.json
6006.0,6.006,261.1943359375,66865.0,,sustained_rand_read_120s_qd32_repeat3,rand_read,3,results\external_ssd\sustained_rand_read_120s_qd32_repeat3\sustained_rand_read_120s_qd32_repeat3_run3.json
7000.0,7.0,,,418.649,sustained_rand_read_120s_qd32_repeat3,rand_read,3,results\external_ssd\sustained_rand_read_120s_qd32_repeat3\sustained_rand_read_120s_qd32_repeat3_run3.json
7005.0,7.005,260.5751953125,66707.0,,sustained_rand_read_120s_qd32_repeat3,rand_read,3,results\external_ssd\sustained_rand_read_120s_qd32_repeat3\sustained_rand_read_120s_qd32_repeat3_run3.json
8000.0,8.0,,,420.404,sustained_rand_read_120s_qd32_repeat3,rand_read,3,results\external_ssd\sustained_rand_read_120s_qd32_repeat3\sustained_rand_read_120s_qd32_repeat3_run3.json
8006.0,8.006,256.9140625,65770.0,,sustained_rand_read_120s_qd32_repeat3,rand_read,3,results\external_ssd\sustained_rand_read_120s_qd32_repeat3\sustained_rand_read_120s_qd32_repeat3_run3.json
9000.0,9.0,,,420.667,sustained_rand_read_120s_qd32_repeat3,rand_read,3,results\external_ssd\sustained_rand_read_120s_qd32_repeat3\sustained_rand_read_120s_qd32_repeat3_run3.json
9006.0,9.006,257.55078125,65933.0,,sustained_rand_read_120s_qd32_repeat3,rand_read,3,results\external_ssd\sustained_rand_read_120s_qd32_repeat3\sustained_rand_read_120s_qd32_repeat3_run3.json
10000.0,10.0,,,425.081,sustained_rand_read_120s_qd32_repeat3,rand_read,3,results\external_ssd\sustained_rand_read_120s_qd32_repeat3\sustained_rand_read_120s_qd32_repeat3_run3.json
10006.0,10.006,249.5625,63888.0,,sustained_rand_read_120s_qd32_repeat3,rand_read,3,results\external_ssd\sustained_rand_read_120s_qd32_repeat3\sustained_rand_read_120s_qd32_repeat3_run3.json
11000.0,11.0,,,426.869,sustained_rand_read_120s_qd32_repeat3,rand_read,3,results\external_ssd\sustained_rand_read_120s_qd32_repeat3\sustained_rand_read_120s_qd32_repeat3_run3.json
11008.0,11.008,247.662109375,63401.0,,sustained_rand_read_120s_qd32_repeat3,rand_read,3,results\external_ssd\sustained_rand_read_120s_qd32_repeat3\sustained_rand_read_120s_qd32_repeat3_run3.json
12000.0,12.0,,,426.815,sustained_rand_read_120s_qd32_repeat3,rand_read,3,results\external_ssd\sustained_rand_read_120s_qd32_repeat3\sustained_rand_read_120s_qd32_repeat3_run3.json
12006.0,12.006,257.3818359375,65889.0,,sustained_rand_read_120s_qd32_repeat3,rand_read,3,results\external_ssd\sustained_rand_read_120s_qd32_repeat3\sustained_rand_read_120s_qd32_repeat3_run3.json
13000.0,13.0,,,422.517,sustained_rand_read_120s_qd32_repeat3,rand_read,3,results\external_ssd\sustained_rand_read_120s_qd32_repeat3\sustained_rand_read_120s_qd32_repeat3_run3.json
13007.0,13.007,253.9677734375,65015.0,,sustained_rand_read_120s_qd32_repeat3,rand_read,3,results\external_ssd\sustained_rand_read_120s_qd32_repeat3\sustained_rand_read_120s_qd32_repeat3_run3.json
14000.0,14.0,,,420.849,sustained_rand_read_120s_qd32_repeat3,rand_read,3,results\external_ssd\sustained_rand_read_120s_qd32_repeat3\sustained_rand_read_120s_qd32_repeat3_run3.json
14007.0,14.007,256.859375,65756.0,,sustained_rand_read_120s_qd32_repeat3,rand_read,3,results\external_ssd\sustained_rand_read_120s_qd32_repeat3\sustained_rand_read_120s_qd32_repeat3_run3.json
15000.0,15.0,,,425.786,sustained_rand_read_120s_qd32_repeat3,rand_read,3,results\external_ssd\sustained_rand_read_120s_qd32_repeat3\sustained_rand_read_120s_qd32_repeat3_run3.json
15007.0,15.007,253.28515625,64841.0,,sustained_rand_read_120s_qd32_repeat3,rand_read,3,results\external_ssd\sustained_rand_read_120s_qd32_repeat3\sustained_rand_read_120s_qd32_repeat3_run3.json
16000.0,16.0,,,419.628,sustained_rand_read_120s_qd32_repeat3,rand_read,3,results\external_ssd\sustained_rand_read_120s_qd32_repeat3\sustained_rand_read_120s_qd32_repeat3_run3.json
16006.0,16.006,262.923828125,67308.0,,sustained_rand_read_120s_qd32_repeat3,rand_read,3,results\external_ssd\sustained_rand_read_120s_qd32_repeat3\sustained_rand_read_120s_qd32_repeat3_run3.json
17000.0,17.0,,,420.856,sustained_rand_read_120s_qd32_repeat3,rand_read,3,results\external_ssd\sustained_rand_read_120s_qd32_repeat3\sustained_rand_read_120s_qd32_repeat3_run3.json
17007.0,17.007,261.3125,66896.0,,sustained_rand_read_120s_qd32_repeat3,rand_read,3,results\external_ssd\sustained_rand_read_120s_qd32_repeat3\sustained_rand_read_120s_qd32_repeat3_run3.json
18000.0,18.0,,,425.563,sustained_rand_read_120s_qd32_repeat3,rand_read,3,results\external_ssd\sustained_rand_read_120s_qd32_repeat3\sustained_rand_read_120s_qd32_repeat3_run3.json
18006.0,18.006,249.150390625,63782.0,,sustained_rand_read_120s_qd32_repeat3,rand_read,3,results\external_ssd\sustained_rand_read_120s_qd32_repeat3\sustained_rand_read_120s_qd32_repeat3_run3.json
19000.0,19.0,,,427.324,sustained_rand_read_120s_qd32_repeat3,rand_read,3,results\external_ssd\sustained_rand_read_120s_qd32_repeat3\sustained_rand_read_120s_qd32_repeat3_run3.json
19007.0,19.007,247.751953125,63424.0,,sustained_rand_read_120s_qd32_repeat3,rand_read,3,results\external_ssd\sustained_rand_read_120s_qd32_repeat3\sustained_rand_read_120s_qd32_repeat3_run3.json
20000.0,20.0,,,431.017,sustained_rand_read_120s_qd32_repeat3,rand_read,3,results\external_ssd\sustained_rand_read_120s_qd32_repeat3\sustained_rand_read_120s_qd32_repeat3_run3.json
20006.0,20.006,236.662109375,60585.0,,sustained_rand_read_120s_qd32_repeat3,rand_read,3,results\external_ssd\sustained_rand_read_120s_qd32_repeat3\sustained_rand_read_120s_qd32_repeat3_run3.json
21000.0,21.0,,,427.123,sustained_rand_read_120s_qd32_repeat3,rand_read,3,results\external_ssd\sustained_rand_read_120s_qd32_repeat3\sustained_rand_read_120s_qd32_repeat3_run3.json
21007.0,21.007,245.59375,62872.0,,sustained_rand_read_120s_qd32_repeat3,rand_read,3,results\external_ssd\sustained_rand_read_120s_qd32_repeat3\sustained_rand_read_120s_qd32_repeat3_run3.json
22000.0,22.0,,,421.939,sustained_rand_read_120s_qd32_repeat3,rand_read,3,results\external_ssd\sustained_rand_read_120s_qd32_repeat3\sustained_rand_read_120s_qd32_repeat3_run3.json
22006.0,22.006,260.279296875,66631.0,,sustained_rand_read_120s_qd32_repeat3,rand_read,3,results\external_ssd\sustained_rand_read_120s_qd32_repeat3\sustained_rand_read_120s_qd32_repeat3_run3.json
23000.0,23.0,,,421.895,sustained_rand_read_120s_qd32_repeat3,rand_read,3,results\external_ssd\sustained_rand_read_120s_qd32_repeat3\sustained_rand_read_120s_qd32_repeat3_run3.json
23007.0,23.007,255.857421875,65499.0,,sustained_rand_read_120s_qd32_repeat3,rand_read,3,results\external_ssd\sustained_rand_read_120s_qd32_repeat3\sustained_rand_read_120s_qd32_repeat3_run3.json
24000.0,24.0,,,422.285,sustained_rand_read_120s_qd32_repeat3,rand_read,3,results\external_ssd\sustained_rand_read_120s_qd32_repeat3\sustained_rand_read_120s_qd32_repeat3_run3.json
24007.0,24.007,254.10546875,65051.0,,sustained_rand_read_120s_qd32_repeat3,rand_read,3,results\external_ssd\sustained_rand_read_120s_qd32_repeat3\sustained_rand_read_120s_qd32_repeat3_run3.json
25000.0,25.0,,,415.513,sustained_rand_read_120s_qd32_repeat3,rand_read,3,results\external_ssd\sustained_rand_read_120s_qd32_repeat3\sustained_rand_read_120s_qd32_repeat3_run3.json
25007.0,25.007,266.25,68160.0,,sustained_rand_read_120s_qd32_repeat3,rand_read,3,results\external_ssd\sustained_rand_read_120s_qd32_repeat3\sustained_rand_read_120s_qd32_repeat3_run3.json
26000.0,26.0,,,416.27,sustained_rand_read_120s_qd32_repeat3,rand_read,3,results\external_ssd\sustained_rand_read_120s_qd32_repeat3\sustained_rand_read_120s_qd32_repeat3_run3.json
26006.0,26.006,263.787109375,67529.0,,sustained_rand_read_120s_qd32_repeat3,rand_read,3,results\external_ssd\sustained_rand_read_120s_qd32_repeat3\sustained_rand_read_120s_qd32_repeat3_run3.json
27000.0,27.0,,,418.265,sustained_rand_read_120s_qd32_repeat3,rand_read,3,results\external_ssd\sustained_rand_read_120s_qd32_repeat3\sustained_rand_read_120s_qd32_repeat3_run3.json
27006.0,27.006,260.5625,66704.0,,sustained_rand_read_120s_qd32_repeat3,rand_read,3,results\external_ssd\sustained_rand_read_120s_qd32_repeat3\sustained_rand_read_120s_qd32_repeat3_run3.json
28000.0,28.0,,,420.17,sustained_rand_read_120s_qd32_repeat3,rand_read,3,results\external_ssd\sustained_rand_read_120s_qd32_repeat3\sustained_rand_read_120s_qd32_repeat3_run3.json
28006.0,28.006,262.90234375,67303.0,,sustained_rand_read_120s_qd32_repeat3,rand_read,3,results\external_ssd\sustained_rand_read_120s_qd32_repeat3\sustained_rand_read_120s_qd32_repeat3_run3.json
29000.0,29.0,,,417.389,sustained_rand_read_120s_qd32_repeat3,rand_read,3,results\external_ssd\sustained_rand_read_120s_qd32_repeat3\sustained_rand_read_120s_qd32_repeat3_run3.json
29006.0,29.006,265.90234375,68071.0,,sustained_rand_read_120s_qd32_repeat3,rand_read,3,results\external_ssd\sustained_rand_read_120s_qd32_repeat3\sustained_rand_read_120s_qd32_repeat3_run3.json
30000.0,30.0,,,419.394,sustained_rand_read_120s_qd32_repeat3,rand_read,3,results\external_ssd\sustained_rand_read_120s_qd32_repeat3\sustained_rand_read_120s_qd32_repeat3_run3.json
30006.0,30.006,262.92578125,67309.0,,sustained_rand_read_120s_qd32_repeat3,rand_read,3,results\external_ssd\sustained_rand_read_120s_qd32_repeat3\sustained_rand_read_120s_qd32_repeat3_run3.json
31000.0,31.0,,,416.135,sustained_rand_read_120s_qd32_repeat3,rand_read,3,results\external_ssd\sustained_rand_read_120s_qd32_repeat3\sustained_rand_read_120s_qd32_repeat3_run3.json
31007.0,31.007,265.9716796875,68088.0,,sustained_rand_read_120s_qd32_repeat3,rand_read,3,results\external_ssd\sustained_rand_read_120s_qd32_repeat3\sustained_rand_read_120s_qd32_repeat3_run3.json
32000.0,32.0,,,420.601,sustained_rand_read_120s_qd32_repeat3,rand_read,3,results\external_ssd\sustained_rand_read_120s_qd32_repeat3\sustained_rand_read_120s_qd32_repeat3_run3.json
32006.0,32.006,256.9521484375,65779.0,,sustained_rand_read_120s_qd32_repeat3,rand_read,3,results\external_ssd\sustained_rand_read_120s_qd32_repeat3\sustained_rand_read_120s_qd32_repeat3_run3.json
33000.0,33.0,,,417.521,sustained_rand_read_120s_qd32_repeat3,rand_read,3,results\external_ssd\sustained_rand_read_120s_qd32_repeat3\sustained_rand_read_120s_qd32_repeat3_run3.json
33006.0,33.006,267.716796875,68535.0,,sustained_rand_read_120s_qd32_repeat3,rand_read,3,results\external_ssd\sustained_rand_read_120s_qd32_repeat3\sustained_rand_read_120s_qd32_repeat3_run3.json
34000.0,34.0,,,416.782,sustained_rand_read_120s_qd32_repeat3,rand_read,3,results\external_ssd\sustained_rand_read_120s_qd32_repeat3\sustained_rand_read_120s_qd32_repeat3_run3.json
34006.0,34.006,265.671875,68012.0,,sustained_rand_read_120s_qd32_repeat3,rand_read,3,results\external_ssd\sustained_rand_read_120s_qd32_repeat3\sustained_rand_read_120s_qd32_repeat3_run3.json
35000.0,35.0,,,419.198,sustained_rand_read_120s_qd32_repeat3,rand_read,3,results\external_ssd\sustained_rand_read_120s_qd32_repeat3\sustained_rand_read_120s_qd32_repeat3_run3.json
35006.0,35.006,266.4140625,68202.0,,sustained_rand_read_120s_qd32_repeat3,rand_read,3,results\external_ssd\sustained_rand_read_120s_qd32_repeat3\sustained_rand_read_120s_qd32_repeat3_run3.json
36000.0,36.0,,,421.083,sustained_rand_read_120s_qd32_repeat3,rand_read,3,results\external_ssd\sustained_rand_read_120s_qd32_repeat3\sustained_rand_read_120s_qd32_repeat3_run3.json
36006.0,36.006,263.1484375,67366.0,,sustained_rand_read_120s_qd32_repeat3,rand_read,3,results\external_ssd\sustained_rand_read_120s_qd32_repeat3\sustained_rand_read_120s_qd32_repeat3_run3.json
37000.0,37.0,,,418.592,sustained_rand_read_120s_qd32_repeat3,rand_read,3,results\external_ssd\sustained_rand_read_120s_qd32_repeat3\sustained_rand_read_120s_qd32_repeat3_run3.json
37007.0,37.007,264.66796875,67755.0,,sustained_rand_read_120s_qd32_repeat3,rand_read,3,results\external_ssd\sustained_rand_read_120s_qd32_repeat3\sustained_rand_read_120s_qd32_repeat3_run3.json
38000.0,38.0,,,422.778,sustained_rand_read_120s_qd32_repeat3,rand_read,3,results\external_ssd\sustained_rand_read_120s_qd32_repeat3\sustained_rand_read_120s_qd32_repeat3_run3.json
38006.0,38.006,257.4130859375,65897.0,,sustained_rand_read_120s_qd32_repeat3,rand_read,3,results\external_ssd\sustained_rand_read_120s_qd32_repeat3\sustained_rand_read_120s_qd32_repeat3_run3.json
39000.0,39.0,,,420.53,sustained_rand_read_120s_qd32_repeat3,rand_read,3,results\external_ssd\sustained_rand_read_120s_qd32_repeat3\sustained_rand_read_120s_qd32_repeat3_run3.json
39006.0,39.006,263.6142578125,67485.0,,sustained_rand_read_120s_qd32_repeat3,rand_read,3,results\external_ssd\sustained_rand_read_120s_qd32_repeat3\sustained_rand_read_120s_qd32_repeat3_run3.json
40000.0,40.0,,,420.136,sustained_rand_read_120s_qd32_repeat3,rand_read,3,results\external_ssd\sustained_rand_read_120s_qd32_repeat3\sustained_rand_read_120s_qd32_repeat3_run3.json
40008.0,40.008,262.326171875,67155.0,,sustained_rand_read_120s_qd32_repeat3,rand_read,3,results\external_ssd\sustained_rand_read_120s_qd32_repeat3\sustained_rand_read_120s_qd32_repeat3_run3.json
41000.0,41.0,,,419.514,sustained_rand_read_120s_qd32_repeat3,rand_read,3,results\external_ssd\sustained_rand_read_120s_qd32_repeat3\sustained_rand_read_120s_qd32_repeat3_run3.json
41009.0,41.009,266.10546875,68123.0,,sustained_rand_read_120s_qd32_repeat3,rand_read,3,results\external_ssd\sustained_rand_read_120s_qd32_repeat3\sustained_rand_read_120s_qd32_repeat3_run3.json
42000.0,42.0,,,420.115,sustained_rand_read_120s_qd32_repeat3,rand_read,3,results\external_ssd\sustained_rand_read_120s_qd32_repeat3\sustained_rand_read_120s_qd32_repeat3_run3.json
42009.0,42.009,265.38671875,67939.0,,sustained_rand_read_120s_qd32_repeat3,rand_read,3,results\external_ssd\sustained_rand_read_120s_qd32_repeat3\sustained_rand_read_120s_qd32_repeat3_run3.json
43000.0,43.0,,,422.447,sustained_rand_read_120s_qd32_repeat3,rand_read,3,results\external_ssd\sustained_rand_read_120s_qd32_repeat3\sustained_rand_read_120s_qd32_repeat3_run3.json
43010.0,43.01,249.77734375,63943.0,,sustained_rand_read_120s_qd32_repeat3,rand_read,3,results\external_ssd\sustained_rand_read_120s_qd32_repeat3\sustained_rand_read_120s_qd32_repeat3_run3.json
44000.0,44.0,,,421.015,sustained_rand_read_120s_qd32_repeat3,rand_read,3,results\external_ssd\sustained_rand_read_120s_qd32_repeat3\sustained_rand_read_120s_qd32_repeat3_run3.json
44010.0,44.01,254.96484375,65271.0,,sustained_rand_read_120s_qd32_repeat3,rand_read,3,results\external_ssd\sustained_rand_read_120s_qd32_repeat3\sustained_rand_read_120s_qd32_repeat3_run3.json
45000.0,45.0,,,419.589,sustained_rand_read_120s_qd32_repeat3,rand_read,3,results\external_ssd\sustained_rand_read_120s_qd32_repeat3\sustained_rand_read_120s_qd32_repeat3_run3.json
45011.0,45.011,259.21484375,66359.0,,sustained_rand_read_120s_qd32_repeat3,rand_read,3,results\external_ssd\sustained_rand_read_120s_qd32_repeat3\sustained_rand_read_120s_qd32_repeat3_run3.json
46000.0,46.0,,,421.913,sustained_rand_read_120s_qd32_repeat3,rand_read,3,results\external_ssd\sustained_rand_read_120s_qd32_repeat3\sustained_rand_read_120s_qd32_repeat3_run3.json
46011.0,46.011,261.20703125,66869.0,,sustained_rand_read_120s_qd32_repeat3,rand_read,3,results\external_ssd\sustained_rand_read_120s_qd32_repeat3\sustained_rand_read_120s_qd32_repeat3_run3.json
47000.0,47.0,,,422.697,sustained_rand_read_120s_qd32_repeat3,rand_read,3,results\external_ssd\sustained_rand_read_120s_qd32_repeat3\sustained_rand_read_120s_qd32_repeat3_run3.json
47012.0,47.012,255.072265625,65298.0,,sustained_rand_read_120s_qd32_repeat3,rand_read,3,results\external_ssd\sustained_rand_read_120s_qd32_repeat3\sustained_rand_read_120s_qd32_repeat3_run3.json
48000.0,48.0,,,424.067,sustained_rand_read_120s_qd32_repeat3,rand_read,3,results\external_ssd\sustained_rand_read_120s_qd32_repeat3\sustained_rand_read_120s_qd32_repeat3_run3.json
48013.0,48.013,252.82421875,64723.0,,sustained_rand_read_120s_qd32_repeat3,rand_read,3,results\external_ssd\sustained_rand_read_120s_qd32_repeat3\sustained_rand_read_120s_qd32_repeat3_run3.json
49000.0,49.0,,,438.598,sustained_rand_read_120s_qd32_repeat3,rand_read,3,results\external_ssd\sustained_rand_read_120s_qd32_repeat3\sustained_rand_read_120s_qd32_repeat3_run3.json
49014.0,49.014,228.5908203125,58519.0,,sustained_rand_read_120s_qd32_repeat3,rand_read,3,results\external_ssd\sustained_rand_read_120s_qd32_repeat3\sustained_rand_read_120s_qd32_repeat3_run3.json
50000.0,50.0,,,426.55,sustained_rand_read_120s_qd32_repeat3,rand_read,3,results\external_ssd\sustained_rand_read_120s_qd32_repeat3\sustained_rand_read_120s_qd32_repeat3_run3.json
50014.0,50.014,243.6015625,62362.0,,sustained_rand_read_120s_qd32_repeat3,rand_read,3,results\external_ssd\sustained_rand_read_120s_qd32_repeat3\sustained_rand_read_120s_qd32_repeat3_run3.json
51000.0,51.0,,,429.021,sustained_rand_read_120s_qd32_repeat3,rand_read,3,results\external_ssd\sustained_rand_read_120s_qd32_repeat3\sustained_rand_read_120s_qd32_repeat3_run3.json
51014.0,51.014,232.96484375,59639.0,,sustained_rand_read_120s_qd32_repeat3,rand_read,3,results\external_ssd\sustained_rand_read_120s_qd32_repeat3\sustained_rand_read_120s_qd32_repeat3_run3.json
52000.0,52.0,,,421.9,sustained_rand_read_120s_qd32_repeat3,rand_read,3,results\external_ssd\sustained_rand_read_120s_qd32_repeat3\sustained_rand_read_120s_qd32_repeat3_run3.json
52016.0,52.016,243.447265625,62322.0,,sustained_rand_read_120s_qd32_repeat3,rand_read,3,results\external_ssd\sustained_rand_read_120s_qd32_repeat3\sustained_rand_read_120s_qd32_repeat3_run3.json
53000.0,53.0,,,423.503,sustained_rand_read_120s_qd32_repeat3,rand_read,3,results\external_ssd\sustained_rand_read_120s_qd32_repeat3\sustained_rand_read_120s_qd32_repeat3_run3.json
53016.0,53.016,240.76171875,61635.0,,sustained_rand_read_120s_qd32_repeat3,rand_read,3,results\external_ssd\sustained_rand_read_120s_qd32_repeat3\sustained_rand_read_120s_qd32_repeat3_run3.json
54000.0,54.0,,,418.926,sustained_rand_read_120s_qd32_repeat3,rand_read,3,results\external_ssd\sustained_rand_read_120s_qd32_repeat3\sustained_rand_read_120s_qd32_repeat3_run3.json
54016.0,54.016,255.7734375,65478.0,,sustained_rand_read_120s_qd32_repeat3,rand_read,3,results\external_ssd\sustained_rand_read_120s_qd32_repeat3\sustained_rand_read_120s_qd32_repeat3_run3.json
55000.0,55.0,,,416.754,sustained_rand_read_120s_qd32_repeat3,rand_read,3,results\external_ssd\sustained_rand_read_120s_qd32_repeat3\sustained_rand_read_120s_qd32_repeat3_run3.json
55017.0,55.017,266.41015625,68201.0,,sustained_rand_read_120s_qd32_repeat3,rand_read,3,results\external_ssd\sustained_rand_read_120s_qd32_repeat3\sustained_rand_read_120s_qd32_repeat3_run3.json
56000.0,56.0,,,419.943,sustained_rand_read_120s_qd32_repeat3,rand_read,3,results\external_ssd\sustained_rand_read_120s_qd32_repeat3\sustained_rand_read_120s_qd32_repeat3_run3.json
56017.0,56.017,262.54296875,67211.0,,sustained_rand_read_120s_qd32_repeat3,rand_read,3,results\external_ssd\sustained_rand_read_120s_qd32_repeat3\sustained_rand_read_120s_qd32_repeat3_run3.json
57000.0,57.0,,,417.684,sustained_rand_read_120s_qd32_repeat3,rand_read,3,results\external_ssd\sustained_rand_read_120s_qd32_repeat3\sustained_rand_read_120s_qd32_repeat3_run3.json
57018.0,57.018,267.302734375,68429.0,,sustained_rand_read_120s_qd32_repeat3,rand_read,3,results\external_ssd\sustained_rand_read_120s_qd32_repeat3\sustained_rand_read_120s_qd32_repeat3_run3.json
58000.0,58.0,,,418.484,sustained_rand_read_120s_qd32_repeat3,rand_read,3,results\external_ssd\sustained_rand_read_120s_qd32_repeat3\sustained_rand_read_120s_qd32_repeat3_run3.json
58019.0,58.019,263.71875,67512.0,,sustained_rand_read_120s_qd32_repeat3,rand_read,3,results\external_ssd\sustained_rand_read_120s_qd32_repeat3\sustained_rand_read_120s_qd32_repeat3_run3.json
59000.0,59.0,,,421.952,sustained_rand_read_120s_qd32_repeat3,rand_read,3,results\external_ssd\sustained_rand_read_120s_qd32_repeat3\sustained_rand_read_120s_qd32_repeat3_run3.json
59020.0,59.02,258.966796875,66295.0,,sustained_rand_read_120s_qd32_repeat3,rand_read,3,results\external_ssd\sustained_rand_read_120s_qd32_repeat3\sustained_rand_read_120s_qd32_repeat3_run3.json
60000.0,60.0,,,427.522,sustained_rand_read_120s_qd32_repeat3,rand_read,3,results\external_ssd\sustained_rand_read_120s_qd32_repeat3\sustained_rand_read_120s_qd32_repeat3_run3.json
60020.0,60.02,245.953125,62964.0,,sustained_rand_read_120s_qd32_repeat3,rand_read,3,results\external_ssd\sustained_rand_read_120s_qd32_repeat3\sustained_rand_read_120s_qd32_repeat3_run3.json
61000.0,61.0,,,422.851,sustained_rand_read_120s_qd32_repeat3,rand_read,3,results\external_ssd\sustained_rand_read_120s_qd32_repeat3\sustained_rand_read_120s_qd32_repeat3_run3.json
61021.0,61.021,249.96484375,63991.0,,sustained_rand_read_120s_qd32_repeat3,rand_read,3,results\external_ssd\sustained_rand_read_120s_qd32_repeat3\sustained_rand_read_120s_qd32_repeat3_run3.json
62000.0,62.0,,,417.968,sustained_rand_read_120s_qd32_repeat3,rand_read,3,results\external_ssd\sustained_rand_read_120s_qd32_repeat3\sustained_rand_read_120s_qd32_repeat3_run3.json
62021.0,62.021,262.8359375,67286.0,,sustained_rand_read_120s_qd32_repeat3,rand_read,3,results\external_ssd\sustained_rand_read_120s_qd32_repeat3\sustained_rand_read_120s_qd32_repeat3_run3.json
63000.0,63.0,,,418.14,sustained_rand_read_120s_qd32_repeat3,rand_read,3,results\external_ssd\sustained_rand_read_120s_qd32_repeat3\sustained_rand_read_120s_qd32_repeat3_run3.json
63021.0,63.021,266.5390625,68234.0,,sustained_rand_read_120s_qd32_repeat3,rand_read,3,results\external_ssd\sustained_rand_read_120s_qd32_repeat3\sustained_rand_read_120s_qd32_repeat3_run3.json
64000.0,64.0,,,419.306,sustained_rand_read_120s_qd32_repeat3,rand_read,3,results\external_ssd\sustained_rand_read_120s_qd32_repeat3\sustained_rand_read_120s_qd32_repeat3_run3.json
64022.0,64.022,261.0546875,66830.0,,sustained_rand_read_120s_qd32_repeat3,rand_read,3,results\external_ssd\sustained_rand_read_120s_qd32_repeat3\sustained_rand_read_120s_qd32_repeat3_run3.json
65000.0,65.0,,,419.487,sustained_rand_read_120s_qd32_repeat3,rand_read,3,results\external_ssd\sustained_rand_read_120s_qd32_repeat3\sustained_rand_read_120s_qd32_repeat3_run3.json
65022.0,65.022,261.75390625,67009.0,,sustained_rand_read_120s_qd32_repeat3,rand_read,3,results\external_ssd\sustained_rand_read_120s_qd32_repeat3\sustained_rand_read_120s_qd32_repeat3_run3.json
66000.0,66.0,,,424.822,sustained_rand_read_120s_qd32_repeat3,rand_read,3,results\external_ssd\sustained_rand_read_120s_qd32_repeat3\sustained_rand_read_120s_qd32_repeat3_run3.json
66022.0,66.022,247.90625,63464.0,,sustained_rand_read_120s_qd32_repeat3,rand_read,3,results\external_ssd\sustained_rand_read_120s_qd32_repeat3\sustained_rand_read_120s_qd32_repeat3_run3.json
67000.0,67.0,,,420.458,sustained_rand_read_120s_qd32_repeat3,rand_read,3,results\external_ssd\sustained_rand_read_120s_qd32_repeat3\sustained_rand_read_120s_qd32_repeat3_run3.json
67023.0,67.023,261.01171875,66819.0,,sustained_rand_read_120s_qd32_repeat3,rand_read,3,results\external_ssd\sustained_rand_read_120s_qd32_repeat3\sustained_rand_read_120s_qd32_repeat3_run3.json
68000.0,68.0,,,423.552,sustained_rand_read_120s_qd32_repeat3,rand_read,3,results\external_ssd\sustained_rand_read_120s_qd32_repeat3\sustained_rand_read_120s_qd32_repeat3_run3.json
68024.0,68.024,250.65625,64168.0,,sustained_rand_read_120s_qd32_repeat3,rand_read,3,results\external_ssd\sustained_rand_read_120s_qd32_repeat3\sustained_rand_read_120s_qd32_repeat3_run3.json
69000.0,69.0,,,422.207,sustained_rand_read_120s_qd32_repeat3,rand_read,3,results\external_ssd\sustained_rand_read_120s_qd32_repeat3\sustained_rand_read_120s_qd32_repeat3_run3.json
69024.0,69.024,253.96875,65016.0,,sustained_rand_read_120s_qd32_repeat3,rand_read,3,results\external_ssd\sustained_rand_read_120s_qd32_repeat3\sustained_rand_read_120s_qd32_repeat3_run3.json
70000.0,70.0,,,417.719,sustained_rand_read_120s_qd32_repeat3,rand_read,3,results\external_ssd\sustained_rand_read_120s_qd32_repeat3\sustained_rand_read_120s_qd32_repeat3_run3.json
70025.0,70.025,268.4765625,68730.0,,sustained_rand_read_120s_qd32_repeat3,rand_read,3,results\external_ssd\sustained_rand_read_120s_qd32_repeat3\sustained_rand_read_120s_qd32_repeat3_run3.json
71000.0,71.0,,,424.587,sustained_rand_read_120s_qd32_repeat3,rand_read,3,results\external_ssd\sustained_rand_read_120s_qd32_repeat3\sustained_rand_read_120s_qd32_repeat3_run3.json
71025.0,71.025,248.7578125,63682.0,,sustained_rand_read_120s_qd32_repeat3,rand_read,3,results\external_ssd\sustained_rand_read_120s_qd32_repeat3\sustained_rand_read_120s_qd32_repeat3_run3.json
72000.0,72.0,,,419.992,sustained_rand_read_120s_qd32_repeat3,rand_read,3,results\external_ssd\sustained_rand_read_120s_qd32_repeat3\sustained_rand_read_120s_qd32_repeat3_run3.json
72026.0,72.026,255.361328125,65372.0,,sustained_rand_read_120s_qd32_repeat3,rand_read,3,results\external_ssd\sustained_rand_read_120s_qd32_repeat3\sustained_rand_read_120s_qd32_repeat3_run3.json
73000.0,73.0,,,425.972,sustained_rand_read_120s_qd32_repeat3,rand_read,3,results\external_ssd\sustained_rand_read_120s_qd32_repeat3\sustained_rand_read_120s_qd32_repeat3_run3.json
73027.0,73.027,244.9970703125,62719.0,,sustained_rand_read_120s_qd32_repeat3,rand_read,3,results\external_ssd\sustained_rand_read_120s_qd32_repeat3\sustained_rand_read_120s_qd32_repeat3_run3.json
74000.0,74.0,,,415.639,sustained_rand_read_120s_qd32_repeat3,rand_read,3,results\external_ssd\sustained_rand_read_120s_qd32_repeat3\sustained_rand_read_120s_qd32_repeat3_run3.json
74028.0,74.028,266.1630859375,68137.0,,sustained_rand_read_120s_qd32_repeat3,rand_read,3,results\external_ssd\sustained_rand_read_120s_qd32_repeat3\sustained_rand_read_120s_qd32_repeat3_run3.json
75000.0,75.0,,,415.951,sustained_rand_read_120s_qd32_repeat3,rand_read,3,results\external_ssd\sustained_rand_read_120s_qd32_repeat3\sustained_rand_read_120s_qd32_repeat3_run3.json
75029.0,75.029,265.37109375,67935.0,,sustained_rand_read_120s_qd32_repeat3,rand_read,3,results\external_ssd\sustained_rand_read_120s_qd32_repeat3\sustained_rand_read_120s_qd32_repeat3_run3.json
76000.0,76.0,,,420.461,sustained_rand_read_120s_qd32_repeat3,rand_read,3,results\external_ssd\sustained_rand_read_120s_qd32_repeat3\sustained_rand_read_120s_qd32_repeat3_run3.json
76029.0,76.029,253.0390625,64778.0,,sustained_rand_read_120s_qd32_repeat3,rand_read,3,results\external_ssd\sustained_rand_read_120s_qd32_repeat3\sustained_rand_read_120s_qd32_repeat3_run3.json
77000.0,77.0,,,392.537,sustained_rand_read_120s_qd32_repeat3,rand_read,3,results\external_ssd\sustained_rand_read_120s_qd32_repeat3\sustained_rand_read_120s_qd32_repeat3_run3.json
77030.0,77.03,265.08984375,67863.0,,sustained_rand_read_120s_qd32_repeat3,rand_read,3,results\external_ssd\sustained_rand_read_120s_qd32_repeat3\sustained_rand_read_120s_qd32_repeat3_run3.json
78000.0,78.0,,,383.433,sustained_rand_read_120s_qd32_repeat3,rand_read,3,results\external_ssd\sustained_rand_read_120s_qd32_repeat3\sustained_rand_read_120s_qd32_repeat3_run3.json
78031.0,78.031,267.90234375,68583.0,,sustained_rand_read_120s_qd32_repeat3,rand_read,3,results\external_ssd\sustained_rand_read_120s_qd32_repeat3\sustained_rand_read_120s_qd32_repeat3_run3.json
79000.0,79.0,,,361.316,sustained_rand_read_120s_qd32_repeat3,rand_read,3,results\external_ssd\sustained_rand_read_120s_qd32_repeat3\sustained_rand_read_120s_qd32_repeat3_run3.json
79031.0,79.031,240.8671875,61662.0,,sustained_rand_read_120s_qd32_repeat3,rand_read,3,results\external_ssd\sustained_rand_read_120s_qd32_repeat3\sustained_rand_read_120s_qd32_repeat3_run3.json
80000.0,80.0,,,429.317,sustained_rand_read_120s_qd32_repeat3,rand_read,3,results\external_ssd\sustained_rand_read_120s_qd32_repeat3\sustained_rand_read_120s_qd32_repeat3_run3.json
80032.0,80.032,251.10546875,64283.0,,sustained_rand_read_120s_qd32_repeat3,rand_read,3,results\external_ssd\sustained_rand_read_120s_qd32_repeat3\sustained_rand_read_120s_qd32_repeat3_run3.json
81000.0,81.0,,,426.4,sustained_rand_read_120s_qd32_repeat3,rand_read,3,results\external_ssd\sustained_rand_read_120s_qd32_repeat3\sustained_rand_read_120s_qd32_repeat3_run3.json
81032.0,81.032,244.34765625,62553.0,,sustained_rand_read_120s_qd32_repeat3,rand_read,3,results\external_ssd\sustained_rand_read_120s_qd32_repeat3\sustained_rand_read_120s_qd32_repeat3_run3.json
82000.0,82.0,,,420.668,sustained_rand_read_120s_qd32_repeat3,rand_read,3,results\external_ssd\sustained_rand_read_120s_qd32_repeat3\sustained_rand_read_120s_qd32_repeat3_run3.json
82033.0,82.033,262.7421875,67262.0,,sustained_rand_read_120s_qd32_repeat3,rand_read,3,results\external_ssd\sustained_rand_read_120s_qd32_repeat3\sustained_rand_read_120s_qd32_repeat3_run3.json
83000.0,83.0,,,421.315,sustained_rand_read_120s_qd32_repeat3,rand_read,3,results\external_ssd\sustained_rand_read_120s_qd32_repeat3\sustained_rand_read_120s_qd32_repeat3_run3.json
83033.0,83.033,259.23046875,66364.0,,sustained_rand_read_120s_qd32_repeat3,rand_read,3,results\external_ssd\sustained_rand_read_120s_qd32_repeat3\sustained_rand_read_120s_qd32_repeat3_run3.json
84000.0,84.0,,,418.877,sustained_rand_read_120s_qd32_repeat3,rand_read,3,results\external_ssd\sustained_rand_read_120s_qd32_repeat3\sustained_rand_read_120s_qd32_repeat3_run3.json
84033.0,84.033,263.85546875,67547.0,,sustained_rand_read_120s_qd32_repeat3,rand_read,3,results\external_ssd\sustained_rand_read_120s_qd32_repeat3\sustained_rand_read_120s_qd32_repeat3_run3.json
85000.0,85.0,,,424.125,sustained_rand_read_120s_qd32_repeat3,rand_read,3,results\external_ssd\sustained_rand_read_120s_qd32_repeat3\sustained_rand_read_120s_qd32_repeat3_run3.json
85034.0,85.034,253.265625,64836.0,,sustained_rand_read_120s_qd32_repeat3,rand_read,3,results\external_ssd\sustained_rand_read_120s_qd32_repeat3\sustained_rand_read_120s_qd32_repeat3_run3.json
86000.0,86.0,,,422.589,sustained_rand_read_120s_qd32_repeat3,rand_read,3,results\external_ssd\sustained_rand_read_120s_qd32_repeat3\sustained_rand_read_120s_qd32_repeat3_run3.json
86035.0,86.035,254.5107421875,65154.0,,sustained_rand_read_120s_qd32_repeat3,rand_read,3,results\external_ssd\sustained_rand_read_120s_qd32_repeat3\sustained_rand_read_120s_qd32_repeat3_run3.json
87000.0,87.0,,,419.5,sustained_rand_read_120s_qd32_repeat3,rand_read,3,results\external_ssd\sustained_rand_read_120s_qd32_repeat3\sustained_rand_read_120s_qd32_repeat3_run3.json
87035.0,87.035,263.10546875,67355.0,,sustained_rand_read_120s_qd32_repeat3,rand_read,3,results\external_ssd\sustained_rand_read_120s_qd32_repeat3\sustained_rand_read_120s_qd32_repeat3_run3.json
88000.0,88.0,,,423.381,sustained_rand_read_120s_qd32_repeat3,rand_read,3,results\external_ssd\sustained_rand_read_120s_qd32_repeat3\sustained_rand_read_120s_qd32_repeat3_run3.json
88036.0,88.036,252.9375,64752.0,,sustained_rand_read_120s_qd32_repeat3,rand_read,3,results\external_ssd\sustained_rand_read_120s_qd32_repeat3\sustained_rand_read_120s_qd32_repeat3_run3.json
89000.0,89.0,,,436.34,sustained_rand_read_120s_qd32_repeat3,rand_read,3,results\external_ssd\sustained_rand_read_120s_qd32_repeat3\sustained_rand_read_120s_qd32_repeat3_run3.json
89037.0,89.037,246.31640625,63057.0,,sustained_rand_read_120s_qd32_repeat3,rand_read,3,results\external_ssd\sustained_rand_read_120s_qd32_repeat3\sustained_rand_read_120s_qd32_repeat3_run3.json
90000.0,90.0,,,418.198,sustained_rand_read_120s_qd32_repeat3,rand_read,3,results\external_ssd\sustained_rand_read_120s_qd32_repeat3\sustained_rand_read_120s_qd32_repeat3_run3.json
90037.0,90.037,257.0703125,65810.0,,sustained_rand_read_120s_qd32_repeat3,rand_read,3,results\external_ssd\sustained_rand_read_120s_qd32_repeat3\sustained_rand_read_120s_qd32_repeat3_run3.json
91000.0,91.0,,,416.837,sustained_rand_read_120s_qd32_repeat3,rand_read,3,results\external_ssd\sustained_rand_read_120s_qd32_repeat3\sustained_rand_read_120s_qd32_repeat3_run3.json
91038.0,91.038,267.08203125,68373.0,,sustained_rand_read_120s_qd32_repeat3,rand_read,3,results\external_ssd\sustained_rand_read_120s_qd32_repeat3\sustained_rand_read_120s_qd32_repeat3_run3.json
92000.0,92.0,,,420.269,sustained_rand_read_120s_qd32_repeat3,rand_read,3,results\external_ssd\sustained_rand_read_120s_qd32_repeat3\sustained_rand_read_120s_qd32_repeat3_run3.json
92038.0,92.038,258.8359375,66262.0,,sustained_rand_read_120s_qd32_repeat3,rand_read,3,results\external_ssd\sustained_rand_read_120s_qd32_repeat3\sustained_rand_read_120s_qd32_repeat3_run3.json
93000.0,93.0,,,416.978,sustained_rand_read_120s_qd32_repeat3,rand_read,3,results\external_ssd\sustained_rand_read_120s_qd32_repeat3\sustained_rand_read_120s_qd32_repeat3_run3.json
93039.0,93.039,260.78515625,66762.0,,sustained_rand_read_120s_qd32_repeat3,rand_read,3,results\external_ssd\sustained_rand_read_120s_qd32_repeat3\sustained_rand_read_120s_qd32_repeat3_run3.json
94000.0,94.0,,,417.984,sustained_rand_read_120s_qd32_repeat3,rand_read,3,results\external_ssd\sustained_rand_read_120s_qd32_repeat3\sustained_rand_read_120s_qd32_repeat3_run3.json
94040.0,94.04,263.6962890625,67506.0,,sustained_rand_read_120s_qd32_repeat3,rand_read,3,results\external_ssd\sustained_rand_read_120s_qd32_repeat3\sustained_rand_read_120s_qd32_repeat3_run3.json
95000.0,95.0,,,421.25,sustained_rand_read_120s_qd32_repeat3,rand_read,3,results\external_ssd\sustained_rand_read_120s_qd32_repeat3\sustained_rand_read_120s_qd32_repeat3_run3.json
95040.0,95.04,260.71484375,66743.0,,sustained_rand_read_120s_qd32_repeat3,rand_read,3,results\external_ssd\sustained_rand_read_120s_qd32_repeat3\sustained_rand_read_120s_qd32_repeat3_run3.json
96000.0,96.0,,,420.237,sustained_rand_read_120s_qd32_repeat3,rand_read,3,results\external_ssd\sustained_rand_read_120s_qd32_repeat3\sustained_rand_read_120s_qd32_repeat3_run3.json
96040.0,96.04,260.66796875,66731.0,,sustained_rand_read_120s_qd32_repeat3,rand_read,3,results\external_ssd\sustained_rand_read_120s_qd32_repeat3\sustained_rand_read_120s_qd32_repeat3_run3.json
97000.0,97.0,,,419.39,sustained_rand_read_120s_qd32_repeat3,rand_read,3,results\external_ssd\sustained_rand_read_120s_qd32_repeat3\sustained_rand_read_120s_qd32_repeat3_run3.json
97041.0,97.041,260.78515625,66761.0,,sustained_rand_read_120s_qd32_repeat3,rand_read,3,results\external_ssd\sustained_rand_read_120s_qd32_repeat3\sustained_rand_read_120s_qd32_repeat3_run3.json
98000.0,98.0,,,420.765,sustained_rand_read_120s_qd32_repeat3,rand_read,3,results\external_ssd\sustained_rand_read_120s_qd32_repeat3\sustained_rand_read_120s_qd32_repeat3_run3.json
98041.0,98.041,261.4140625,66922.0,,sustained_rand_read_120s_qd32_repeat3,rand_read,3,results\external_ssd\sustained_rand_read_120s_qd32_repeat3\sustained_rand_read_120s_qd32_repeat3_run3.json
99000.0,99.0,,,421.803,sustained_rand_read_120s_qd32_repeat3,rand_read,3,results\external_ssd\sustained_rand_read_120s_qd32_repeat3\sustained_rand_read_120s_qd32_repeat3_run3.json
99042.0,99.042,255.611328125,65436.0,,sustained_rand_read_120s_qd32_repeat3,rand_read,3,results\external_ssd\sustained_rand_read_120s_qd32_repeat3\sustained_rand_read_120s_qd32_repeat3_run3.json
100000.0,100.0,,,426.935,sustained_rand_read_120s_qd32_repeat3,rand_read,3,results\external_ssd\sustained_rand_read_120s_qd32_repeat3\sustained_rand_read_120s_qd32_repeat3_run3.json
100042.0,100.042,244.7734375,62662.0,,sustained_rand_read_120s_qd32_repeat3,rand_read,3,results\external_ssd\sustained_rand_read_120s_qd32_repeat3\sustained_rand_read_120s_qd32_repeat3_run3.json
101000.0,101.0,,,419.432,sustained_rand_read_120s_qd32_repeat3,rand_read,3,results\external_ssd\sustained_rand_read_120s_qd32_repeat3\sustained_rand_read_120s_qd32_repeat3_run3.json
101043.0,101.043,263.3984375,67430.0,,sustained_rand_read_120s_qd32_repeat3,rand_read,3,results\external_ssd\sustained_rand_read_120s_qd32_repeat3\sustained_rand_read_120s_qd32_repeat3_run3.json
102000.0,102.0,,,419.416,sustained_rand_read_120s_qd32_repeat3,rand_read,3,results\external_ssd\sustained_rand_read_120s_qd32_repeat3\sustained_rand_read_120s_qd32_repeat3_run3.json
102043.0,102.043,264.16796875,67627.0,,sustained_rand_read_120s_qd32_repeat3,rand_read,3,results\external_ssd\sustained_rand_read_120s_qd32_repeat3\sustained_rand_read_120s_qd32_repeat3_run3.json
103000.0,103.0,,,424.032,sustained_rand_read_120s_qd32_repeat3,rand_read,3,results\external_ssd\sustained_rand_read_120s_qd32_repeat3\sustained_rand_read_120s_qd32_repeat3_run3.json
103044.0,103.044,251.037109375,64265.0,,sustained_rand_read_120s_qd32_repeat3,rand_read,3,results\external_ssd\sustained_rand_read_120s_qd32_repeat3\sustained_rand_read_120s_qd32_repeat3_run3.json
104000.0,104.0,,,422.484,sustained_rand_read_120s_qd32_repeat3,rand_read,3,results\external_ssd\sustained_rand_read_120s_qd32_repeat3\sustained_rand_read_120s_qd32_repeat3_run3.json
104044.0,104.044,254.9453125,65266.0,,sustained_rand_read_120s_qd32_repeat3,rand_read,3,results\external_ssd\sustained_rand_read_120s_qd32_repeat3\sustained_rand_read_120s_qd32_repeat3_run3.json
105000.0,105.0,,,418.176,sustained_rand_read_120s_qd32_repeat3,rand_read,3,results\external_ssd\sustained_rand_read_120s_qd32_repeat3\sustained_rand_read_120s_qd32_repeat3_run3.json
105045.0,105.045,256.90234375,65767.0,,sustained_rand_read_120s_qd32_repeat3,rand_read,3,results\external_ssd\sustained_rand_read_120s_qd32_repeat3\sustained_rand_read_120s_qd32_repeat3_run3.json
106000.0,106.0,,,418.076,sustained_rand_read_120s_qd32_repeat3,rand_read,3,results\external_ssd\sustained_rand_read_120s_qd32_repeat3\sustained_rand_read_120s_qd32_repeat3_run3.json
106045.0,106.045,262.7265625,67258.0,,sustained_rand_read_120s_qd32_repeat3,rand_read,3,results\external_ssd\sustained_rand_read_120s_qd32_repeat3\sustained_rand_read_120s_qd32_repeat3_run3.json
107000.0,107.0,,,418.194,sustained_rand_read_120s_qd32_repeat3,rand_read,3,results\external_ssd\sustained_rand_read_120s_qd32_repeat3\sustained_rand_read_120s_qd32_repeat3_run3.json
107046.0,107.046,262.3125,67152.0,,sustained_rand_read_120s_qd32_repeat3,rand_read,3,results\external_ssd\sustained_rand_read_120s_qd32_repeat3\sustained_rand_read_120s_qd32_repeat3_run3.json
108000.0,108.0,,,417.857,sustained_rand_read_120s_qd32_repeat3,rand_read,3,results\external_ssd\sustained_rand_read_120s_qd32_repeat3\sustained_rand_read_120s_qd32_repeat3_run3.json
108046.0,108.046,264.125,67616.0,,sustained_rand_read_120s_qd32_repeat3,rand_read,3,results\external_ssd\sustained_rand_read_120s_qd32_repeat3\sustained_rand_read_120s_qd32_repeat3_run3.json
109000.0,109.0,,,429.489,sustained_rand_read_120s_qd32_repeat3,rand_read,3,results\external_ssd\sustained_rand_read_120s_qd32_repeat3\sustained_rand_read_120s_qd32_repeat3_run3.json
109046.0,109.046,236.8515625,60634.0,,sustained_rand_read_120s_qd32_repeat3,rand_read,3,results\external_ssd\sustained_rand_read_120s_qd32_repeat3\sustained_rand_read_120s_qd32_repeat3_run3.json
110000.0,110.0,,,435.656,sustained_rand_read_120s_qd32_repeat3,rand_read,3,results\external_ssd\sustained_rand_read_120s_qd32_repeat3\sustained_rand_read_120s_qd32_repeat3_run3.json
110047.0,110.047,228.4375,58480.0,,sustained_rand_read_120s_qd32_repeat3,rand_read,3,results\external_ssd\sustained_rand_read_120s_qd32_repeat3\sustained_rand_read_120s_qd32_repeat3_run3.json
111000.0,111.0,,,421.024,sustained_rand_read_120s_qd32_repeat3,rand_read,3,results\external_ssd\sustained_rand_read_120s_qd32_repeat3\sustained_rand_read_120s_qd32_repeat3_run3.json
111047.0,111.047,240.06640625,61457.0,,sustained_rand_read_120s_qd32_repeat3,rand_read,3,results\external_ssd\sustained_rand_read_120s_qd32_repeat3\sustained_rand_read_120s_qd32_repeat3_run3.json
112000.0,112.0,,,424.058,sustained_rand_read_120s_qd32_repeat3,rand_read,3,results\external_ssd\sustained_rand_read_120s_qd32_repeat3\sustained_rand_read_120s_qd32_repeat3_run3.json
112048.0,112.048,241.3984375,61798.0,,sustained_rand_read_120s_qd32_repeat3,rand_read,3,results\external_ssd\sustained_rand_read_120s_qd32_repeat3\sustained_rand_read_120s_qd32_repeat3_run3.json
113000.0,113.0,,,421.157,sustained_rand_read_120s_qd32_repeat3,rand_read,3,results\external_ssd\sustained_rand_read_120s_qd32_repeat3\sustained_rand_read_120s_qd32_repeat3_run3.json
113049.0,113.049,247.52734375,63367.0,,sustained_rand_read_120s_qd32_repeat3,rand_read,3,results\external_ssd\sustained_rand_read_120s_qd32_repeat3\sustained_rand_read_120s_qd32_repeat3_run3.json
114000.0,114.0,,,418.851,sustained_rand_read_120s_qd32_repeat3,rand_read,3,results\external_ssd\sustained_rand_read_120s_qd32_repeat3\sustained_rand_read_120s_qd32_repeat3_run3.json
114050.0,114.05,251.06640625,64273.0,,sustained_rand_read_120s_qd32_repeat3,rand_read,3,results\external_ssd\sustained_rand_read_120s_qd32_repeat3\sustained_rand_read_120s_qd32_repeat3_run3.json
115000.0,115.0,,,416.25,sustained_rand_read_120s_qd32_repeat3,rand_read,3,results\external_ssd\sustained_rand_read_120s_qd32_repeat3\sustained_rand_read_120s_qd32_repeat3_run3.json
115051.0,115.051,268.1884765625,68656.0,,sustained_rand_read_120s_qd32_repeat3,rand_read,3,results\external_ssd\sustained_rand_read_120s_qd32_repeat3\sustained_rand_read_120s_qd32_repeat3_run3.json
116000.0,116.0,,,424.622,sustained_rand_read_120s_qd32_repeat3,rand_read,3,results\external_ssd\sustained_rand_read_120s_qd32_repeat3\sustained_rand_read_120s_qd32_repeat3_run3.json
116051.0,116.051,250.17578125,64045.0,,sustained_rand_read_120s_qd32_repeat3,rand_read,3,results\external_ssd\sustained_rand_read_120s_qd32_repeat3\sustained_rand_read_120s_qd32_repeat3_run3.json
117000.0,117.0,,,420.342,sustained_rand_read_120s_qd32_repeat3,rand_read,3,results\external_ssd\sustained_rand_read_120s_qd32_repeat3\sustained_rand_read_120s_qd32_repeat3_run3.json
117052.0,117.052,258.44140625,66161.0,,sustained_rand_read_120s_qd32_repeat3,rand_read,3,results\external_ssd\sustained_rand_read_120s_qd32_repeat3\sustained_rand_read_120s_qd32_repeat3_run3.json
118000.0,118.0,,,419.825,sustained_rand_read_120s_qd32_repeat3,rand_read,3,results\external_ssd\sustained_rand_read_120s_qd32_repeat3\sustained_rand_read_120s_qd32_repeat3_run3.json
118053.0,118.053,258.26171875,66115.0,,sustained_rand_read_120s_qd32_repeat3,rand_read,3,results\external_ssd\sustained_rand_read_120s_qd32_repeat3\sustained_rand_read_120s_qd32_repeat3_run3.json
119000.0,119.0,,,419.611,sustained_rand_read_120s_qd32_repeat3,rand_read,3,results\external_ssd\sustained_rand_read_120s_qd32_repeat3\sustained_rand_read_120s_qd32_repeat3_run3.json
119053.0,119.053,261.1640625,66858.0,,sustained_rand_read_120s_qd32_repeat3,rand_read,3,results\external_ssd\sustained_rand_read_120s_qd32_repeat3\sustained_rand_read_120s_qd32_repeat3_run3.json
120000.0,120.0,,,421.112,sustained_rand_read_120s_qd32_repeat3,rand_read,3,results\external_ssd\sustained_rand_read_120s_qd32_repeat3\sustained_rand_read_120s_qd32_repeat3_run3.json
120000.0,120.0,,,649.857,sustained_rand_read_120s_qd32_repeat3,rand_read,3,results\external_ssd\sustained_rand_read_120s_qd32_repeat3\sustained_rand_read_120s_qd32_repeat3_run3.json
120053.0,120.053,245.109375,62748.0,,sustained_rand_read_120s_qd32_repeat3,rand_read,3,results\external_ssd\sustained_rand_read_120s_qd32_repeat3\sustained_rand_read_120s_qd32_repeat3_run3.json
1000.0,1.0,,,233.303,sustained_rand_write_120s_qd16_repeat3,rand_write,1,results\external_ssd\sustained_rand_write_120s_qd16_repeat3\sustained_rand_write_120s_qd16_repeat3_run1.json
1002.0,1.002,138.57421875,35475.0,,sustained_rand_write_120s_qd16_repeat3,rand_write,1,results\external_ssd\sustained_rand_write_120s_qd16_repeat3\sustained_rand_write_120s_qd16_repeat3_run1.json
2000.0,2.0,,,236.18,sustained_rand_write_120s_qd16_repeat3,rand_write,1,results\external_ssd\sustained_rand_write_120s_qd16_repeat3\sustained_rand_write_120s_qd16_repeat3_run1.json
2002.0,2.002,138.3916015625,35428.0,,sustained_rand_write_120s_qd16_repeat3,rand_write,1,results\external_ssd\sustained_rand_write_120s_qd16_repeat3\sustained_rand_write_120s_qd16_repeat3_run1.json
3000.0,3.0,,,309.799,sustained_rand_write_120s_qd16_repeat3,rand_write,1,results\external_ssd\sustained_rand_write_120s_qd16_repeat3\sustained_rand_write_120s_qd16_repeat3_run1.json
3009.0,3.009,103.8916015625,26596.0,,sustained_rand_write_120s_qd16_repeat3,rand_write,1,results\external_ssd\sustained_rand_write_120s_qd16_repeat3\sustained_rand_write_120s_qd16_repeat3_run1.json
4000.0,4.0,,,231.546,sustained_rand_write_120s_qd16_repeat3,rand_write,1,results\external_ssd\sustained_rand_write_120s_qd16_repeat3\sustained_rand_write_120s_qd16_repeat3_run1.json
4010.0,4.01,140.35546875,35931.0,,sustained_rand_write_120s_qd16_repeat3,rand_write,1,results\external_ssd\sustained_rand_write_120s_qd16_repeat3\sustained_rand_write_120s_qd16_repeat3_run1.json
5000.0,5.0,,,196.484,sustained_rand_write_120s_qd16_repeat3,rand_write,1,results\external_ssd\sustained_rand_write_120s_qd16_repeat3\sustained_rand_write_120s_qd16_repeat3_run1.json
5011.0,5.011,166.7119140625,42678.0,,sustained_rand_write_120s_qd16_repeat3,rand_write,1,results\external_ssd\sustained_rand_write_120s_qd16_repeat3\sustained_rand_write_120s_qd16_repeat3_run1.json
6000.0,6.0,,,194.228,sustained_rand_write_120s_qd16_repeat3,rand_write,1,results\external_ssd\sustained_rand_write_120s_qd16_repeat3\sustained_rand_write_120s_qd16_repeat3_run1.json
6012.0,6.012,168.2685546875,43076.0,,sustained_rand_write_120s_qd16_repeat3,rand_write,1,results\external_ssd\sustained_rand_write_120s_qd16_repeat3\sustained_rand_write_120s_qd16_repeat3_run1.json
7000.0,7.0,,,212.715,sustained_rand_write_120s_qd16_repeat3,rand_write,1,results\external_ssd\sustained_rand_write_120s_qd16_repeat3\sustained_rand_write_120s_qd16_repeat3_run1.json
7012.0,7.012,152.953125,39156.0,,sustained_rand_write_120s_qd16_repeat3,rand_write,1,results\external_ssd\sustained_rand_write_120s_qd16_repeat3\sustained_rand_write_120s_qd16_repeat3_run1.json
8000.0,8.0,,,253.272,sustained_rand_write_120s_qd16_repeat3,rand_write,1,results\external_ssd\sustained_rand_write_120s_qd16_repeat3\sustained_rand_write_120s_qd16_repeat3_run1.json
8012.0,8.012,134.5078125,34434.0,,sustained_rand_write_120s_qd16_repeat3,rand_write,1,results\external_ssd\sustained_rand_write_120s_qd16_repeat3\sustained_rand_write_120s_qd16_repeat3_run1.json
9000.0,9.0,,,258.411,sustained_rand_write_120s_qd16_repeat3,rand_write,1,results\external_ssd\sustained_rand_write_120s_qd16_repeat3\sustained_rand_write_120s_qd16_repeat3_run1.json
9012.0,9.012,127.89453125,32741.0,,sustained_rand_write_120s_qd16_repeat3,rand_write,1,results\external_ssd\sustained_rand_write_120s_qd16_repeat3\sustained_rand_write_120s_qd16_repeat3_run1.json
10000.0,10.0,,,236.033,sustained_rand_write_120s_qd16_repeat3,rand_write,1,results\external_ssd\sustained_rand_write_120s_qd16_repeat3\sustained_rand_write_120s_qd16_repeat3_run1.json
10011.0,10.011,138.2646484375,35395.0,,sustained_rand_write_120s_qd16_repeat3,rand_write,1,results\external_ssd\sustained_rand_write_120s_qd16_repeat3\sustained_rand_write_120s_qd16_repeat3_run1.json
11000.0,11.0,,,234.334,sustained_rand_write_120s_qd16_repeat3,rand_write,1,results\external_ssd\sustained_rand_write_120s_qd16_repeat3\sustained_rand_write_120s_qd16_repeat3_run1.json
11012.0,11.012,138.580078125,35476.0,,sustained_rand_write_120s_qd16_repeat3,rand_write,1,results\external_ssd\sustained_rand_write_120s_qd16_repeat3\sustained_rand_write_120s_qd16_repeat3_run1.json
12000.0,12.0,,,257.84,sustained_rand_write_120s_qd16_repeat3,rand_write,1,results\external_ssd\sustained_rand_write_120s_qd16_repeat3\sustained_rand_write_120s_qd16_repeat3_run1.json
12013.0,12.013,125.0,32000.0,,sustained_rand_write_120s_qd16_repeat3,rand_write,1,results\external_ssd\sustained_rand_write_120s_qd16_repeat3\sustained_rand_write_120s_qd16_repeat3_run1.json
13000.0,13.0,,,243.389,sustained_rand_write_120s_qd16_repeat3,rand_write,1,results\external_ssd\sustained_rand_write_120s_qd16_repeat3\sustained_rand_write_120s_qd16_repeat3_run1.json
13013.0,13.013,133.91796875,34283.0,,sustained_rand_write_120s_qd16_repeat3,rand_write,1,results\external_ssd\sustained_rand_write_120s_qd16_repeat3\sustained_rand_write_120s_qd16_repeat3_run1.json
14000.0,14.0,,,268.392,sustained_rand_write_120s_qd16_repeat3,rand_write,1,results\external_ssd\sustained_rand_write_120s_qd16_repeat3\sustained_rand_write_120s_qd16_repeat3_run1.json
14014.0,14.014,120.2578125,30786.0,,sustained_rand_write_120s_qd16_repeat3,rand_write,1,results\external_ssd\sustained_rand_write_120s_qd16_repeat3\sustained_rand_write_120s_qd16_repeat3_run1.json
15000.0,15.0,,,240.325,sustained_rand_write_120s_qd16_repeat3,rand_write,1,results\external_ssd\sustained_rand_write_120s_qd16_repeat3\sustained_rand_write_120s_qd16_repeat3_run1.json
15015.0,15.015,135.01953125,34565.0,,sustained_rand_write_120s_qd16_repeat3,rand_write,1,results\external_ssd\sustained_rand_write_120s_qd16_repeat3\sustained_rand_write_120s_qd16_repeat3_run1.json
16000.0,16.0,,,211.177,sustained_rand_write_120s_qd16_repeat3,rand_write,1,results\external_ssd\sustained_rand_write_120s_qd16_repeat3\sustained_rand_write_120s_qd16_repeat3_run1.json
16015.0,16.015,155.8828125,39906.0,,sustained_rand_write_120s_qd16_repeat3,rand_write,1,results\external_ssd\sustained_rand_write_120s_qd16_repeat3\sustained_rand_write_120s_qd16_repeat3_run1.json
17000.0,17.0,,,191.117,sustained_rand_write_120s_qd16_repeat3,rand_write,1,results\external_ssd\sustained_rand_write_120s_qd16_repeat3\sustained_rand_write_120s_qd16_repeat3_run1.json
17016.0,17.016,171.1953125,43826.0,,sustained_rand_write_120s_qd16_repeat3,rand_write,1,results\external_ssd\sustained_rand_write_120s_qd16_repeat3\sustained_rand_write_120s_qd16_repeat3_run1.json
18000.0,18.0,,,189.505,sustained_rand_write_120s_qd16_repeat3,rand_write,1,results\external_ssd\sustained_rand_write_120s_qd16_repeat3\sustained_rand_write_120s_qd16_repeat3_run1.json
18016.0,18.016,173.44140625,44401.0,,sustained_rand_write_120s_qd16_repeat3,rand_write,1,results\external_ssd\sustained_rand_write_120s_qd16_repeat3\sustained_rand_write_120s_qd16_repeat3_run1.json
19000.0,19.0,,,193.365,sustained_rand_write_120s_qd16_repeat3,rand_write,1,results\external_ssd\sustained_rand_write_120s_qd16_repeat3\sustained_rand_write_120s_qd16_repeat3_run1.json
19017.0,19.017,168.765625,43204.0,,sustained_rand_write_120s_qd16_repeat3,rand_write,1,results\external_ssd\sustained_rand_write_120s_qd16_repeat3\sustained_rand_write_120s_qd16_repeat3_run1.json
20000.0,20.0,,,204.103,sustained_rand_write_120s_qd16_repeat3,rand_write,1,results\external_ssd\sustained_rand_write_120s_qd16_repeat3\sustained_rand_write_120s_qd16_repeat3_run1.json
20018.0,20.018,160.4677734375,41079.0,,sustained_rand_write_120s_qd16_repeat3,rand_write,1,results\external_ssd\sustained_rand_write_120s_qd16_repeat3\sustained_rand_write_120s_qd16_repeat3_run1.json
21000.0,21.0,,,231.086,sustained_rand_write_120s_qd16_repeat3,rand_write,1,results\external_ssd\sustained_rand_write_120s_qd16_repeat3\sustained_rand_write_120s_qd16_repeat3_run1.json
21018.0,21.018,141.890625,36324.0,,sustained_rand_write_120s_qd16_repeat3,rand_write,1,results\external_ssd\sustained_rand_write_120s_qd16_repeat3\sustained_rand_write_120s_qd16_repeat3_run1.json
22000.0,22.0,,,247.914,sustained_rand_write_120s_qd16_repeat3,rand_write,1,results\external_ssd\sustained_rand_write_120s_qd16_repeat3\sustained_rand_write_120s_qd16_repeat3_run1.json
22018.0,22.018,130.3515625,33370.0,,sustained_rand_write_120s_qd16_repeat3,rand_write,1,results\external_ssd\sustained_rand_write_120s_qd16_repeat3\sustained_rand_write_120s_qd16_repeat3_run1.json
23000.0,23.0,,,242.073,sustained_rand_write_120s_qd16_repeat3,rand_write,1,results\external_ssd\sustained_rand_write_120s_qd16_repeat3\sustained_rand_write_120s_qd16_repeat3_run1.json
23019.0,23.019,134.03515625,34313.0,,sustained_rand_write_120s_qd16_repeat3,rand_write,1,results\external_ssd\sustained_rand_write_120s_qd16_repeat3\sustained_rand_write_120s_qd16_repeat3_run1.json
24000.0,24.0,,,251.663,sustained_rand_write_120s_qd16_repeat3,rand_write,1,results\external_ssd\sustained_rand_write_120s_qd16_repeat3\sustained_rand_write_120s_qd16_repeat3_run1.json
24020.0,24.02,127.3642578125,32605.0,,sustained_rand_write_120s_qd16_repeat3,rand_write,1,results\external_ssd\sustained_rand_write_120s_qd16_repeat3\sustained_rand_write_120s_qd16_repeat3_run1.json
25000.0,25.0,,,229.622,sustained_rand_write_120s_qd16_repeat3,rand_write,1,results\external_ssd\sustained_rand_write_120s_qd16_repeat3\sustained_rand_write_120s_qd16_repeat3_run1.json
25020.0,25.02,142.8203125,36562.0,,sustained_rand_write_120s_qd16_repeat3,rand_write,1,results\external_ssd\sustained_rand_write_120s_qd16_repeat3\sustained_rand_write_120s_qd16_repeat3_run1.json
26000.0,26.0,,,248.545,sustained_rand_write_120s_qd16_repeat3,rand_write,1,results\external_ssd\sustained_rand_write_120s_qd16_repeat3\sustained_rand_write_120s_qd16_repeat3_run1.json
26020.0,26.02,130.44140625,33393.0,,sustained_rand_write_120s_qd16_repeat3,rand_write,1,results\external_ssd\sustained_rand_write_120s_qd16_repeat3\sustained_rand_write_120s_qd16_repeat3_run1.json
27000.0,27.0,,,247.292,sustained_rand_write_120s_qd16_repeat3,rand_write,1,results\external_ssd\sustained_rand_write_120s_qd16_repeat3\sustained_rand_write_120s_qd16_repeat3_run1.json
27021.0,27.021,130.8984375,33510.0,,sustained_rand_write_120s_qd16_repeat3,rand_write,1,results\external_ssd\sustained_rand_write_120s_qd16_repeat3\sustained_rand_write_120s_qd16_repeat3_run1.json
28000.0,28.0,,,208.692,sustained_rand_write_120s_qd16_repeat3,rand_write,1,results\external_ssd\sustained_rand_write_120s_qd16_repeat3\sustained_rand_write_120s_qd16_repeat3_run1.json
28022.0,28.022,157.822265625,40402.0,,sustained_rand_write_120s_qd16_repeat3,rand_write,1,results\external_ssd\sustained_rand_write_120s_qd16_repeat3\sustained_rand_write_120s_qd16_repeat3_run1.json
29000.0,29.0,,,213.353,sustained_rand_write_120s_qd16_repeat3,rand_write,1,results\external_ssd\sustained_rand_write_120s_qd16_repeat3\sustained_rand_write_120s_qd16_repeat3_run1.json
29022.0,29.022,152.39453125,39013.0,,sustained_rand_write_120s_qd16_repeat3,rand_write,1,results\external_ssd\sustained_rand_write_120s_qd16_repeat3\sustained_rand_write_120s_qd16_repeat3_run1.json
30000.0,30.0,,,204.62,sustained_rand_write_120s_qd16_repeat3,rand_write,1,results\external_ssd\sustained_rand_write_120s_qd16_repeat3\sustained_rand_write_120s_qd16_repeat3_run1.json
30023.0,30.023,158.041015625,40458.0,,sustained_rand_write_120s_qd16_repeat3,rand_write,1,results\external_ssd\sustained_rand_write_120s_qd16_repeat3\sustained_rand_write_120s_qd16_repeat3_run1.json
31000.0,31.0,,,193.205,sustained_rand_write_120s_qd16_repeat3,rand_write,1,results\external_ssd\sustained_rand_write_120s_qd16_repeat3\sustained_rand_write_120s_qd16_repeat3_run1.json
31023.0,31.023,169.5,43392.0,,sustained_rand_write_120s_qd16_repeat3,rand_write,1,results\external_ssd\sustained_rand_write_120s_qd16_repeat3\sustained_rand_write_120s_qd16_repeat3_run1.json
32000.0,32.0,,,190.763,sustained_rand_write_120s_qd16_repeat3,rand_write,1,results\external_ssd\sustained_rand_write_120s_qd16_repeat3\sustained_rand_write_120s_qd16_repeat3_run1.json
32024.0,32.024,172.951171875,44275.0,,sustained_rand_write_120s_qd16_repeat3,rand_write,1,results\external_ssd\sustained_rand_write_120s_qd16_repeat3\sustained_rand_write_120s_qd16_repeat3_run1.json
33000.0,33.0,,,203.934,sustained_rand_write_120s_qd16_repeat3,rand_write,1,results\external_ssd\sustained_rand_write_120s_qd16_repeat3\sustained_rand_write_120s_qd16_repeat3_run1.json
33025.0,33.025,159.328125,40788.0,,sustained_rand_write_120s_qd16_repeat3,rand_write,1,results\external_ssd\sustained_rand_write_120s_qd16_repeat3\sustained_rand_write_120s_qd16_repeat3_run1.json
34000.0,34.0,,,205.068,sustained_rand_write_120s_qd16_repeat3,rand_write,1,results\external_ssd\sustained_rand_write_120s_qd16_repeat3\sustained_rand_write_120s_qd16_repeat3_run1.json
34025.0,34.025,159.087890625,40726.0,,sustained_rand_write_120s_qd16_repeat3,rand_write,1,results\external_ssd\sustained_rand_write_120s_qd16_repeat3\sustained_rand_write_120s_qd16_repeat3_run1.json
35000.0,35.0,,,197.519,sustained_rand_write_120s_qd16_repeat3,rand_write,1,results\external_ssd\sustained_rand_write_120s_qd16_repeat3\sustained_rand_write_120s_qd16_repeat3_run1.json
35025.0,35.025,164.8359375,42198.0,,sustained_rand_write_120s_qd16_repeat3,rand_write,1,results\external_ssd\sustained_rand_write_120s_qd16_repeat3\sustained_rand_write_120s_qd16_repeat3_run1.json
36000.0,36.0,,,201.158,sustained_rand_write_120s_qd16_repeat3,rand_write,1,results\external_ssd\sustained_rand_write_120s_qd16_repeat3\sustained_rand_write_120s_qd16_repeat3_run1.json
36025.0,36.025,163.515625,41860.0,,sustained_rand_write_120s_qd16_repeat3,rand_write,1,results\external_ssd\sustained_rand_write_120s_qd16_repeat3\sustained_rand_write_120s_qd16_repeat3_run1.json
37000.0,37.0,,,239.422,sustained_rand_write_120s_qd16_repeat3,rand_write,1,results\external_ssd\sustained_rand_write_120s_qd16_repeat3\sustained_rand_write_120s_qd16_repeat3_run1.json
37026.0,37.026,135.62109375,34719.0,,sustained_rand_write_120s_qd16_repeat3,rand_write,1,results\external_ssd\sustained_rand_write_120s_qd16_repeat3\sustained_rand_write_120s_qd16_repeat3_run1.json
38000.0,38.0,,,233.233,sustained_rand_write_120s_qd16_repeat3,rand_write,1,results\external_ssd\sustained_rand_write_120s_qd16_repeat3\sustained_rand_write_120s_qd16_repeat3_run1.json
38026.0,38.026,138.0,35328.0,,sustained_rand_write_120s_qd16_repeat3,rand_write,1,results\external_ssd\sustained_rand_write_120s_qd16_repeat3\sustained_rand_write_120s_qd16_repeat3_run1.json
39000.0,39.0,,,240.031,sustained_rand_write_120s_qd16_repeat3,rand_write,1,results\external_ssd\sustained_rand_write_120s_qd16_repeat3\sustained_rand_write_120s_qd16_repeat3_run1.json
39027.0,39.027,136.56640625,34961.0,,sustained_rand_write_120s_qd16_repeat3,rand_write,1,results\external_ssd\sustained_rand_write_120s_qd16_repeat3\sustained_rand_write_120s_qd16_repeat3_run1.json
40000.0,40.0,,,218.292,sustained_rand_write_120s_qd16_repeat3,rand_write,1,results\external_ssd\sustained_rand_write_120s_qd16_repeat3\sustained_rand_write_120s_qd16_repeat3_run1.json
40028.0,40.028,150.025390625,38406.0,,sustained_rand_write_120s_qd16_repeat3,rand_write,1,results\external_ssd\sustained_rand_write_120s_qd16_repeat3\sustained_rand_write_120s_qd16_repeat3_run1.json
41000.0,41.0,,,214.0,sustained_rand_write_120s_qd16_repeat3,rand_write,1,results\external_ssd\sustained_rand_write_120s_qd16_repeat3\sustained_rand_write_120s_qd16_repeat3_run1.json
41029.0,41.029,152.4833984375,39035.0,,sustained_rand_write_120s_qd16_repeat3,rand_write,1,results\external_ssd\sustained_rand_write_120s_qd16_repeat3\sustained_rand_write_120s_qd16_repeat3_run1.json
42000.0,42.0,,,191.163,sustained_rand_write_120s_qd16_repeat3,rand_write,1,results\external_ssd\sustained_rand_write_120s_qd16_repeat3\sustained_rand_write_120s_qd16_repeat3_run1.json
42030.0,42.03,171.09375,43800.0,,sustained_rand_write_120s_qd16_repeat3,rand_write,1,results\external_ssd\sustained_rand_write_120s_qd16_repeat3\sustained_rand_write_120s_qd16_repeat3_run1.json
43000.0,43.0,,,200.421,sustained_rand_write_120s_qd16_repeat3,rand_write,1,results\external_ssd\sustained_rand_write_120s_qd16_repeat3\sustained_rand_write_120s_qd16_repeat3_run1.json
43030.0,43.03,161.92578125,41453.0,,sustained_rand_write_120s_qd16_repeat3,rand_write,1,results\external_ssd\sustained_rand_write_120s_qd16_repeat3\sustained_rand_write_120s_qd16_repeat3_run1.json
44000.0,44.0,,,213.481,sustained_rand_write_120s_qd16_repeat3,rand_write,1,results\external_ssd\sustained_rand_write_120s_qd16_repeat3\sustained_rand_write_120s_qd16_repeat3_run1.json
44031.0,44.031,152.97265625,39161.0,,sustained_rand_write_120s_qd16_repeat3,rand_write,1,results\external_ssd\sustained_rand_write_120s_qd16_repeat3\sustained_rand_write_120s_qd16_repeat3_run1.json
45000.0,45.0,,,231.006,sustained_rand_write_120s_qd16_repeat3,rand_write,1,results\external_ssd\sustained_rand_write_120s_qd16_repeat3\sustained_rand_write_120s_qd16_repeat3_run1.json
45031.0,45.031,141.375,36192.0,,sustained_rand_write_120s_qd16_repeat3,rand_write,1,results\external_ssd\sustained_rand_write_120s_qd16_repeat3\sustained_rand_write_120s_qd16_repeat3_run1.json
46000.0,46.0,,,238.93,sustained_rand_write_120s_qd16_repeat3,rand_write,1,results\external_ssd\sustained_rand_write_120s_qd16_repeat3\sustained_rand_write_120s_qd16_repeat3_run1.json
46032.0,46.032,135.5,34688.0,,sustained_rand_write_120s_qd16_repeat3,rand_write,1,results\external_ssd\sustained_rand_write_120s_qd16_repeat3\sustained_rand_write_120s_qd16_repeat3_run1.json
47000.0,47.0,,,234.736,sustained_rand_write_120s_qd16_repeat3,rand_write,1,results\external_ssd\sustained_rand_write_120s_qd16_repeat3\sustained_rand_write_120s_qd16_repeat3_run1.json
47032.0,47.032,139.109375,35612.0,,sustained_rand_write_120s_qd16_repeat3,rand_write,1,results\external_ssd\sustained_rand_write_120s_qd16_repeat3\sustained_rand_write_120s_qd16_repeat3_run1.json
48000.0,48.0,,,225.925,sustained_rand_write_120s_qd16_repeat3,rand_write,1,results\external_ssd\sustained_rand_write_120s_qd16_repeat3\sustained_rand_write_120s_qd16_repeat3_run1.json
48033.0,48.033,144.94140625,37105.0,,sustained_rand_write_120s_qd16_repeat3,rand_write,1,results\external_ssd\sustained_rand_write_120s_qd16_repeat3\sustained_rand_write_120s_qd16_repeat3_run1.json
49000.0,49.0,,,192.116,sustained_rand_write_120s_qd16_repeat3,rand_write,1,results\external_ssd\sustained_rand_write_120s_qd16_repeat3\sustained_rand_write_120s_qd16_repeat3_run1.json
49033.0,49.033,172.43359375,44143.0,,sustained_rand_write_120s_qd16_repeat3,rand_write,1,results\external_ssd\sustained_rand_write_120s_qd16_repeat3\sustained_rand_write_120s_qd16_repeat3_run1.json
50000.0,50.0,,,198.462,sustained_rand_write_120s_qd16_repeat3,rand_write,1,results\external_ssd\sustained_rand_write_120s_qd16_repeat3\sustained_rand_write_120s_qd16_repeat3_run1.json
50034.0,50.034,163.50390625,41857.0,,sustained_rand_write_120s_qd16_repeat3,rand_write,1,results\external_ssd\sustained_rand_write_120s_qd16_repeat3\sustained_rand_write_120s_qd16_repeat3_run1.json
51000.0,51.0,,,198.92,sustained_rand_write_120s_qd16_repeat3,rand_write,1,results\external_ssd\sustained_rand_write_120s_qd16_repeat3\sustained_rand_write_120s_qd16_repeat3_run1.json
51034.0,51.034,163.82421875,41939.0,,sustained_rand_write_120s_qd16_repeat3,rand_write,1,results\external_ssd\sustained_rand_write_120s_qd16_repeat3\sustained_rand_write_120s_qd16_repeat3_run1.json
52000.0,52.0,,,219.277,sustained_rand_write_120s_qd16_repeat3,rand_write,1,results\external_ssd\sustained_rand_write_120s_qd16_repeat3\sustained_rand_write_120s_qd16_repeat3_run1.json
52035.0,52.035,148.4765625,38010.0,,sustained_rand_write_120s_qd16_repeat3,rand_write,1,results\external_ssd\sustained_rand_write_120s_qd16_repeat3\sustained_rand_write_120s_qd16_repeat3_run1.json
53000.0,53.0,,,233.806,sustained_rand_write_120s_qd16_repeat3,rand_write,1,results\external_ssd\sustained_rand_write_120s_qd16_repeat3\sustained_rand_write_120s_qd16_repeat3_run1.json
53035.0,53.035,137.921875,35308.0,,sustained_rand_write_120s_qd16_repeat3,rand_write,1,results\external_ssd\sustained_rand_write_120s_qd16_repeat3\sustained_rand_write_120s_qd16_repeat3_run1.json
54000.0,54.0,,,231.381,sustained_rand_write_120s_qd16_repeat3,rand_write,1,results\external_ssd\sustained_rand_write_120s_qd16_repeat3\sustained_rand_write_120s_qd16_repeat3_run1.json
54036.0,54.036,141.484375,36220.0,,sustained_rand_write_120s_qd16_repeat3,rand_write,1,results\external_ssd\sustained_rand_write_120s_qd16_repeat3\sustained_rand_write_120s_qd16_repeat3_run1.json
55000.0,55.0,,,225.307,sustained_rand_write_120s_qd16_repeat3,rand_write,1,results\external_ssd\sustained_rand_write_120s_qd16_repeat3\sustained_rand_write_120s_qd16_repeat3_run1.json
55036.0,55.036,147.02734375,37639.0,,sustained_rand_write_120s_qd16_repeat3,rand_write,1,results\external_ssd\sustained_rand_write_120s_qd16_repeat3\sustained_rand_write_120s_qd16_repeat3_run1.json
56000.0,56.0,,,207.267,sustained_rand_write_120s_qd16_repeat3,rand_write,1,results\external_ssd\sustained_rand_write_120s_qd16_repeat3\sustained_rand_write_120s_qd16_repeat3_run1.json
56037.0,56.037,158.74609375,40639.0,,sustained_rand_write_120s_qd16_repeat3,rand_write,1,results\external_ssd\sustained_rand_write_120s_qd16_repeat3\sustained_rand_write_120s_qd16_repeat3_run1.json
57000.0,57.0,,,172.836,sustained_rand_write_120s_qd16_repeat3,rand_write,1,results\external_ssd\sustained_rand_write_120s_qd16_repeat3\sustained_rand_write_120s_qd16_repeat3_run1.json
57038.0,57.038,191.5859375,49046.0,,sustained_rand_write_120s_qd16_repeat3,rand_write,1,results\external_ssd\sustained_rand_write_120s_qd16_repeat3\sustained_rand_write_120s_qd16_repeat3_run1.json
58000.0,58.0,,,203.384,sustained_rand_write_120s_qd16_repeat3,rand_write,1,results\external_ssd\sustained_rand_write_120s_qd16_repeat3\sustained_rand_write_120s_qd16_repeat3_run1.json
58039.0,58.039,160.4365234375,41071.0,,sustained_rand_write_120s_qd16_repeat3,rand_write,1,results\external_ssd\sustained_rand_write_120s_qd16_repeat3\sustained_rand_write_120s_qd16_repeat3_run1.json
59000.0,59.0,,,199.686,sustained_rand_write_120s_qd16_repeat3,rand_write,1,results\external_ssd\sustained_rand_write_120s_qd16_repeat3\sustained_rand_write_120s_qd16_repeat3_run1.json
59039.0,59.039,161.98046875,41467.0,,sustained_rand_write_120s_qd16_repeat3,rand_write,1,results\external_ssd\sustained_rand_write_120s_qd16_repeat3\sustained_rand_write_120s_qd16_repeat3_run1.json
60000.0,60.0,,,201.684,sustained_rand_write_120s_qd16_repeat3,rand_write,1,results\external_ssd\sustained_rand_write_120s_qd16_repeat3\sustained_rand_write_120s_qd16_repeat3_run1.json
60040.0,60.04,162.068359375,41489.0,,sustained_rand_write_120s_qd16_repeat3,rand_write,1,results\external_ssd\sustained_rand_write_120s_qd16_repeat3\sustained_rand_write_120s_qd16_repeat3_run1.json
61000.0,61.0,,,226.378,sustained_rand_write_120s_qd16_repeat3,rand_write,1,results\external_ssd\sustained_rand_write_120s_qd16_repeat3\sustained_rand_write_120s_qd16_repeat3_run1.json
61041.0,61.041,143.98828125,36861.0,,sustained_rand_write_120s_qd16_repeat3,rand_write,1,results\external_ssd\sustained_rand_write_120s_qd16_repeat3\sustained_rand_write_120s_qd16_repeat3_run1.json
62000.0,62.0,,,227.25,sustained_rand_write_120s_qd16_repeat3,rand_write,1,results\external_ssd\sustained_rand_write_120s_qd16_repeat3\sustained_rand_write_120s_qd16_repeat3_run1.json
62042.0,62.042,143.66796875,36779.0,,sustained_rand_write_120s_qd16_repeat3,rand_write,1,results\external_ssd\sustained_rand_write_120s_qd16_repeat3\sustained_rand_write_120s_qd16_repeat3_run1.json
63000.0,63.0,,,231.3,sustained_rand_write_120s_qd16_repeat3,rand_write,1,results\external_ssd\sustained_rand_write_120s_qd16_repeat3\sustained_rand_write_120s_qd16_repeat3_run1.json
63042.0,63.042,141.6171875,36254.0,,sustained_rand_write_120s_qd16_repeat3,rand_write,1,results\external_ssd\sustained_rand_write_120s_qd16_repeat3\sustained_rand_write_120s_qd16_repeat3_run1.json
64000.0,64.0,,,213.864,sustained_rand_write_120s_qd16_repeat3,rand_write,1,results\external_ssd\sustained_rand_write_120s_qd16_repeat3\sustained_rand_write_120s_qd16_repeat3_run1.json
64042.0,64.042,154.59375,39576.0,,sustained_rand_write_120s_qd16_repeat3,rand_write,1,results\external_ssd\sustained_rand_write_120s_qd16_repeat3\sustained_rand_write_120s_qd16_repeat3_run1.json
65000.0,65.0,,,176.364,sustained_rand_write_120s_qd16_repeat3,rand_write,1,results\external_ssd\sustained_rand_write_120s_qd16_repeat3\sustained_rand_write_120s_qd16_repeat3_run1.json
65043.0,65.043,188.54296875,48267.0,,sustained_rand_write_120s_qd16_repeat3,rand_write,1,results\external_ssd\sustained_rand_write_120s_qd16_repeat3\sustained_rand_write_120s_qd16_repeat3_run1.json
66000.0,66.0,,,180.813,sustained_rand_write_120s_qd16_repeat3,rand_write,1,results\external_ssd\sustained_rand_write_120s_qd16_repeat3\sustained_rand_write_120s_qd16_repeat3_run1.json
66043.0,66.043,182.30078125,46669.0,,sustained_rand_write_120s_qd16_repeat3,rand_write,1,results\external_ssd\sustained_rand_write_120s_qd16_repeat3\sustained_rand_write_120s_qd16_repeat3_run1.json
67000.0,67.0,,,188.106,sustained_rand_write_120s_qd16_repeat3,rand_write,1,results\external_ssd\sustained_rand_write_120s_qd16_repeat3\sustained_rand_write_120s_qd16_repeat3_run1.json
67044.0,67.044,173.072265625,44306.0,,sustained_rand_write_120s_qd16_repeat3,rand_write,1,results\external_ssd\sustained_rand_write_120s_qd16_repeat3\sustained_rand_write_120s_qd16_repeat3_run1.json
68000.0,68.0,,,185.375,sustained_rand_write_120s_qd16_repeat3,rand_write,1,results\external_ssd\sustained_rand_write_120s_qd16_repeat3\sustained_rand_write_120s_qd16_repeat3_run1.json
68045.0,68.045,176.015625,45060.0,,sustained_rand_write_120s_qd16_repeat3,rand_write,1,results\external_ssd\sustained_rand_write_120s_qd16_repeat3\sustained_rand_write_120s_qd16_repeat3_run1.json
69000.0,69.0,,,239.265,sustained_rand_write_120s_qd16_repeat3,rand_write,1,results\external_ssd\sustained_rand_write_120s_qd16_repeat3\sustained_rand_write_120s_qd16_repeat3_run1.json
69046.0,69.046,136.03515625,34825.0,,sustained_rand_write_120s_qd16_repeat3,rand_write,1,results\external_ssd\sustained_rand_write_120s_qd16_repeat3\sustained_rand_write_120s_qd16_repeat3_run1.json
70000.0,70.0,,,253.411,sustained_rand_write_120s_qd16_repeat3,rand_write,1,results\external_ssd\sustained_rand_write_120s_qd16_repeat3\sustained_rand_write_120s_qd16_repeat3_run1.json
70047.0,70.047,126.82421875,32467.0,,sustained_rand_write_120s_qd16_repeat3,rand_write,1,results\external_ssd\sustained_rand_write_120s_qd16_repeat3\sustained_rand_write_120s_qd16_repeat3_run1.json
71000.0,71.0,,,216.842,sustained_rand_write_120s_qd16_repeat3,rand_write,1,results\external_ssd\sustained_rand_write_120s_qd16_repeat3\sustained_rand_write_120s_qd16_repeat3_run1.json
71047.0,71.047,152.30078125,38989.0,,sustained_rand_write_120s_qd16_repeat3,rand_write,1,results\external_ssd\sustained_rand_write_120s_qd16_repeat3\sustained_rand_write_120s_qd16_repeat3_run1.json
72000.0,72.0,,,265.622,sustained_rand_write_120s_qd16_repeat3,rand_write,1,results\external_ssd\sustained_rand_write_120s_qd16_repeat3\sustained_rand_write_120s_qd16_repeat3_run1.json
72049.0,72.049,120.66015625,30889.0,,sustained_rand_write_120s_qd16_repeat3,rand_write,1,results\external_ssd\sustained_rand_write_120s_qd16_repeat3\sustained_rand_write_120s_qd16_repeat3_run1.json
73000.0,73.0,,,257.639,sustained_rand_write_120s_qd16_repeat3,rand_write,1,results\external_ssd\sustained_rand_write_120s_qd16_repeat3\sustained_rand_write_120s_qd16_repeat3_run1.json
73049.0,73.049,124.64453125,31909.0,,sustained_rand_write_120s_qd16_repeat3,rand_write,1,results\external_ssd\sustained_rand_write_120s_qd16_repeat3\sustained_rand_write_120s_qd16_repeat3_run1.json
74000.0,74.0,,,262.283,sustained_rand_write_120s_qd16_repeat3,rand_write,1,results\external_ssd\sustained_rand_write_120s_qd16_repeat3\sustained_rand_write_120s_qd16_repeat3_run1.json
74050.0,74.05,123.2431640625,31550.0,,sustained_rand_write_120s_qd16_repeat3,rand_write,1,results\external_ssd\sustained_rand_write_120s_qd16_repeat3\sustained_rand_write_120s_qd16_repeat3_run1.json
75000.0,75.0,,,222.796,sustained_rand_write_120s_qd16_repeat3,rand_write,1,results\external_ssd\sustained_rand_write_120s_qd16_repeat3\sustained_rand_write_120s_qd16_repeat3_run1.json
75051.0,75.051,146.7275390625,37562.0,,sustained_rand_write_120s_qd16_repeat3,rand_write,1,results\external_ssd\sustained_rand_write_120s_qd16_repeat3\sustained_rand_write_120s_qd16_repeat3_run1.json
76000.0,76.0,,,243.128,sustained_rand_write_120s_qd16_repeat3,rand_write,1,results\external_ssd\sustained_rand_write_120s_qd16_repeat3\sustained_rand_write_120s_qd16_repeat3_run1.json
76052.0,76.052,134.181640625,34350.0,,sustained_rand_write_120s_qd16_repeat3,rand_write,1,results\external_ssd\sustained_rand_write_120s_qd16_repeat3\sustained_rand_write_120s_qd16_repeat3_run1.json
77000.0,77.0,,,246.143,sustained_rand_write_120s_qd16_repeat3,rand_write,1,results\external_ssd\sustained_rand_write_120s_qd16_repeat3\sustained_rand_write_120s_qd16_repeat3_run1.json
77053.0,77.053,131.2744140625,33606.0,,sustained_rand_write_120s_qd16_repeat3,rand_write,1,results\external_ssd\sustained_rand_write_120s_qd16_repeat3\sustained_rand_write_120s_qd16_repeat3_run1.json
78000.0,78.0,,,230.169,sustained_rand_write_120s_qd16_repeat3,rand_write,1,results\external_ssd\sustained_rand_write_120s_qd16_repeat3\sustained_rand_write_120s_qd16_repeat3_run1.json
78054.0,78.054,143.90625,36840.0,,sustained_rand_write_120s_qd16_repeat3,rand_write,1,results\external_ssd\sustained_rand_write_120s_qd16_repeat3\sustained_rand_write_120s_qd16_repeat3_run1.json
79000.0,79.0,,,240.723,sustained_rand_write_120s_qd16_repeat3,rand_write,1,results\external_ssd\sustained_rand_write_120s_qd16_repeat3\sustained_rand_write_120s_qd16_repeat3_run1.json
79055.0,79.055,133.7333984375,34235.0,,sustained_rand_write_120s_qd16_repeat3,rand_write,1,results\external_ssd\sustained_rand_write_120s_qd16_repeat3\sustained_rand_write_120s_qd16_repeat3_run1.json
80000.0,80.0,,,219.532,sustained_rand_write_120s_qd16_repeat3,rand_write,1,results\external_ssd\sustained_rand_write_120s_qd16_repeat3\sustained_rand_write_120s_qd16_repeat3_run1.json
80056.0,80.056,149.359375,38236.0,,sustained_rand_write_120s_qd16_repeat3,rand_write,1,results\external_ssd\sustained_rand_write_120s_qd16_repeat3\sustained_rand_write_120s_qd16_repeat3_run1.json
81000.0,81.0,,,197.999,sustained_rand_write_120s_qd16_repeat3,rand_write,1,results\external_ssd\sustained_rand_write_120s_qd16_repeat3\sustained_rand_write_120s_qd16_repeat3_run1.json
81057.0,81.057,165.2109375,42294.0,,sustained_rand_write_120s_qd16_repeat3,rand_write,1,results\external_ssd\sustained_rand_write_120s_qd16_repeat3\sustained_rand_write_120s_qd16_repeat3_run1.json
82000.0,82.0,,,179.066,sustained_rand_write_120s_qd16_repeat3,rand_write,1,results\external_ssd\sustained_rand_write_120s_qd16_repeat3\sustained_rand_write_120s_qd16_repeat3_run1.json
82057.0,82.057,183.60546875,47003.0,,sustained_rand_write_120s_qd16_repeat3,rand_write,1,results\external_ssd\sustained_rand_write_120s_qd16_repeat3\sustained_rand_write_120s_qd16_repeat3_run1.json
83000.0,83.0,,,197.852,sustained_rand_write_120s_qd16_repeat3,rand_write,1,results\external_ssd\sustained_rand_write_120s_qd16_repeat3\sustained_rand_write_120s_qd16_repeat3_run1.json
83058.0,83.058,167.9140625,42986.0,,sustained_rand_write_120s_qd16_repeat3,rand_write,1,results\external_ssd\sustained_rand_write_120s_qd16_repeat3\sustained_rand_write_120s_qd16_repeat3_run1.json
84000.0,84.0,,,193.345,sustained_rand_write_120s_qd16_repeat3,rand_write,1,results\external_ssd\sustained_rand_write_120s_qd16_repeat3\sustained_rand_write_120s_qd16_repeat3_run1.json
84059.0,84.059,170.16015625,43561.0,,sustained_rand_write_120s_qd16_repeat3,rand_write,1,results\external_ssd\sustained_rand_write_120s_qd16_repeat3\sustained_rand_write_120s_qd16_repeat3_run1.json
85000.0,85.0,,,175.948,sustained_rand_write_120s_qd16_repeat3,rand_write,1,results\external_ssd\sustained_rand_write_120s_qd16_repeat3\sustained_rand_write_120s_qd16_repeat3_run1.json
85060.0,85.06,185.8134765625,47568.0,,sustained_rand_write_120s_qd16_repeat3,rand_write,1,results\external_ssd\sustained_rand_write_120s_qd16_repeat3\sustained_rand_write_120s_qd16_repeat3_run1.json
86000.0,86.0,,,200.364,sustained_rand_write_120s_qd16_repeat3,rand_write,1,results\external_ssd\sustained_rand_write_120s_qd16_repeat3\sustained_rand_write_120s_qd16_repeat3_run1.json
86061.0,86.061,164.0732421875,42002.0,,sustained_rand_write_120s_qd16_repeat3,rand_write,1,results\external_ssd\sustained_rand_write_120s_qd16_repeat3\sustained_rand_write_120s_qd16_repeat3_run1.json
87000.0,87.0,,,188.055,sustained_rand_write_120s_qd16_repeat3,rand_write,1,results\external_ssd\sustained_rand_write_120s_qd16_repeat3\sustained_rand_write_120s_qd16_repeat3_run1.json
87061.0,87.061,174.44921875,44659.0,,sustained_rand_write_120s_qd16_repeat3,rand_write,1,results\external_ssd\sustained_rand_write_120s_qd16_repeat3\sustained_rand_write_120s_qd16_repeat3_run1.json
88000.0,88.0,,,184.809,sustained_rand_write_120s_qd16_repeat3,rand_write,1,results\external_ssd\sustained_rand_write_120s_qd16_repeat3\sustained_rand_write_120s_qd16_repeat3_run1.json
88062.0,88.062,180.15625,46120.0,,sustained_rand_write_120s_qd16_repeat3,rand_write,1,results\external_ssd\sustained_rand_write_120s_qd16_repeat3\sustained_rand_write_120s_qd16_repeat3_run1.json
89000.0,89.0,,,193.332,sustained_rand_write_120s_qd16_repeat3,rand_write,1,results\external_ssd\sustained_rand_write_120s_qd16_repeat3\sustained_rand_write_120s_qd16_repeat3_run1.json
89062.0,89.062,170.24609375,43583.0,,sustained_rand_write_120s_qd16_repeat3,rand_write,1,results\external_ssd\sustained_rand_write_120s_qd16_repeat3\sustained_rand_write_120s_qd16_repeat3_run1.json
90000.0,90.0,,,187.856,sustained_rand_write_120s_qd16_repeat3,rand_write,1,results\external_ssd\sustained_rand_write_120s_qd16_repeat3\sustained_rand_write_120s_qd16_repeat3_run1.json
90062.0,90.062,174.01171875,44547.0,,sustained_rand_write_120s_qd16_repeat3,rand_write,1,results\external_ssd\sustained_rand_write_120s_qd16_repeat3\sustained_rand_write_120s_qd16_repeat3_run1.json
91000.0,91.0,,,186.062,sustained_rand_write_120s_qd16_repeat3,rand_write,1,results\external_ssd\sustained_rand_write_120s_qd16_repeat3\sustained_rand_write_120s_qd16_repeat3_run1.json
91062.0,91.062,177.46875,45432.0,,sustained_rand_write_120s_qd16_repeat3,rand_write,1,results\external_ssd\sustained_rand_write_120s_qd16_repeat3\sustained_rand_write_120s_qd16_repeat3_run1.json
92000.0,92.0,,,196.388,sustained_rand_write_120s_qd16_repeat3,rand_write,1,results\external_ssd\sustained_rand_write_120s_qd16_repeat3\sustained_rand_write_120s_qd16_repeat3_run1.json
92063.0,92.063,165.81640625,42449.0,,sustained_rand_write_120s_qd16_repeat3,rand_write,1,results\external_ssd\sustained_rand_write_120s_qd16_repeat3\sustained_rand_write_120s_qd16_repeat3_run1.json
93000.0,93.0,,,221.1,sustained_rand_write_120s_qd16_repeat3,rand_write,1,results\external_ssd\sustained_rand_write_120s_qd16_repeat3\sustained_rand_write_120s_qd16_repeat3_run1.json
93063.0,93.063,147.484375,37756.0,,sustained_rand_write_120s_qd16_repeat3,rand_write,1,results\external_ssd\sustained_rand_write_120s_qd16_repeat3\sustained_rand_write_120s_qd16_repeat3_run1.json
94000.0,94.0,,,221.579,sustained_rand_write_120s_qd16_repeat3,rand_write,1,results\external_ssd\sustained_rand_write_120s_qd16_repeat3\sustained_rand_write_120s_qd16_repeat3_run1.json
94065.0,94.065,148.43359375,37999.0,,sustained_rand_write_120s_qd16_repeat3,rand_write,1,results\external_ssd\sustained_rand_write_120s_qd16_repeat3\sustained_rand_write_120s_qd16_repeat3_run1.json
95000.0,95.0,,,213.897,sustained_rand_write_120s_qd16_repeat3,rand_write,1,results\external_ssd\sustained_rand_write_120s_qd16_repeat3\sustained_rand_write_120s_qd16_repeat3_run1.json
95065.0,95.065,154.234375,39484.0,,sustained_rand_write_120s_qd16_repeat3,rand_write,1,results\external_ssd\sustained_rand_write_120s_qd16_repeat3\sustained_rand_write_120s_qd16_repeat3_run1.json
96000.0,96.0,,,216.472,sustained_rand_write_120s_qd16_repeat3,rand_write,1,results\external_ssd\sustained_rand_write_120s_qd16_repeat3\sustained_rand_write_120s_qd16_repeat3_run1.json
96066.0,96.066,153.69921875,39347.0,,sustained_rand_write_120s_qd16_repeat3,rand_write,1,results\external_ssd\sustained_rand_write_120s_qd16_repeat3\sustained_rand_write_120s_qd16_repeat3_run1.json
97000.0,97.0,,,188.123,sustained_rand_write_120s_qd16_repeat3,rand_write,1,results\external_ssd\sustained_rand_write_120s_qd16_repeat3\sustained_rand_write_120s_qd16_repeat3_run1.json
97066.0,97.066,174.8984375,44774.0,,sustained_rand_write_120s_qd16_repeat3,rand_write,1,results\external_ssd\sustained_rand_write_120s_qd16_repeat3\sustained_rand_write_120s_qd16_repeat3_run1.json
98000.0,98.0,,,174.705,sustained_rand_write_120s_qd16_repeat3,rand_write,1,results\external_ssd\sustained_rand_write_120s_qd16_repeat3\sustained_rand_write_120s_qd16_repeat3_run1.json
98067.0,98.067,189.04296875,48395.0,,sustained_rand_write_120s_qd16_repeat3,rand_write,1,results\external_ssd\sustained_rand_write_120s_qd16_repeat3\sustained_rand_write_120s_qd16_repeat3_run1.json
99000.0,99.0,,,187.049,sustained_rand_write_120s_qd16_repeat3,rand_write,1,results\external_ssd\sustained_rand_write_120s_qd16_repeat3\sustained_rand_write_120s_qd16_repeat3_run1.json
99067.0,99.067,176.2890625,45130.0,,sustained_rand_write_120s_qd16_repeat3,rand_write,1,results\external_ssd\sustained_rand_write_120s_qd16_repeat3\sustained_rand_write_120s_qd16_repeat3_run1.json
100000.0,100.0,,,192.013,sustained_rand_write_120s_qd16_repeat3,rand_write,1,results\external_ssd\sustained_rand_write_120s_qd16_repeat3\sustained_rand_write_120s_qd16_repeat3_run1.json
100068.0,100.068,170.10546875,43547.0,,sustained_rand_write_120s_qd16_repeat3,rand_write,1,results\external_ssd\sustained_rand_write_120s_qd16_repeat3\sustained_rand_write_120s_qd16_repeat3_run1.json
101000.0,101.0,,,213.526,sustained_rand_write_120s_qd16_repeat3,rand_write,1,results\external_ssd\sustained_rand_write_120s_qd16_repeat3\sustained_rand_write_120s_qd16_repeat3_run1.json
101069.0,101.069,155.3359375,39766.0,,sustained_rand_write_120s_qd16_repeat3,rand_write,1,results\external_ssd\sustained_rand_write_120s_qd16_repeat3\sustained_rand_write_120s_qd16_repeat3_run1.json
102000.0,102.0,,,222.757,sustained_rand_write_120s_qd16_repeat3,rand_write,1,results\external_ssd\sustained_rand_write_120s_qd16_repeat3\sustained_rand_write_120s_qd16_repeat3_run1.json
102069.0,102.069,147.03515625,37641.0,,sustained_rand_write_120s_qd16_repeat3,rand_write,1,results\external_ssd\sustained_rand_write_120s_qd16_repeat3\sustained_rand_write_120s_qd16_repeat3_run1.json
103000.0,103.0,,,216.871,sustained_rand_write_120s_qd16_repeat3,rand_write,1,results\external_ssd\sustained_rand_write_120s_qd16_repeat3\sustained_rand_write_120s_qd16_repeat3_run1.json
103070.0,103.07,150.94140625,38641.0,,sustained_rand_write_120s_qd16_repeat3,rand_write,1,results\external_ssd\sustained_rand_write_120s_qd16_repeat3\sustained_rand_write_120s_qd16_repeat3_run1.json
104000.0,104.0,,,209.366,sustained_rand_write_120s_qd16_repeat3,rand_write,1,results\external_ssd\sustained_rand_write_120s_qd16_repeat3\sustained_rand_write_120s_qd16_repeat3_run1.json
104070.0,104.07,159.2265625,40762.0,,sustained_rand_write_120s_qd16_repeat3,rand_write,1,results\external_ssd\sustained_rand_write_120s_qd16_repeat3\sustained_rand_write_120s_qd16_repeat3_run1.json
105000.0,105.0,,,189.735,sustained_rand_write_120s_qd16_repeat3,rand_write,1,results\external_ssd\sustained_rand_write_120s_qd16_repeat3\sustained_rand_write_120s_qd16_repeat3_run1.json
105071.0,105.071,174.171875,44588.0,,sustained_rand_write_120s_qd16_repeat3,rand_write,1,results\external_ssd\sustained_rand_write_120s_qd16_repeat3\sustained_rand_write_120s_qd16_repeat3_run1.json
106000.0,106.0,,,192.936,sustained_rand_write_120s_qd16_repeat3,rand_write,1,results\external_ssd\sustained_rand_write_120s_qd16_repeat3\sustained_rand_write_120s_qd16_repeat3_run1.json
106071.0,106.071,170.046875,43532.0,,sustained_rand_write_120s_qd16_repeat3,rand_write,1,results\external_ssd\sustained_rand_write_120s_qd16_repeat3\sustained_rand_write_120s_qd16_repeat3_run1.json
107000.0,107.0,,,184.494,sustained_rand_write_120s_qd16_repeat3,rand_write,1,results\external_ssd\sustained_rand_write_120s_qd16_repeat3\sustained_rand_write_120s_qd16_repeat3_run1.json
107072.0,107.072,178.48828125,45693.0,,sustained_rand_write_120s_qd16_repeat3,rand_write,1,results\external_ssd\sustained_rand_write_120s_qd16_repeat3\sustained_rand_write_120s_qd16_repeat3_run1.json
108000.0,108.0,,,178.97,sustained_rand_write_120s_qd16_repeat3,rand_write,1,results\external_ssd\sustained_rand_write_120s_qd16_repeat3\sustained_rand_write_120s_qd16_repeat3_run1.json
108072.0,108.072,182.5546875,46734.0,,sustained_rand_write_120s_qd16_repeat3,rand_write,1,results\external_ssd\sustained_rand_write_120s_qd16_repeat3\sustained_rand_write_120s_qd16_repeat3_run1.json
109000.0,109.0,,,193.202,sustained_rand_write_120s_qd16_repeat3,rand_write,1,results\external_ssd\sustained_rand_write_120s_qd16_repeat3\sustained_rand_write_120s_qd16_repeat3_run1.json
109073.0,109.073,169.2421875,43326.0,,sustained_rand_write_120s_qd16_repeat3,rand_write,1,results\external_ssd\sustained_rand_write_120s_qd16_repeat3\sustained_rand_write_120s_qd16_repeat3_run1.json
110000.0,110.0,,,185.406,sustained_rand_write_120s_qd16_repeat3,rand_write,1,results\external_ssd\sustained_rand_write_120s_qd16_repeat3\sustained_rand_write_120s_qd16_repeat3_run1.json
110073.0,110.073,178.2265625,45626.0,,sustained_rand_write_120s_qd16_repeat3,rand_write,1,results\external_ssd\sustained_rand_write_120s_qd16_repeat3\sustained_rand_write_120s_qd16_repeat3_run1.json
111000.0,111.0,,,187.308,sustained_rand_write_120s_qd16_repeat3,rand_write,1,results\external_ssd\sustained_rand_write_120s_qd16_repeat3\sustained_rand_write_120s_qd16_repeat3_run1.json
111074.0,111.074,174.99609375,44799.0,,sustained_rand_write_120s_qd16_repeat3,rand_write,1,results\external_ssd\sustained_rand_write_120s_qd16_repeat3\sustained_rand_write_120s_qd16_repeat3_run1.json
112000.0,112.0,,,200.429,sustained_rand_write_120s_qd16_repeat3,rand_write,1,results\external_ssd\sustained_rand_write_120s_qd16_repeat3\sustained_rand_write_120s_qd16_repeat3_run1.json
112075.0,112.075,162.421875,41580.0,,sustained_rand_write_120s_qd16_repeat3,rand_write,1,results\external_ssd\sustained_rand_write_120s_qd16_repeat3\sustained_rand_write_120s_qd16_repeat3_run1.json
113000.0,113.0,,,220.079,sustained_rand_write_120s_qd16_repeat3,rand_write,1,results\external_ssd\sustained_rand_write_120s_qd16_repeat3\sustained_rand_write_120s_qd16_repeat3_run1.json
113075.0,113.075,150.78515625,38601.0,,sustained_rand_write_120s_qd16_repeat3,rand_write,1,results\external_ssd\sustained_rand_write_120s_qd16_repeat3\sustained_rand_write_120s_qd16_repeat3_run1.json
114000.0,114.0,,,212.823,sustained_rand_write_120s_qd16_repeat3,rand_write,1,results\external_ssd\sustained_rand_write_120s_qd16_repeat3\sustained_rand_write_120s_qd16_repeat3_run1.json
114076.0,114.076,153.0263671875,39174.0,,sustained_rand_write_120s_qd16_repeat3,rand_write,1,results\external_ssd\sustained_rand_write_120s_qd16_repeat3\sustained_rand_write_120s_qd16_repeat3_run1.json
115000.0,115.0,,,226.198,sustained_rand_write_120s_qd16_repeat3,rand_write,1,results\external_ssd\sustained_rand_write_120s_qd16_repeat3\sustained_rand_write_120s_qd16_repeat3_run1.json
115077.0,115.077,145.68359375,37295.0,,sustained_rand_write_120s_qd16_repeat3,rand_write,1,results\external_ssd\sustained_rand_write_120s_qd16_repeat3\sustained_rand_write_120s_qd16_repeat3_run1.json
116000.0,116.0,,,211.734,sustained_rand_write_120s_qd16_repeat3,rand_write,1,results\external_ssd\sustained_rand_write_120s_qd16_repeat3\sustained_rand_write_120s_qd16_repeat3_run1.json
116077.0,116.077,158.546875,40588.0,,sustained_rand_write_120s_qd16_repeat3,rand_write,1,results\external_ssd\sustained_rand_write_120s_qd16_repeat3\sustained_rand_write_120s_qd16_repeat3_run1.json
117000.0,117.0,,,195.12,sustained_rand_write_120s_qd16_repeat3,rand_write,1,results\external_ssd\sustained_rand_write_120s_qd16_repeat3\sustained_rand_write_120s_qd16_repeat3_run1.json
117078.0,117.078,168.3310546875,43092.0,,sustained_rand_write_120s_qd16_repeat3,rand_write,1,results\external_ssd\sustained_rand_write_120s_qd16_repeat3\sustained_rand_write_120s_qd16_repeat3_run1.json
118000.0,118.0,,,171.595,sustained_rand_write_120s_qd16_repeat3,rand_write,1,results\external_ssd\sustained_rand_write_120s_qd16_repeat3\sustained_rand_write_120s_qd16_repeat3_run1.json
118079.0,118.079,190.96484375,48887.0,,sustained_rand_write_120s_qd16_repeat3,rand_write,1,results\external_ssd\sustained_rand_write_120s_qd16_repeat3\sustained_rand_write_120s_qd16_repeat3_run1.json
119000.0,119.0,,,190.24,sustained_rand_write_120s_qd16_repeat3,rand_write,1,results\external_ssd\sustained_rand_write_120s_qd16_repeat3\sustained_rand_write_120s_qd16_repeat3_run1.json
119080.0,119.08,172.0849609375,44053.0,,sustained_rand_write_120s_qd16_repeat3,rand_write,1,results\external_ssd\sustained_rand_write_120s_qd16_repeat3\sustained_rand_write_120s_qd16_repeat3_run1.json
120000.0,120.0,,,194.39,sustained_rand_write_120s_qd16_repeat3,rand_write,1,results\external_ssd\sustained_rand_write_120s_qd16_repeat3\sustained_rand_write_120s_qd16_repeat3_run1.json
120000.0,120.0,,,160.997,sustained_rand_write_120s_qd16_repeat3,rand_write,1,results\external_ssd\sustained_rand_write_120s_qd16_repeat3\sustained_rand_write_120s_qd16_repeat3_run1.json
120081.0,120.081,156.16015625,39977.0,,sustained_rand_write_120s_qd16_repeat3,rand_write,1,results\external_ssd\sustained_rand_write_120s_qd16_repeat3\sustained_rand_write_120s_qd16_repeat3_run1.json
1000.0,1.0,,,223.075,sustained_rand_write_120s_qd16_repeat3,rand_write,2,results\external_ssd\sustained_rand_write_120s_qd16_repeat3\sustained_rand_write_120s_qd16_repeat3_run2.json
1002.0,1.002,145.8759765625,37344.0,,sustained_rand_write_120s_qd16_repeat3,rand_write,2,results\external_ssd\sustained_rand_write_120s_qd16_repeat3\sustained_rand_write_120s_qd16_repeat3_run2.json
2000.0,2.0,,,221.387,sustained_rand_write_120s_qd16_repeat3,rand_write,2,results\external_ssd\sustained_rand_write_120s_qd16_repeat3\sustained_rand_write_120s_qd16_repeat3_run2.json
2002.0,2.002,147.90234375,37863.0,,sustained_rand_write_120s_qd16_repeat3,rand_write,2,results\external_ssd\sustained_rand_write_120s_qd16_repeat3\sustained_rand_write_120s_qd16_repeat3_run2.json
3000.0,3.0,,,214.345,sustained_rand_write_120s_qd16_repeat3,rand_write,2,results\external_ssd\sustained_rand_write_120s_qd16_repeat3\sustained_rand_write_120s_qd16_repeat3_run2.json
3009.0,3.009,153.8037109375,39373.0,,sustained_rand_write_120s_qd16_repeat3,rand_write,2,results\external_ssd\sustained_rand_write_120s_qd16_repeat3\sustained_rand_write_120s_qd16_repeat3_run2.json
4000.0,4.0,,,186.507,sustained_rand_write_120s_qd16_repeat3,rand_write,2,results\external_ssd\sustained_rand_write_120s_qd16_repeat3\sustained_rand_write_120s_qd16_repeat3_run2.json
4010.0,4.01,177.52734375,45447.0,,sustained_rand_write_120s_qd16_repeat3,rand_write,2,results\external_ssd\sustained_rand_write_120s_qd16_repeat3\sustained_rand_write_120s_qd16_repeat3_run2.json
5000.0,5.0,,,180.021,sustained_rand_write_120s_qd16_repeat3,rand_write,2,results\external_ssd\sustained_rand_write_120s_qd16_repeat3\sustained_rand_write_120s_qd16_repeat3_run2.json
5010.0,5.01,182.828125,46804.0,,sustained_rand_write_120s_qd16_repeat3,rand_write,2,results\external_ssd\sustained_rand_write_120s_qd16_repeat3\sustained_rand_write_120s_qd16_repeat3_run2.json
6000.0,6.0,,,180.353,sustained_rand_write_120s_qd16_repeat3,rand_write,2,results\external_ssd\sustained_rand_write_120s_qd16_repeat3\sustained_rand_write_120s_qd16_repeat3_run2.json
6009.0,6.009,182.810546875,46799.0,,sustained_rand_write_120s_qd16_repeat3,rand_write,2,results\external_ssd\sustained_rand_write_120s_qd16_repeat3\sustained_rand_write_120s_qd16_repeat3_run2.json
7000.0,7.0,,,179.809,sustained_rand_write_120s_qd16_repeat3,rand_write,2,results\external_ssd\sustained_rand_write_120s_qd16_repeat3\sustained_rand_write_120s_qd16_repeat3_run2.json
7008.0,7.008,183.4990234375,46975.0,,sustained_rand_write_120s_qd16_repeat3,rand_write,2,results\external_ssd\sustained_rand_write_120s_qd16_repeat3\sustained_rand_write_120s_qd16_repeat3_run2.json
8000.0,8.0,,,214.464,sustained_rand_write_120s_qd16_repeat3,rand_write,2,results\external_ssd\sustained_rand_write_120s_qd16_repeat3\sustained_rand_write_120s_qd16_repeat3_run2.json
8006.0,8.006,153.1025390625,39194.0,,sustained_rand_write_120s_qd16_repeat3,rand_write,2,results\external_ssd\sustained_rand_write_120s_qd16_repeat3\sustained_rand_write_120s_qd16_repeat3_run2.json
9000.0,9.0,,,219.665,sustained_rand_write_120s_qd16_repeat3,rand_write,2,results\external_ssd\sustained_rand_write_120s_qd16_repeat3\sustained_rand_write_120s_qd16_repeat3_run2.json
9009.0,9.009,149.345703125,38232.0,,sustained_rand_write_120s_qd16_repeat3,rand_write,2,results\external_ssd\sustained_rand_write_120s_qd16_repeat3\sustained_rand_write_120s_qd16_repeat3_run2.json
10000.0,10.0,,,217.806,sustained_rand_write_120s_qd16_repeat3,rand_write,2,results\external_ssd\sustained_rand_write_120s_qd16_repeat3\sustained_rand_write_120s_qd16_repeat3_run2.json
10009.0,10.009,151.93359375,38895.0,,sustained_rand_write_120s_qd16_repeat3,rand_write,2,results\external_ssd\sustained_rand_write_120s_qd16_repeat3\sustained_rand_write_120s_qd16_repeat3_run2.json
11000.0,11.0,,,225.194,sustained_rand_write_120s_qd16_repeat3,rand_write,2,results\external_ssd\sustained_rand_write_120s_qd16_repeat3\sustained_rand_write_120s_qd16_repeat3_run2.json
11009.0,11.009,145.6728515625,37292.0,,sustained_rand_write_120s_qd16_repeat3,rand_write,2,results\external_ssd\sustained_rand_write_120s_qd16_repeat3\sustained_rand_write_120s_qd16_repeat3_run2.json
12000.0,12.0,,,228.036,sustained_rand_write_120s_qd16_repeat3,rand_write,2,results\external_ssd\sustained_rand_write_120s_qd16_repeat3\sustained_rand_write_120s_qd16_repeat3_run2.json
12008.0,12.008,143.658203125,36776.0,,sustained_rand_write_120s_qd16_repeat3,rand_write,2,results\external_ssd\sustained_rand_write_120s_qd16_repeat3\sustained_rand_write_120s_qd16_repeat3_run2.json
13000.0,13.0,,,222.571,sustained_rand_write_120s_qd16_repeat3,rand_write,2,results\external_ssd\sustained_rand_write_120s_qd16_repeat3\sustained_rand_write_120s_qd16_repeat3_run2.json
13011.0,13.011,148.34375,37976.0,,sustained_rand_write_120s_qd16_repeat3,rand_write,2,results\external_ssd\sustained_rand_write_120s_qd16_repeat3\sustained_rand_write_120s_qd16_repeat3_run2.json
14000.0,14.0,,,217.866,sustained_rand_write_120s_qd16_repeat3,rand_write,2,results\external_ssd\sustained_rand_write_120s_qd16_repeat3\sustained_rand_write_120s_qd16_repeat3_run2.json
14009.0,14.009,151.755859375,38849.0,,sustained_rand_write_120s_qd16_repeat3,rand_write,2,results\external_ssd\sustained_rand_write_120s_qd16_repeat3\sustained_rand_write_120s_qd16_repeat3_run2.json
15000.0,15.0,,,211.502,sustained_rand_write_120s_qd16_repeat3,rand_write,2,results\external_ssd\sustained_rand_write_120s_qd16_repeat3\sustained_rand_write_120s_qd16_repeat3_run2.json
15010.0,15.01,157.16796875,40235.0,,sustained_rand_write_120s_qd16_repeat3,rand_write,2,results\external_ssd\sustained_rand_write_120s_qd16_repeat3\sustained_rand_write_120s_qd16_repeat3_run2.json
16000.0,16.0,,,192.022,sustained_rand_write_120s_qd16_repeat3,rand_write,2,results\external_ssd\sustained_rand_write_120s_qd16_repeat3\sustained_rand_write_120s_qd16_repeat3_run2.json
16010.0,16.01,171.14453125,43813.0,,sustained_rand_write_120s_qd16_repeat3,rand_write,2,results\external_ssd\sustained_rand_write_120s_qd16_repeat3\sustained_rand_write_120s_qd16_repeat3_run2.json
17000.0,17.0,,,186.862,sustained_rand_write_120s_qd16_repeat3,rand_write,2,results\external_ssd\sustained_rand_write_120s_qd16_repeat3\sustained_rand_write_120s_qd16_repeat3_run2.json
17010.0,17.01,176.65625,45224.0,,sustained_rand_write_120s_qd16_repeat3,rand_write,2,results\external_ssd\sustained_rand_write_120s_qd16_repeat3\sustained_rand_write_120s_qd16_repeat3_run2.json
18000.0,18.0,,,178.88,sustained_rand_write_120s_qd16_repeat3,rand_write,2,results\external_ssd\sustained_rand_write_120s_qd16_repeat3\sustained_rand_write_120s_qd16_repeat3_run2.json
18011.0,18.011,185.2734375,47430.0,,sustained_rand_write_120s_qd16_repeat3,rand_write,2,results\external_ssd\sustained_rand_write_120s_qd16_repeat3\sustained_rand_write_120s_qd16_repeat3_run2.json
19000.0,19.0,,,181.077,sustained_rand_write_120s_qd16_repeat3,rand_write,2,results\external_ssd\sustained_rand_write_120s_qd16_repeat3\sustained_rand_write_120s_qd16_repeat3_run2.json
19012.0,19.012,181.09375,46360.0,,sustained_rand_write_120s_qd16_repeat3,rand_write,2,results\external_ssd\sustained_rand_write_120s_qd16_repeat3\sustained_rand_write_120s_qd16_repeat3_run2.json
20000.0,20.0,,,200.99,sustained_rand_write_120s_qd16_repeat3,rand_write,2,results\external_ssd\sustained_rand_write_120s_qd16_repeat3\sustained_rand_write_120s_qd16_repeat3_run2.json
20013.0,20.013,163.640625,41892.0,,sustained_rand_write_120s_qd16_repeat3,rand_write,2,results\external_ssd\sustained_rand_write_120s_qd16_repeat3\sustained_rand_write_120s_qd16_repeat3_run2.json
21000.0,21.0,,,219.608,sustained_rand_write_120s_qd16_repeat3,rand_write,2,results\external_ssd\sustained_rand_write_120s_qd16_repeat3\sustained_rand_write_120s_qd16_repeat3_run2.json
21013.0,21.013,150.37109375,38495.0,,sustained_rand_write_120s_qd16_repeat3,rand_write,2,results\external_ssd\sustained_rand_write_120s_qd16_repeat3\sustained_rand_write_120s_qd16_repeat3_run2.json
22000.0,22.0,,,209.736,sustained_rand_write_120s_qd16_repeat3,rand_write,2,results\external_ssd\sustained_rand_write_120s_qd16_repeat3\sustained_rand_write_120s_qd16_repeat3_run2.json
22014.0,22.014,157.6171875,40356.0,,sustained_rand_write_120s_qd16_repeat3,rand_write,2,results\external_ssd\sustained_rand_write_120s_qd16_repeat3\sustained_rand_write_120s_qd16_repeat3_run2.json
23000.0,23.0,,,218.178,sustained_rand_write_120s_qd16_repeat3,rand_write,2,results\external_ssd\sustained_rand_write_120s_qd16_repeat3\sustained_rand_write_120s_qd16_repeat3_run2.json
23014.0,23.014,150.4375,38512.0,,sustained_rand_write_120s_qd16_repeat3,rand_write,2,results\external_ssd\sustained_rand_write_120s_qd16_repeat3\sustained_rand_write_120s_qd16_repeat3_run2.json
24000.0,24.0,,,191.175,sustained_rand_write_120s_qd16_repeat3,rand_write,2,results\external_ssd\sustained_rand_write_120s_qd16_repeat3\sustained_rand_write_120s_qd16_repeat3_run2.json
24016.0,24.016,174.1845703125,44591.0,,sustained_rand_write_120s_qd16_repeat3,rand_write,2,results\external_ssd\sustained_rand_write_120s_qd16_repeat3\sustained_rand_write_120s_qd16_repeat3_run2.json
25000.0,25.0,,,175.075,sustained_rand_write_120s_qd16_repeat3,rand_write,2,results\external_ssd\sustained_rand_write_120s_qd16_repeat3\sustained_rand_write_120s_qd16_repeat3_run2.json
25017.0,25.017,188.0029296875,48128.0,,sustained_rand_write_120s_qd16_repeat3,rand_write,2,results\external_ssd\sustained_rand_write_120s_qd16_repeat3\sustained_rand_write_120s_qd16_repeat3_run2.json
26000.0,26.0,,,185.821,sustained_rand_write_120s_qd16_repeat3,rand_write,2,results\external_ssd\sustained_rand_write_120s_qd16_repeat3\sustained_rand_write_120s_qd16_repeat3_run2.json
26017.0,26.017,176.39453125,45157.0,,sustained_rand_write_120s_qd16_repeat3,rand_write,2,results\external_ssd\sustained_rand_write_120s_qd16_repeat3\sustained_rand_write_120s_qd16_repeat3_run2.json
27000.0,27.0,,,180.821,sustained_rand_write_120s_qd16_repeat3,rand_write,2,results\external_ssd\sustained_rand_write_120s_qd16_repeat3\sustained_rand_write_120s_qd16_repeat3_run2.json
27018.0,27.018,180.5498046875,46220.0,,sustained_rand_write_120s_qd16_repeat3,rand_write,2,results\external_ssd\sustained_rand_write_120s_qd16_repeat3\sustained_rand_write_120s_qd16_repeat3_run2.json
28000.0,28.0,,,217.236,sustained_rand_write_120s_qd16_repeat3,rand_write,2,results\external_ssd\sustained_rand_write_120s_qd16_repeat3\sustained_rand_write_120s_qd16_repeat3_run2.json
28019.0,28.019,150.74609375,38591.0,,sustained_rand_write_120s_qd16_repeat3,rand_write,2,results\external_ssd\sustained_rand_write_120s_qd16_repeat3\sustained_rand_write_120s_qd16_repeat3_run2.json
29000.0,29.0,,,221.061,sustained_rand_write_120s_qd16_repeat3,rand_write,2,results\external_ssd\sustained_rand_write_120s_qd16_repeat3\sustained_rand_write_120s_qd16_repeat3_run2.json
29019.0,29.019,149.26953125,38213.0,,sustained_rand_write_120s_qd16_repeat3,rand_write,2,results\external_ssd\sustained_rand_write_120s_qd16_repeat3\sustained_rand_write_120s_qd16_repeat3_run2.json
30000.0,30.0,,,223.438,sustained_rand_write_120s_qd16_repeat3,rand_write,2,results\external_ssd\sustained_rand_write_120s_qd16_repeat3\sustained_rand_write_120s_qd16_repeat3_run2.json
30019.0,30.019,145.40625,37224.0,,sustained_rand_write_120s_qd16_repeat3,rand_write,2,results\external_ssd\sustained_rand_write_120s_qd16_repeat3\sustained_rand_write_120s_qd16_repeat3_run2.json
31000.0,31.0,,,224.268,sustained_rand_write_120s_qd16_repeat3,rand_write,2,results\external_ssd\sustained_rand_write_120s_qd16_repeat3\sustained_rand_write_120s_qd16_repeat3_run2.json
31020.0,31.02,147.734375,37820.0,,sustained_rand_write_120s_qd16_repeat3,rand_write,2,results\external_ssd\sustained_rand_write_120s_qd16_repeat3\sustained_rand_write_120s_qd16_repeat3_run2.json
32000.0,32.0,,,182.317,sustained_rand_write_120s_qd16_repeat3,rand_write,2,results\external_ssd\sustained_rand_write_120s_qd16_repeat3\sustained_rand_write_120s_qd16_repeat3_run2.json
32021.0,32.021,181.017578125,46340.0,,sustained_rand_write_120s_qd16_repeat3,rand_write,2,results\external_ssd\sustained_rand_write_120s_qd16_repeat3\sustained_rand_write_120s_qd16_repeat3_run2.json
33000.0,33.0,,,197.934,sustained_rand_write_120s_qd16_repeat3,rand_write,2,results\external_ssd\sustained_rand_write_120s_qd16_repeat3\sustained_rand_write_120s_qd16_repeat3_run2.json
33022.0,33.022,166.2548828125,42561.0,,sustained_rand_write_120s_qd16_repeat3,rand_write,2,results\external_ssd\sustained_rand_write_120s_qd16_repeat3\sustained_rand_write_120s_qd16_repeat3_run2.json
34000.0,34.0,,,194.199,sustained_rand_write_120s_qd16_repeat3,rand_write,2,results\external_ssd\sustained_rand_write_120s_qd16_repeat3\sustained_rand_write_120s_qd16_repeat3_run2.json
34023.0,34.023,168.48828125,43133.0,,sustained_rand_write_120s_qd16_repeat3,rand_write,2,results\external_ssd\sustained_rand_write_120s_qd16_repeat3\sustained_rand_write_120s_qd16_repeat3_run2.json
35000.0,35.0,,,182.614,sustained_rand_write_120s_qd16_repeat3,rand_write,2,results\external_ssd\sustained_rand_write_120s_qd16_repeat3\sustained_rand_write_120s_qd16_repeat3_run2.json
35023.0,35.023,181.6796875,46510.0,,sustained_rand_write_120s_qd16_repeat3,rand_write,2,results\external_ssd\sustained_rand_write_120s_qd16_repeat3\sustained_rand_write_120s_qd16_repeat3_run2.json
36000.0,36.0,,,203.971,sustained_rand_write_120s_qd16_repeat3,rand_write,2,results\external_ssd\sustained_rand_write_120s_qd16_repeat3\sustained_rand_write_120s_qd16_repeat3_run2.json
36023.0,36.023,159.95703125,40949.0,,sustained_rand_write_120s_qd16_repeat3,rand_write,2,results\external_ssd\sustained_rand_write_120s_qd16_repeat3\sustained_rand_write_120s_qd16_repeat3_run2.json
37000.0,37.0,,,215.704,sustained_rand_write_120s_qd16_repeat3,rand_write,2,results\external_ssd\sustained_rand_write_120s_qd16_repeat3\sustained_rand_write_120s_qd16_repeat3_run2.json
37025.0,37.025,152.3359375,38998.0,,sustained_rand_write_120s_qd16_repeat3,rand_write,2,results\external_ssd\sustained_rand_write_120s_qd16_repeat3\sustained_rand_write_120s_qd16_repeat3_run2.json
38000.0,38.0,,,214.759,sustained_rand_write_120s_qd16_repeat3,rand_write,2,results\external_ssd\sustained_rand_write_120s_qd16_repeat3\sustained_rand_write_120s_qd16_repeat3_run2.json
38026.0,38.026,154.052734375,39437.0,,sustained_rand_write_120s_qd16_repeat3,rand_write,2,results\external_ssd\sustained_rand_write_120s_qd16_repeat3\sustained_rand_write_120s_qd16_repeat3_run2.json
39000.0,39.0,,,213.813,sustained_rand_write_120s_qd16_repeat3,rand_write,2,results\external_ssd\sustained_rand_write_120s_qd16_repeat3\sustained_rand_write_120s_qd16_repeat3_run2.json
39027.0,39.027,153.552734375,39309.0,,sustained_rand_write_120s_qd16_repeat3,rand_write,2,results\external_ssd\sustained_rand_write_120s_qd16_repeat3\sustained_rand_write_120s_qd16_repeat3_run2.json
40000.0,40.0,,,196.789,sustained_rand_write_120s_qd16_repeat3,rand_write,2,results\external_ssd\sustained_rand_write_120s_qd16_repeat3\sustained_rand_write_120s_qd16_repeat3_run2.json
40028.0,40.028,167.9375,42992.0,,sustained_rand_write_120s_qd16_repeat3,rand_write,2,results\external_ssd\sustained_rand_write_120s_qd16_repeat3\sustained_rand_write_120s_qd16_repeat3_run2.json
41000.0,41.0,,,183.217,sustained_rand_write_120s_qd16_repeat3,rand_write,2,results\external_ssd\sustained_rand_write_120s_qd16_repeat3\sustained_rand_write_120s_qd16_repeat3_run2.json
41029.0,41.029,179.90234375,46055.0,,sustained_rand_write_120s_qd16_repeat3,rand_write,2,results\external_ssd\sustained_rand_write_120s_qd16_repeat3\sustained_rand_write_120s_qd16_repeat3_run2.json
42000.0,42.0,,,170.291,sustained_rand_write_120s_qd16_repeat3,rand_write,2,results\external_ssd\sustained_rand_write_120s_qd16_repeat3\sustained_rand_write_120s_qd16_repeat3_run2.json
42029.0,42.029,193.61328125,49565.0,,sustained_rand_write_120s_qd16_repeat3,rand_write,2,results\external_ssd\sustained_rand_write_120s_qd16_repeat3\sustained_rand_write_120s_qd16_repeat3_run2.json
43000.0,43.0,,,190.631,sustained_rand_write_120s_qd16_repeat3,rand_write,2,results\external_ssd\sustained_rand_write_120s_qd16_repeat3\sustained_rand_write_120s_qd16_repeat3_run2.json
43030.0,43.03,171.9296875,44014.0,,sustained_rand_write_120s_qd16_repeat3,rand_write,2,results\external_ssd\sustained_rand_write_120s_qd16_repeat3\sustained_rand_write_120s_qd16_repeat3_run2.json
44000.0,44.0,,,180.605,sustained_rand_write_120s_qd16_repeat3,rand_write,2,results\external_ssd\sustained_rand_write_120s_qd16_repeat3\sustained_rand_write_120s_qd16_repeat3_run2.json
44030.0,44.03,182.046875,46604.0,,sustained_rand_write_120s_qd16_repeat3,rand_write,2,results\external_ssd\sustained_rand_write_120s_qd16_repeat3\sustained_rand_write_120s_qd16_repeat3_run2.json
45000.0,45.0,,,179.384,sustained_rand_write_120s_qd16_repeat3,rand_write,2,results\external_ssd\sustained_rand_write_120s_qd16_repeat3\sustained_rand_write_120s_qd16_repeat3_run2.json
45031.0,45.031,185.8046875,47566.0,,sustained_rand_write_120s_qd16_repeat3,rand_write,2,results\external_ssd\sustained_rand_write_120s_qd16_repeat3\sustained_rand_write_120s_qd16_repeat3_run2.json
46000.0,46.0,,,181.048,sustained_rand_write_120s_qd16_repeat3,rand_write,2,results\external_ssd\sustained_rand_write_120s_qd16_repeat3\sustained_rand_write_120s_qd16_repeat3_run2.json
46032.0,46.032,181.015625,46340.0,,sustained_rand_write_120s_qd16_repeat3,rand_write,2,results\external_ssd\sustained_rand_write_120s_qd16_repeat3\sustained_rand_write_120s_qd16_repeat3_run2.json
47000.0,47.0,,,188.317,sustained_rand_write_120s_qd16_repeat3,rand_write,2,results\external_ssd\sustained_rand_write_120s_qd16_repeat3\sustained_rand_write_120s_qd16_repeat3_run2.json
47032.0,47.032,173.9921875,44542.0,,sustained_rand_write_120s_qd16_repeat3,rand_write,2,results\external_ssd\sustained_rand_write_120s_qd16_repeat3\sustained_rand_write_120s_qd16_repeat3_run2.json
48000.0,48.0,,,185.97,sustained_rand_write_120s_qd16_repeat3,rand_write,2,results\external_ssd\sustained_rand_write_120s_qd16_repeat3\sustained_rand_write_120s_qd16_repeat3_run2.json
48033.0,48.033,178.00390625,45569.0,,sustained_rand_write_120s_qd16_repeat3,rand_write,2,results\external_ssd\sustained_rand_write_120s_qd16_repeat3\sustained_rand_write_120s_qd16_repeat3_run2.json
49000.0,49.0,,,177.782,sustained_rand_write_120s_qd16_repeat3,rand_write,2,results\external_ssd\sustained_rand_write_120s_qd16_repeat3\sustained_rand_write_120s_qd16_repeat3_run2.json
49033.0,49.033,183.90625,47080.0,,sustained_rand_write_120s_qd16_repeat3,rand_write,2,results\external_ssd\sustained_rand_write_120s_qd16_repeat3\sustained_rand_write_120s_qd16_repeat3_run2.json
50000.0,50.0,,,186.34,sustained_rand_write_120s_qd16_repeat3,rand_write,2,results\external_ssd\sustained_rand_write_120s_qd16_repeat3\sustained_rand_write_120s_qd16_repeat3_run2.json
50034.0,50.034,176.994140625,45310.0,,sustained_rand_write_120s_qd16_repeat3,rand_write,2,results\external_ssd\sustained_rand_write_120s_qd16_repeat3\sustained_rand_write_120s_qd16_repeat3_run2.json
51000.0,51.0,,,192.506,sustained_rand_write_120s_qd16_repeat3,rand_write,2,results\external_ssd\sustained_rand_write_120s_qd16_repeat3\sustained_rand_write_120s_qd16_repeat3_run2.json
51035.0,51.035,170.83203125,43733.0,,sustained_rand_write_120s_qd16_repeat3,rand_write,2,results\external_ssd\sustained_rand_write_120s_qd16_repeat3\sustained_rand_write_120s_qd16_repeat3_run2.json
52000.0,52.0,,,204.884,sustained_rand_write_120s_qd16_repeat3,rand_write,2,results\external_ssd\sustained_rand_write_120s_qd16_repeat3\sustained_rand_write_120s_qd16_repeat3_run2.json
52035.0,52.035,158.59375,40600.0,,sustained_rand_write_120s_qd16_repeat3,rand_write,2,results\external_ssd\sustained_rand_write_120s_qd16_repeat3\sustained_rand_write_120s_qd16_repeat3_run2.json
53000.0,53.0,,,220.616,sustained_rand_write_120s_qd16_repeat3,rand_write,2,results\external_ssd\sustained_rand_write_120s_qd16_repeat3\sustained_rand_write_120s_qd16_repeat3_run2.json
53035.0,53.035,149.515625,38276.0,,sustained_rand_write_120s_qd16_repeat3,rand_write,2,results\external_ssd\sustained_rand_write_120s_qd16_repeat3\sustained_rand_write_120s_qd16_repeat3_run2.json
54000.0,54.0,,,226.511,sustained_rand_write_120s_qd16_repeat3,rand_write,2,results\external_ssd\sustained_rand_write_120s_qd16_repeat3\sustained_rand_write_120s_qd16_repeat3_run2.json
54036.0,54.036,144.05859375,36879.0,,sustained_rand_write_120s_qd16_repeat3,rand_write,2,results\external_ssd\sustained_rand_write_120s_qd16_repeat3\sustained_rand_write_120s_qd16_repeat3_run2.json
55000.0,55.0,,,223.221,sustained_rand_write_120s_qd16_repeat3,rand_write,2,results\external_ssd\sustained_rand_write_120s_qd16_repeat3\sustained_rand_write_120s_qd16_repeat3_run2.json
55037.0,55.037,147.6015625,37786.0,,sustained_rand_write_120s_qd16_repeat3,rand_write,2,results\external_ssd\sustained_rand_write_120s_qd16_repeat3\sustained_rand_write_120s_qd16_repeat3_run2.json
56000.0,56.0,,,208.593,sustained_rand_write_120s_qd16_repeat3,rand_write,2,results\external_ssd\sustained_rand_write_120s_qd16_repeat3\sustained_rand_write_120s_qd16_repeat3_run2.json
56038.0,56.038,158.49609375,40575.0,,sustained_rand_write_120s_qd16_repeat3,rand_write,2,results\external_ssd\sustained_rand_write_120s_qd16_repeat3\sustained_rand_write_120s_qd16_repeat3_run2.json
57000.0,57.0,,,185.146,sustained_rand_write_120s_qd16_repeat3,rand_write,2,results\external_ssd\sustained_rand_write_120s_qd16_repeat3\sustained_rand_write_120s_qd16_repeat3_run2.json
57039.0,57.039,178.8515625,45786.0,,sustained_rand_write_120s_qd16_repeat3,rand_write,2,results\external_ssd\sustained_rand_write_120s_qd16_repeat3\sustained_rand_write_120s_qd16_repeat3_run2.json
58000.0,58.0,,,182.959,sustained_rand_write_120s_qd16_repeat3,rand_write,2,results\external_ssd\sustained_rand_write_120s_qd16_repeat3\sustained_rand_write_120s_qd16_repeat3_run2.json
58040.0,58.04,180.943359375,46321.0,,sustained_rand_write_120s_qd16_repeat3,rand_write,2,results\external_ssd\sustained_rand_write_120s_qd16_repeat3\sustained_rand_write_120s_qd16_repeat3_run2.json
59000.0,59.0,,,188.852,sustained_rand_write_120s_qd16_repeat3,rand_write,2,results\external_ssd\sustained_rand_write_120s_qd16_repeat3\sustained_rand_write_120s_qd16_repeat3_run2.json
59041.0,59.041,172.1328125,44066.0,,sustained_rand_write_120s_qd16_repeat3,rand_write,2,results\external_ssd\sustained_rand_write_120s_qd16_repeat3\sustained_rand_write_120s_qd16_repeat3_run2.json
60000.0,60.0,,,213.003,sustained_rand_write_120s_qd16_repeat3,rand_write,2,results\external_ssd\sustained_rand_write_120s_qd16_repeat3\sustained_rand_write_120s_qd16_repeat3_run2.json
60041.0,60.041,152.96484375,39159.0,,sustained_rand_write_120s_qd16_repeat3,rand_write,2,results\external_ssd\sustained_rand_write_120s_qd16_repeat3\sustained_rand_write_120s_qd16_repeat3_run2.json
61000.0,61.0,,,219.382,sustained_rand_write_120s_qd16_repeat3,rand_write,2,results\external_ssd\sustained_rand_write_120s_qd16_repeat3\sustained_rand_write_120s_qd16_repeat3_run2.json
61042.0,61.042,150.0390625,38410.0,,sustained_rand_write_120s_qd16_repeat3,rand_write,2,results\external_ssd\sustained_rand_write_120s_qd16_repeat3\sustained_rand_write_120s_qd16_repeat3_run2.json
62000.0,62.0,,,215.5,sustained_rand_write_120s_qd16_repeat3,rand_write,2,results\external_ssd\sustained_rand_write_120s_qd16_repeat3\sustained_rand_write_120s_qd16_repeat3_run2.json
62042.0,62.042,152.61328125,39069.0,,sustained_rand_write_120s_qd16_repeat3,rand_write,2,results\external_ssd\sustained_rand_write_120s_qd16_repeat3\sustained_rand_write_120s_qd16_repeat3_run2.json
63000.0,63.0,,,224.006,sustained_rand_write_120s_qd16_repeat3,rand_write,2,results\external_ssd\sustained_rand_write_120s_qd16_repeat3\sustained_rand_write_120s_qd16_repeat3_run2.json
63042.0,63.042,146.73828125,37565.0,,sustained_rand_write_120s_qd16_repeat3,rand_write,2,results\external_ssd\sustained_rand_write_120s_qd16_repeat3\sustained_rand_write_120s_qd16_repeat3_run2.json
64000.0,64.0,,,199.738,sustained_rand_write_120s_qd16_repeat3,rand_write,2,results\external_ssd\sustained_rand_write_120s_qd16_repeat3\sustained_rand_write_120s_qd16_repeat3_run2.json
64044.0,64.044,166.6923828125,42673.0,,sustained_rand_write_120s_qd16_repeat3,rand_write,2,results\external_ssd\sustained_rand_write_120s_qd16_repeat3\sustained_rand_write_120s_qd16_repeat3_run2.json
65000.0,65.0,,,176.198,sustained_rand_write_120s_qd16_repeat3,rand_write,2,results\external_ssd\sustained_rand_write_120s_qd16_repeat3\sustained_rand_write_120s_qd16_repeat3_run2.json
65044.0,65.044,185.87109375,47583.0,,sustained_rand_write_120s_qd16_repeat3,rand_write,2,results\external_ssd\sustained_rand_write_120s_qd16_repeat3\sustained_rand_write_120s_qd16_repeat3_run2.json
66000.0,66.0,,,193.93,sustained_rand_write_120s_qd16_repeat3,rand_write,2,results\external_ssd\sustained_rand_write_120s_qd16_repeat3\sustained_rand_write_120s_qd16_repeat3_run2.json
66045.0,66.045,170.0390625,43530.0,,sustained_rand_write_120s_qd16_repeat3,rand_write,2,results\external_ssd\sustained_rand_write_120s_qd16_repeat3\sustained_rand_write_120s_qd16_repeat3_run2.json
67000.0,67.0,,,187.021,sustained_rand_write_120s_qd16_repeat3,rand_write,2,results\external_ssd\sustained_rand_write_120s_qd16_repeat3\sustained_rand_write_120s_qd16_repeat3_run2.json
67045.0,67.045,174.953125,44788.0,,sustained_rand_write_120s_qd16_repeat3,rand_write,2,results\external_ssd\sustained_rand_write_120s_qd16_repeat3\sustained_rand_write_120s_qd16_repeat3_run2.json
68000.0,68.0,,,209.885,sustained_rand_write_120s_qd16_repeat3,rand_write,2,results\external_ssd\sustained_rand_write_120s_qd16_repeat3\sustained_rand_write_120s_qd16_repeat3_run2.json
68046.0,68.046,156.8427734375,40151.0,,sustained_rand_write_120s_qd16_repeat3,rand_write,2,results\external_ssd\sustained_rand_write_120s_qd16_repeat3\sustained_rand_write_120s_qd16_repeat3_run2.json
69000.0,69.0,,,228.032,sustained_rand_write_120s_qd16_repeat3,rand_write,2,results\external_ssd\sustained_rand_write_120s_qd16_repeat3\sustained_rand_write_120s_qd16_repeat3_run2.json
69047.0,69.047,142.828125,36564.0,,sustained_rand_write_120s_qd16_repeat3,rand_write,2,results\external_ssd\sustained_rand_write_120s_qd16_repeat3\sustained_rand_write_120s_qd16_repeat3_run2.json
70000.0,70.0,,,218.122,sustained_rand_write_120s_qd16_repeat3,rand_write,2,results\external_ssd\sustained_rand_write_120s_qd16_repeat3\sustained_rand_write_120s_qd16_repeat3_run2.json
70048.0,70.048,150.78125,38600.0,,sustained_rand_write_120s_qd16_repeat3,rand_write,2,results\external_ssd\sustained_rand_write_120s_qd16_repeat3\sustained_rand_write_120s_qd16_repeat3_run2.json
71000.0,71.0,,,237.259,sustained_rand_write_120s_qd16_repeat3,rand_write,2,results\external_ssd\sustained_rand_write_120s_qd16_repeat3\sustained_rand_write_120s_qd16_repeat3_run2.json
71049.0,71.049,137.5390625,35210.0,,sustained_rand_write_120s_qd16_repeat3,rand_write,2,results\external_ssd\sustained_rand_write_120s_qd16_repeat3\sustained_rand_write_120s_qd16_repeat3_run2.json
72000.0,72.0,,,210.939,sustained_rand_write_120s_qd16_repeat3,rand_write,2,results\external_ssd\sustained_rand_write_120s_qd16_repeat3\sustained_rand_write_120s_qd16_repeat3_run2.json
72050.0,72.05,155.90625,39912.0,,sustained_rand_write_120s_qd16_repeat3,rand_write,2,results\external_ssd\sustained_rand_write_120s_qd16_repeat3\sustained_rand_write_120s_qd16_repeat3_run2.json
73000.0,73.0,,,191.193,sustained_rand_write_120s_qd16_repeat3,rand_write,2,results\external_ssd\sustained_rand_write_120s_qd16_repeat3\sustained_rand_write_120s_qd16_repeat3_run2.json
73051.0,73.051,171.03515625,43785.0,,sustained_rand_write_120s_qd16_repeat3,rand_write,2,results\external_ssd\sustained_rand_write_120s_qd16_repeat3\sustained_rand_write_120s_qd16_repeat3_run2.json
74000.0,74.0,,,188.633,sustained_rand_write_120s_qd16_repeat3,rand_write,2,results\external_ssd\sustained_rand_write_120s_qd16_repeat3\sustained_rand_write_120s_qd16_repeat3_run2.json
74052.0,74.052,175.9912109375,45053.0,,sustained_rand_write_120s_qd16_repeat3,rand_write,2,results\external_ssd\sustained_rand_write_120s_qd16_repeat3\sustained_rand_write_120s_qd16_repeat3_run2.json
75000.0,75.0,,,177.382,sustained_rand_write_120s_qd16_repeat3,rand_write,2,results\external_ssd\sustained_rand_write_120s_qd16_repeat3\sustained_rand_write_120s_qd16_repeat3_run2.json
75053.0,75.053,185.138671875,47395.0,,sustained_rand_write_120s_qd16_repeat3,rand_write,2,results\external_ssd\sustained_rand_write_120s_qd16_repeat3\sustained_rand_write_120s_qd16_repeat3_run2.json
76000.0,76.0,,,211.483,sustained_rand_write_120s_qd16_repeat3,rand_write,2,results\external_ssd\sustained_rand_write_120s_qd16_repeat3\sustained_rand_write_120s_qd16_repeat3_run2.json
76053.0,76.053,153.80078125,39373.0,,sustained_rand_write_120s_qd16_repeat3,rand_write,2,results\external_ssd\sustained_rand_write_120s_qd16_repeat3\sustained_rand_write_120s_qd16_repeat3_run2.json
77000.0,77.0,,,220.128,sustained_rand_write_120s_qd16_repeat3,rand_write,2,results\external_ssd\sustained_rand_write_120s_qd16_repeat3\sustained_rand_write_120s_qd16_repeat3_run2.json
77054.0,77.054,148.6484375,38054.0,,sustained_rand_write_120s_qd16_repeat3,rand_write,2,results\external_ssd\sustained_rand_write_120s_qd16_repeat3\sustained_rand_write_120s_qd16_repeat3_run2.json
78000.0,78.0,,,215.747,sustained_rand_write_120s_qd16_repeat3,rand_write,2,results\external_ssd\sustained_rand_write_120s_qd16_repeat3\sustained_rand_write_120s_qd16_repeat3_run2.json
78055.0,78.055,155.0078125,39682.0,,sustained_rand_write_120s_qd16_repeat3,rand_write,2,results\external_ssd\sustained_rand_write_120s_qd16_repeat3\sustained_rand_write_120s_qd16_repeat3_run2.json
79000.0,79.0,,,221.119,sustained_rand_write_120s_qd16_repeat3,rand_write,2,results\external_ssd\sustained_rand_write_120s_qd16_repeat3\sustained_rand_write_120s_qd16_repeat3_run2.json
79056.0,79.056,147.4384765625,37744.0,,sustained_rand_write_120s_qd16_repeat3,rand_write,2,results\external_ssd\sustained_rand_write_120s_qd16_repeat3\sustained_rand_write_120s_qd16_repeat3_run2.json
80000.0,80.0,,,205.2,sustained_rand_write_120s_qd16_repeat3,rand_write,2,results\external_ssd\sustained_rand_write_120s_qd16_repeat3\sustained_rand_write_120s_qd16_repeat3_run2.json
80057.0,80.057,162.55859375,41615.0,,sustained_rand_write_120s_qd16_repeat3,rand_write,2,results\external_ssd\sustained_rand_write_120s_qd16_repeat3\sustained_rand_write_120s_qd16_repeat3_run2.json
81000.0,81.0,,,183.036,sustained_rand_write_120s_qd16_repeat3,rand_write,2,results\external_ssd\sustained_rand_write_120s_qd16_repeat3\sustained_rand_write_120s_qd16_repeat3_run2.json
81058.0,81.058,178.66796875,45739.0,,sustained_rand_write_120s_qd16_repeat3,rand_write,2,results\external_ssd\sustained_rand_write_120s_qd16_repeat3\sustained_rand_write_120s_qd16_repeat3_run2.json
82000.0,82.0,,,185.464,sustained_rand_write_120s_qd16_repeat3,rand_write,2,results\external_ssd\sustained_rand_write_120s_qd16_repeat3\sustained_rand_write_120s_qd16_repeat3_run2.json
82059.0,82.059,177.689453125,45488.0,,sustained_rand_write_120s_qd16_repeat3,rand_write,2,results\external_ssd\sustained_rand_write_120s_qd16_repeat3\sustained_rand_write_120s_qd16_repeat3_run2.json
83000.0,83.0,,,185.529,sustained_rand_write_120s_qd16_repeat3,rand_write,2,results\external_ssd\sustained_rand_write_120s_qd16_repeat3\sustained_rand_write_120s_qd16_repeat3_run2.json
83059.0,83.059,177.0546875,45326.0,,sustained_rand_write_120s_qd16_repeat3,rand_write,2,results\external_ssd\sustained_rand_write_120s_qd16_repeat3\sustained_rand_write_120s_qd16_repeat3_run2.json
84000.0,84.0,,,185.768,sustained_rand_write_120s_qd16_repeat3,rand_write,2,results\external_ssd\sustained_rand_write_120s_qd16_repeat3\sustained_rand_write_120s_qd16_repeat3_run2.json
84060.0,84.06,177.25,45376.0,,sustained_rand_write_120s_qd16_repeat3,rand_write,2,results\external_ssd\sustained_rand_write_120s_qd16_repeat3\sustained_rand_write_120s_qd16_repeat3_run2.json
85000.0,85.0,,,174.003,sustained_rand_write_120s_qd16_repeat3,rand_write,2,results\external_ssd\sustained_rand_write_120s_qd16_repeat3\sustained_rand_write_120s_qd16_repeat3_run2.json
85061.0,85.061,189.9697265625,48632.0,,sustained_rand_write_120s_qd16_repeat3,rand_write,2,results\external_ssd\sustained_rand_write_120s_qd16_repeat3\sustained_rand_write_120s_qd16_repeat3_run2.json
86000.0,86.0,,,194.08,sustained_rand_write_120s_qd16_repeat3,rand_write,2,results\external_ssd\sustained_rand_write_120s_qd16_repeat3\sustained_rand_write_120s_qd16_repeat3_run2.json
86062.0,86.062,168.6484375,43174.0,,sustained_rand_write_120s_qd16_repeat3,rand_write,2,results\external_ssd\sustained_rand_write_120s_qd16_repeat3\sustained_rand_write_120s_qd16_repeat3_run2.json
87000.0,87.0,,,183.108,sustained_rand_write_120s_qd16_repeat3,rand_write,2,results\external_ssd\sustained_rand_write_120s_qd16_repeat3\sustained_rand_write_120s_qd16_repeat3_run2.json
87062.0,87.062,181.02734375,46343.0,,sustained_rand_write_120s_qd16_repeat3,rand_write,2,results\external_ssd\sustained_rand_write_120s_qd16_repeat3\sustained_rand_write_120s_qd16_repeat3_run2.json
88000.0,88.0,,,200.287,sustained_rand_write_120s_qd16_repeat3,rand_write,2,results\external_ssd\sustained_rand_write_120s_qd16_repeat3\sustained_rand_write_120s_qd16_repeat3_run2.json
88063.0,88.063,162.97265625,41721.0,,sustained_rand_write_120s_qd16_repeat3,rand_write,2,results\external_ssd\sustained_rand_write_120s_qd16_repeat3\sustained_rand_write_120s_qd16_repeat3_run2.json
89000.0,89.0,,,227.11,sustained_rand_write_120s_qd16_repeat3,rand_write,2,results\external_ssd\sustained_rand_write_120s_qd16_repeat3\sustained_rand_write_120s_qd16_repeat3_run2.json
89064.0,89.064,143.89453125,36837.0,,sustained_rand_write_120s_qd16_repeat3,rand_write,2,results\external_ssd\sustained_rand_write_120s_qd16_repeat3\sustained_rand_write_120s_qd16_repeat3_run2.json
90000.0,90.0,,,217.822,sustained_rand_write_120s_qd16_repeat3,rand_write,2,results\external_ssd\sustained_rand_write_120s_qd16_repeat3\sustained_rand_write_120s_qd16_repeat3_run2.json
90065.0,90.065,152.609375,39068.0,,sustained_rand_write_120s_qd16_repeat3,rand_write,2,results\external_ssd\sustained_rand_write_120s_qd16_repeat3\sustained_rand_write_120s_qd16_repeat3_run2.json
91000.0,91.0,,,219.916,sustained_rand_write_120s_qd16_repeat3,rand_write,2,results\external_ssd\sustained_rand_write_120s_qd16_repeat3\sustained_rand_write_120s_qd16_repeat3_run2.json
91065.0,91.065,148.9765625,38138.0,,sustained_rand_write_120s_qd16_repeat3,rand_write,2,results\external_ssd\sustained_rand_write_120s_qd16_repeat3\sustained_rand_write_120s_qd16_repeat3_run2.json
92000.0,92.0,,,197.685,sustained_rand_write_120s_qd16_repeat3,rand_write,2,results\external_ssd\sustained_rand_write_120s_qd16_repeat3\sustained_rand_write_120s_qd16_repeat3_run2.json
92066.0,92.066,168.6982421875,43186.0,,sustained_rand_write_120s_qd16_repeat3,rand_write,2,results\external_ssd\sustained_rand_write_120s_qd16_repeat3\sustained_rand_write_120s_qd16_repeat3_run2.json
93000.0,93.0,,,190.688,sustained_rand_write_120s_qd16_repeat3,rand_write,2,results\external_ssd\sustained_rand_write_120s_qd16_repeat3\sustained_rand_write_120s_qd16_repeat3_run2.json
93067.0,93.067,171.0625,43792.0,,sustained_rand_write_120s_qd16_repeat3,rand_write,2,results\external_ssd\sustained_rand_write_120s_qd16_repeat3\sustained_rand_write_120s_qd16_repeat3_run2.json
94000.0,94.0,,,189.292,sustained_rand_write_120s_qd16_repeat3,rand_write,2,results\external_ssd\sustained_rand_write_120s_qd16_repeat3\sustained_rand_write_120s_qd16_repeat3_run2.json
94067.0,94.067,174.9921875,44798.0,,sustained_rand_write_120s_qd16_repeat3,rand_write,2,results\external_ssd\sustained_rand_write_120s_qd16_repeat3\sustained_rand_write_120s_qd16_repeat3_run2.json
95000.0,95.0,,,181.632,sustained_rand_write_120s_qd16_repeat3,rand_write,2,results\external_ssd\sustained_rand_write_120s_qd16_repeat3\sustained_rand_write_120s_qd16_repeat3_run2.json
95068.0,95.068,178.7265625,45754.0,,sustained_rand_write_120s_qd16_repeat3,rand_write,2,results\external_ssd\sustained_rand_write_120s_qd16_repeat3\sustained_rand_write_120s_qd16_repeat3_run2.json
96000.0,96.0,,,199.936,sustained_rand_write_120s_qd16_repeat3,rand_write,2,results\external_ssd\sustained_rand_write_120s_qd16_repeat3\sustained_rand_write_120s_qd16_repeat3_run2.json
96069.0,96.069,165.72265625,42425.0,,sustained_rand_write_120s_qd16_repeat3,rand_write,2,results\external_ssd\sustained_rand_write_120s_qd16_repeat3\sustained_rand_write_120s_qd16_repeat3_run2.json
97000.0,97.0,,,213.252,sustained_rand_write_120s_qd16_repeat3,rand_write,2,results\external_ssd\sustained_rand_write_120s_qd16_repeat3\sustained_rand_write_120s_qd16_repeat3_run2.json
97069.0,97.069,154.0390625,39434.0,,sustained_rand_write_120s_qd16_repeat3,rand_write,2,results\external_ssd\sustained_rand_write_120s_qd16_repeat3\sustained_rand_write_120s_qd16_repeat3_run2.json
98000.0,98.0,,,210.935,sustained_rand_write_120s_qd16_repeat3,rand_write,2,results\external_ssd\sustained_rand_write_120s_qd16_repeat3\sustained_rand_write_120s_qd16_repeat3_run2.json
98069.0,98.069,155.9765625,39930.0,,sustained_rand_write_120s_qd16_repeat3,rand_write,2,results\external_ssd\sustained_rand_write_120s_qd16_repeat3\sustained_rand_write_120s_qd16_repeat3_run2.json
99000.0,99.0,,,220.726,sustained_rand_write_120s_qd16_repeat3,rand_write,2,results\external_ssd\sustained_rand_write_120s_qd16_repeat3\sustained_rand_write_120s_qd16_repeat3_run2.json
99070.0,99.07,149.87109375,38367.0,,sustained_rand_write_120s_qd16_repeat3,rand_write,2,results\external_ssd\sustained_rand_write_120s_qd16_repeat3\sustained_rand_write_120s_qd16_repeat3_run2.json
100000.0,100.0,,,196.017,sustained_rand_write_120s_qd16_repeat3,rand_write,2,results\external_ssd\sustained_rand_write_120s_qd16_repeat3\sustained_rand_write_120s_qd16_repeat3_run2.json
100071.0,100.071,167.9921875,43006.0,,sustained_rand_write_120s_qd16_repeat3,rand_write,2,results\external_ssd\sustained_rand_write_120s_qd16_repeat3\sustained_rand_write_120s_qd16_repeat3_run2.json
101000.0,101.0,,,180.972,sustained_rand_write_120s_qd16_repeat3,rand_write,2,results\external_ssd\sustained_rand_write_120s_qd16_repeat3\sustained_rand_write_120s_qd16_repeat3_run2.json
101072.0,101.072,185.369140625,47454.0,,sustained_rand_write_120s_qd16_repeat3,rand_write,2,results\external_ssd\sustained_rand_write_120s_qd16_repeat3\sustained_rand_write_120s_qd16_repeat3_run2.json
102000.0,102.0,,,185.8,sustained_rand_write_120s_qd16_repeat3,rand_write,2,results\external_ssd\sustained_rand_write_120s_qd16_repeat3\sustained_rand_write_120s_qd16_repeat3_run2.json
102073.0,102.073,176.3076171875,45134.0,,sustained_rand_write_120s_qd16_repeat3,rand_write,2,results\external_ssd\sustained_rand_write_120s_qd16_repeat3\sustained_rand_write_120s_qd16_repeat3_run2.json
103000.0,103.0,,,183.312,sustained_rand_write_120s_qd16_repeat3,rand_write,2,results\external_ssd\sustained_rand_write_120s_qd16_repeat3\sustained_rand_write_120s_qd16_repeat3_run2.json
103075.0,103.075,177.298828125,45388.0,,sustained_rand_write_120s_qd16_repeat3,rand_write,2,results\external_ssd\sustained_rand_write_120s_qd16_repeat3\sustained_rand_write_120s_qd16_repeat3_run2.json
104000.0,104.0,,,181.49,sustained_rand_write_120s_qd16_repeat3,rand_write,2,results\external_ssd\sustained_rand_write_120s_qd16_repeat3\sustained_rand_write_120s_qd16_repeat3_run2.json
104075.0,104.075,185.27734375,47431.0,,sustained_rand_write_120s_qd16_repeat3,rand_write,2,results\external_ssd\sustained_rand_write_120s_qd16_repeat3\sustained_rand_write_120s_qd16_repeat3_run2.json
105000.0,105.0,,,171.016,sustained_rand_write_120s_qd16_repeat3,rand_write,2,results\external_ssd\sustained_rand_write_120s_qd16_repeat3\sustained_rand_write_120s_qd16_repeat3_run2.json
105076.0,105.076,190.41015625,48745.0,,sustained_rand_write_120s_qd16_repeat3,rand_write,2,results\external_ssd\sustained_rand_write_120s_qd16_repeat3\sustained_rand_write_120s_qd16_repeat3_run2.json
106000.0,106.0,,,191.603,sustained_rand_write_120s_qd16_repeat3,rand_write,2,results\external_ssd\sustained_rand_write_120s_qd16_repeat3\sustained_rand_write_120s_qd16_repeat3_run2.json
106077.0,106.077,170.94140625,43761.0,,sustained_rand_write_120s_qd16_repeat3,rand_write,2,results\external_ssd\sustained_rand_write_120s_qd16_repeat3\sustained_rand_write_120s_qd16_repeat3_run2.json
107000.0,107.0,,,188.312,sustained_rand_write_120s_qd16_repeat3,rand_write,2,results\external_ssd\sustained_rand_write_120s_qd16_repeat3\sustained_rand_write_120s_qd16_repeat3_run2.json
107077.0,107.077,176.73828125,45245.0,,sustained_rand_write_120s_qd16_repeat3,rand_write,2,results\external_ssd\sustained_rand_write_120s_qd16_repeat3\sustained_rand_write_120s_qd16_repeat3_run2.json
108000.0,108.0,,,179.466,sustained_rand_write_120s_qd16_repeat3,rand_write,2,results\external_ssd\sustained_rand_write_120s_qd16_repeat3\sustained_rand_write_120s_qd16_repeat3_run2.json
108078.0,108.078,181.98046875,46587.0,,sustained_rand_write_120s_qd16_repeat3,rand_write,2,results\external_ssd\sustained_rand_write_120s_qd16_repeat3\sustained_rand_write_120s_qd16_repeat3_run2.json
109000.0,109.0,,,193.189,sustained_rand_write_120s_qd16_repeat3,rand_write,2,results\external_ssd\sustained_rand_write_120s_qd16_repeat3\sustained_rand_write_120s_qd16_repeat3_run2.json
109079.0,109.079,170.921875,43756.0,,sustained_rand_write_120s_qd16_repeat3,rand_write,2,results\external_ssd\sustained_rand_write_120s_qd16_repeat3\sustained_rand_write_120s_qd16_repeat3_run2.json
110000.0,110.0,,,184.61,sustained_rand_write_120s_qd16_repeat3,rand_write,2,results\external_ssd\sustained_rand_write_120s_qd16_repeat3\sustained_rand_write_120s_qd16_repeat3_run2.json
110080.0,110.08,179.7734375,46022.0,,sustained_rand_write_120s_qd16_repeat3,rand_write,2,results\external_ssd\sustained_rand_write_120s_qd16_repeat3\sustained_rand_write_120s_qd16_repeat3_run2.json
111000.0,111.0,,,177.743,sustained_rand_write_120s_qd16_repeat3,rand_write,2,results\external_ssd\sustained_rand_write_120s_qd16_repeat3\sustained_rand_write_120s_qd16_repeat3_run2.json
111080.0,111.08,184.47265625,47225.0,,sustained_rand_write_120s_qd16_repeat3,rand_write,2,results\external_ssd\sustained_rand_write_120s_qd16_repeat3\sustained_rand_write_120s_qd16_repeat3_run2.json
112000.0,112.0,,,203.82,sustained_rand_write_120s_qd16_repeat3,rand_write,2,results\external_ssd\sustained_rand_write_120s_qd16_repeat3\sustained_rand_write_120s_qd16_repeat3_run2.json
112080.0,112.08,159.48828125,40829.0,,sustained_rand_write_120s_qd16_repeat3,rand_write,2,results\external_ssd\sustained_rand_write_120s_qd16_repeat3\sustained_rand_write_120s_qd16_repeat3_run2.json
113000.0,113.0,,,209.345,sustained_rand_write_120s_qd16_repeat3,rand_write,2,results\external_ssd\sustained_rand_write_120s_qd16_repeat3\sustained_rand_write_120s_qd16_repeat3_run2.json
113081.0,113.081,158.021484375,40453.0,,sustained_rand_write_120s_qd16_repeat3,rand_write,2,results\external_ssd\sustained_rand_write_120s_qd16_repeat3\sustained_rand_write_120s_qd16_repeat3_run2.json
114000.0,114.0,,,214.505,sustained_rand_write_120s_qd16_repeat3,rand_write,2,results\external_ssd\sustained_rand_write_120s_qd16_repeat3\sustained_rand_write_120s_qd16_repeat3_run2.json
114081.0,114.081,154.53125,39560.0,,sustained_rand_write_120s_qd16_repeat3,rand_write,2,results\external_ssd\sustained_rand_write_120s_qd16_repeat3\sustained_rand_write_120s_qd16_repeat3_run2.json
115000.0,115.0,,,230.556,sustained_rand_write_120s_qd16_repeat3,rand_write,2,results\external_ssd\sustained_rand_write_120s_qd16_repeat3\sustained_rand_write_120s_qd16_repeat3_run2.json
115082.0,115.082,140.6943359375,36017.0,,sustained_rand_write_120s_qd16_repeat3,rand_write,2,results\external_ssd\sustained_rand_write_120s_qd16_repeat3\sustained_rand_write_120s_qd16_repeat3_run2.json
116000.0,116.0,,,197.766,sustained_rand_write_120s_qd16_repeat3,rand_write,2,results\external_ssd\sustained_rand_write_120s_qd16_repeat3\sustained_rand_write_120s_qd16_repeat3_run2.json
116083.0,116.083,166.86328125,42717.0,,sustained_rand_write_120s_qd16_repeat3,rand_write,2,results\external_ssd\sustained_rand_write_120s_qd16_repeat3\sustained_rand_write_120s_qd16_repeat3_run2.json
117000.0,117.0,,,182.537,sustained_rand_write_120s_qd16_repeat3,rand_write,2,results\external_ssd\sustained_rand_write_120s_qd16_repeat3\sustained_rand_write_120s_qd16_repeat3_run2.json
117084.0,117.084,183.25390625,46913.0,,sustained_rand_write_120s_qd16_repeat3,rand_write,2,results\external_ssd\sustained_rand_write_120s_qd16_repeat3\sustained_rand_write_120s_qd16_repeat3_run2.json
118000.0,118.0,,,176.674,sustained_rand_write_120s_qd16_repeat3,rand_write,2,results\external_ssd\sustained_rand_write_120s_qd16_repeat3\sustained_rand_write_120s_qd16_repeat3_run2.json
118085.0,118.085,183.765625,47044.0,,sustained_rand_write_120s_qd16_repeat3,rand_write,2,results\external_ssd\sustained_rand_write_120s_qd16_repeat3\sustained_rand_write_120s_qd16_repeat3_run2.json
119000.0,119.0,,,196.443,sustained_rand_write_120s_qd16_repeat3,rand_write,2,results\external_ssd\sustained_rand_write_120s_qd16_repeat3\sustained_rand_write_120s_qd16_repeat3_run2.json
119086.0,119.086,169.626953125,43424.0,,sustained_rand_write_120s_qd16_repeat3,rand_write,2,results\external_ssd\sustained_rand_write_120s_qd16_repeat3\sustained_rand_write_120s_qd16_repeat3_run2.json
120000.0,120.0,,,178.134,sustained_rand_write_120s_qd16_repeat3,rand_write,2,results\external_ssd\sustained_rand_write_120s_qd16_repeat3\sustained_rand_write_120s_qd16_repeat3_run2.json
120000.0,120.0,,,162.24,sustained_rand_write_120s_qd16_repeat3,rand_write,2,results\external_ssd\sustained_rand_write_120s_qd16_repeat3\sustained_rand_write_120s_qd16_repeat3_run2.json
120087.0,120.087,169.419921875,43371.0,,sustained_rand_write_120s_qd16_repeat3,rand_write,2,results\external_ssd\sustained_rand_write_120s_qd16_repeat3\sustained_rand_write_120s_qd16_repeat3_run2.json
1000.0,1.0,,,180.68,sustained_rand_write_120s_qd16_repeat3,rand_write,3,results\external_ssd\sustained_rand_write_120s_qd16_repeat3\sustained_rand_write_120s_qd16_repeat3_run3.json
1001.0,1.001,179.9912109375,46089.0,,sustained_rand_write_120s_qd16_repeat3,rand_write,3,results\external_ssd\sustained_rand_write_120s_qd16_repeat3\sustained_rand_write_120s_qd16_repeat3_run3.json
2000.0,2.0,,,187.017,sustained_rand_write_120s_qd16_repeat3,rand_write,3,results\external_ssd\sustained_rand_write_120s_qd16_repeat3\sustained_rand_write_120s_qd16_repeat3_run3.json
2002.0,2.002,176.5498046875,45196.0,,sustained_rand_write_120s_qd16_repeat3,rand_write,3,results\external_ssd\sustained_rand_write_120s_qd16_repeat3\sustained_rand_write_120s_qd16_repeat3_run3.json
3000.0,3.0,,,205.864,sustained_rand_write_120s_qd16_repeat3,rand_write,3,results\external_ssd\sustained_rand_write_120s_qd16_repeat3\sustained_rand_write_120s_qd16_repeat3_run3.json
3006.0,3.006,158.8623046875,40668.0,,sustained_rand_write_120s_qd16_repeat3,rand_write,3,results\external_ssd\sustained_rand_write_120s_qd16_repeat3\sustained_rand_write_120s_qd16_repeat3_run3.json
4000.0,4.0,,,212.511,sustained_rand_write_120s_qd16_repeat3,rand_write,3,results\external_ssd\sustained_rand_write_120s_qd16_repeat3\sustained_rand_write_120s_qd16_repeat3_run3.json
4008.0,4.008,155.7041015625,39860.0,,sustained_rand_write_120s_qd16_repeat3,rand_write,3,results\external_ssd\sustained_rand_write_120s_qd16_repeat3\sustained_rand_write_120s_qd16_repeat3_run3.json
5000.0,5.0,,,208.576,sustained_rand_write_120s_qd16_repeat3,rand_write,3,results\external_ssd\sustained_rand_write_120s_qd16_repeat3\sustained_rand_write_120s_qd16_repeat3_run3.json
5010.0,5.01,159.203125,40756.0,,sustained_rand_write_120s_qd16_repeat3,rand_write,3,results\external_ssd\sustained_rand_write_120s_qd16_repeat3\sustained_rand_write_120s_qd16_repeat3_run3.json
6000.0,6.0,,,211.286,sustained_rand_write_120s_qd16_repeat3,rand_write,3,results\external_ssd\sustained_rand_write_120s_qd16_repeat3\sustained_rand_write_120s_qd16_repeat3_run3.json
6008.0,6.008,155.8544921875,39898.0,,sustained_rand_write_120s_qd16_repeat3,rand_write,3,results\external_ssd\sustained_rand_write_120s_qd16_repeat3\sustained_rand_write_120s_qd16_repeat3_run3.json
7000.0,7.0,,,203.162,sustained_rand_write_120s_qd16_repeat3,rand_write,3,results\external_ssd\sustained_rand_write_120s_qd16_repeat3\sustained_rand_write_120s_qd16_repeat3_run3.json
7007.0,7.007,162.873046875,41695.0,,sustained_rand_write_120s_qd16_repeat3,rand_write,3,results\external_ssd\sustained_rand_write_120s_qd16_repeat3\sustained_rand_write_120s_qd16_repeat3_run3.json
8000.0,8.0,,,182.054,sustained_rand_write_120s_qd16_repeat3,rand_write,3,results\external_ssd\sustained_rand_write_120s_qd16_repeat3\sustained_rand_write_120s_qd16_repeat3_run3.json
8008.0,8.008,181.9111328125,46569.0,,sustained_rand_write_120s_qd16_repeat3,rand_write,3,results\external_ssd\sustained_rand_write_120s_qd16_repeat3\sustained_rand_write_120s_qd16_repeat3_run3.json
9000.0,9.0,,,171.805,sustained_rand_write_120s_qd16_repeat3,rand_write,3,results\external_ssd\sustained_rand_write_120s_qd16_repeat3\sustained_rand_write_120s_qd16_repeat3_run3.json
9006.0,9.006,191.859375,49116.0,,sustained_rand_write_120s_qd16_repeat3,rand_write,3,results\external_ssd\sustained_rand_write_120s_qd16_repeat3\sustained_rand_write_120s_qd16_repeat3_run3.json
10000.0,10.0,,,188.365,sustained_rand_write_120s_qd16_repeat3,rand_write,3,results\external_ssd\sustained_rand_write_120s_qd16_repeat3\sustained_rand_write_120s_qd16_repeat3_run3.json
10010.0,10.01,174.0029296875,44544.0,,sustained_rand_write_120s_qd16_repeat3,rand_write,3,results\external_ssd\sustained_rand_write_120s_qd16_repeat3\sustained_rand_write_120s_qd16_repeat3_run3.json
11000.0,11.0,,,211.59,sustained_rand_write_120s_qd16_repeat3,rand_write,3,results\external_ssd\sustained_rand_write_120s_qd16_repeat3\sustained_rand_write_120s_qd16_repeat3_run3.json
11010.0,11.01,155.123046875,39711.0,,sustained_rand_write_120s_qd16_repeat3,rand_write,3,results\external_ssd\sustained_rand_write_120s_qd16_repeat3\sustained_rand_write_120s_qd16_repeat3_run3.json
12000.0,12.0,,,213.462,sustained_rand_write_120s_qd16_repeat3,rand_write,3,results\external_ssd\sustained_rand_write_120s_qd16_repeat3\sustained_rand_write_120s_qd16_repeat3_run3.json
12010.0,12.01,154.98828125,39677.0,,sustained_rand_write_120s_qd16_repeat3,rand_write,3,results\external_ssd\sustained_rand_write_120s_qd16_repeat3\sustained_rand_write_120s_qd16_repeat3_run3.json
13000.0,13.0,,,215.791,sustained_rand_write_120s_qd16_repeat3,rand_write,3,results\external_ssd\sustained_rand_write_120s_qd16_repeat3\sustained_rand_write_120s_qd16_repeat3_run3.json
13008.0,13.008,152.1787109375,38957.0,,sustained_rand_write_120s_qd16_repeat3,rand_write,3,results\external_ssd\sustained_rand_write_120s_qd16_repeat3\sustained_rand_write_120s_qd16_repeat3_run3.json
14000.0,14.0,,,213.737,sustained_rand_write_120s_qd16_repeat3,rand_write,3,results\external_ssd\sustained_rand_write_120s_qd16_repeat3\sustained_rand_write_120s_qd16_repeat3_run3.json
14007.0,14.007,154.517578125,39556.0,,sustained_rand_write_120s_qd16_repeat3,rand_write,3,results\external_ssd\sustained_rand_write_120s_qd16_repeat3\sustained_rand_write_120s_qd16_repeat3_run3.json
15000.0,15.0,,,204.773,sustained_rand_write_120s_qd16_repeat3,rand_write,3,results\external_ssd\sustained_rand_write_120s_qd16_repeat3\sustained_rand_write_120s_qd16_repeat3_run3.json
15005.0,15.005,161.9013671875,41446.0,,sustained_rand_write_120s_qd16_repeat3,rand_write,3,results\external_ssd\sustained_rand_write_120s_qd16_repeat3\sustained_rand_write_120s_qd16_repeat3_run3.json
16000.0,16.0,,,170.58,sustained_rand_write_120s_qd16_repeat3,rand_write,3,results\external_ssd\sustained_rand_write_120s_qd16_repeat3\sustained_rand_write_120s_qd16_repeat3_run3.json
16007.0,16.007,193.8427734375,49623.0,,sustained_rand_write_120s_qd16_repeat3,rand_write,3,results\external_ssd\sustained_rand_write_120s_qd16_repeat3\sustained_rand_write_120s_qd16_repeat3_run3.json
17000.0,17.0,,,186.859,sustained_rand_write_120s_qd16_repeat3,rand_write,3,results\external_ssd\sustained_rand_write_120s_qd16_repeat3\sustained_rand_write_120s_qd16_repeat3_run3.json
17007.0,17.007,176.60546875,45211.0,,sustained_rand_write_120s_qd16_repeat3,rand_write,3,results\external_ssd\sustained_rand_write_120s_qd16_repeat3\sustained_rand_write_120s_qd16_repeat3_run3.json
18000.0,18.0,,,178.488,sustained_rand_write_120s_qd16_repeat3,rand_write,3,results\external_ssd\sustained_rand_write_120s_qd16_repeat3\sustained_rand_write_120s_qd16_repeat3_run3.json
18008.0,18.008,185.400390625,47462.0,,sustained_rand_write_120s_qd16_repeat3,rand_write,3,results\external_ssd\sustained_rand_write_120s_qd16_repeat3\sustained_rand_write_120s_qd16_repeat3_run3.json
19000.0,19.0,,,172.419,sustained_rand_write_120s_qd16_repeat3,rand_write,3,results\external_ssd\sustained_rand_write_120s_qd16_repeat3\sustained_rand_write_120s_qd16_repeat3_run3.json
19006.0,19.006,192.533203125,49288.0,,sustained_rand_write_120s_qd16_repeat3,rand_write,3,results\external_ssd\sustained_rand_write_120s_qd16_repeat3\sustained_rand_write_120s_qd16_repeat3_run3.json
20000.0,20.0,,,181.898,sustained_rand_write_120s_qd16_repeat3,rand_write,3,results\external_ssd\sustained_rand_write_120s_qd16_repeat3\sustained_rand_write_120s_qd16_repeat3_run3.json
20007.0,20.007,180.771484375,46277.0,,sustained_rand_write_120s_qd16_repeat3,rand_write,3,results\external_ssd\sustained_rand_write_120s_qd16_repeat3\sustained_rand_write_120s_qd16_repeat3_run3.json
21000.0,21.0,,,186.704,sustained_rand_write_120s_qd16_repeat3,rand_write,3,results\external_ssd\sustained_rand_write_120s_qd16_repeat3\sustained_rand_write_120s_qd16_repeat3_run3.json
21008.0,21.008,176.5546875,45198.0,,sustained_rand_write_120s_qd16_repeat3,rand_write,3,results\external_ssd\sustained_rand_write_120s_qd16_repeat3\sustained_rand_write_120s_qd16_repeat3_run3.json
22000.0,22.0,,,180.058,sustained_rand_write_120s_qd16_repeat3,rand_write,3,results\external_ssd\sustained_rand_write_120s_qd16_repeat3\sustained_rand_write_120s_qd16_repeat3_run3.json
22007.0,22.007,183.80859375,47055.0,,sustained_rand_write_120s_qd16_repeat3,rand_write,3,results\external_ssd\sustained_rand_write_120s_qd16_repeat3\sustained_rand_write_120s_qd16_repeat3_run3.json
23000.0,23.0,,,183.708,sustained_rand_write_120s_qd16_repeat3,rand_write,3,results\external_ssd\sustained_rand_write_120s_qd16_repeat3\sustained_rand_write_120s_qd16_repeat3_run3.json
23008.0,23.008,178.80859375,45775.0,,sustained_rand_write_120s_qd16_repeat3,rand_write,3,results\external_ssd\sustained_rand_write_120s_qd16_repeat3\sustained_rand_write_120s_qd16_repeat3_run3.json
24000.0,24.0,,,215.808,sustained_rand_write_120s_qd16_repeat3,rand_write,3,results\external_ssd\sustained_rand_write_120s_qd16_repeat3\sustained_rand_write_120s_qd16_repeat3_run3.json
24006.0,24.006,152.57421875,39059.0,,sustained_rand_write_120s_qd16_repeat3,rand_write,3,results\external_ssd\sustained_rand_write_120s_qd16_repeat3\sustained_rand_write_120s_qd16_repeat3_run3.json
25000.0,25.0,,,215.663,sustained_rand_write_120s_qd16_repeat3,rand_write,3,results\external_ssd\sustained_rand_write_120s_qd16_repeat3\sustained_rand_write_120s_qd16_repeat3_run3.json
25010.0,25.01,153.0126953125,39171.0,,sustained_rand_write_120s_qd16_repeat3,rand_write,3,results\external_ssd\sustained_rand_write_120s_qd16_repeat3\sustained_rand_write_120s_qd16_repeat3_run3.json
26000.0,26.0,,,211.994,sustained_rand_write_120s_qd16_repeat3,rand_write,3,results\external_ssd\sustained_rand_write_120s_qd16_repeat3\sustained_rand_write_120s_qd16_repeat3_run3.json
26011.0,26.011,155.81640625,39889.0,,sustained_rand_write_120s_qd16_repeat3,rand_write,3,results\external_ssd\sustained_rand_write_120s_qd16_repeat3\sustained_rand_write_120s_qd16_repeat3_run3.json
27000.0,27.0,,,212.136,sustained_rand_write_120s_qd16_repeat3,rand_write,3,results\external_ssd\sustained_rand_write_120s_qd16_repeat3\sustained_rand_write_120s_qd16_repeat3_run3.json
27011.0,27.011,155.4609375,39798.0,,sustained_rand_write_120s_qd16_repeat3,rand_write,3,results\external_ssd\sustained_rand_write_120s_qd16_repeat3\sustained_rand_write_120s_qd16_repeat3_run3.json
28000.0,28.0,,,182.511,sustained_rand_write_120s_qd16_repeat3,rand_write,3,results\external_ssd\sustained_rand_write_120s_qd16_repeat3\sustained_rand_write_120s_qd16_repeat3_run3.json
28011.0,28.011,180.4140625,46186.0,,sustained_rand_write_120s_qd16_repeat3,rand_write,3,results\external_ssd\sustained_rand_write_120s_qd16_repeat3\sustained_rand_write_120s_qd16_repeat3_run3.json
29000.0,29.0,,,179.47,sustained_rand_write_120s_qd16_repeat3,rand_write,3,results\external_ssd\sustained_rand_write_120s_qd16_repeat3\sustained_rand_write_120s_qd16_repeat3_run3.json
29012.0,29.012,184.2109375,47158.0,,sustained_rand_write_120s_qd16_repeat3,rand_write,3,results\external_ssd\sustained_rand_write_120s_qd16_repeat3\sustained_rand_write_120s_qd16_repeat3_run3.json
30000.0,30.0,,,179.537,sustained_rand_write_120s_qd16_repeat3,rand_write,3,results\external_ssd\sustained_rand_write_120s_qd16_repeat3\sustained_rand_write_120s_qd16_repeat3_run3.json
30012.0,30.012,183.890625,47076.0,,sustained_rand_write_120s_qd16_repeat3,rand_write,3,results\external_ssd\sustained_rand_write_120s_qd16_repeat3\sustained_rand_write_120s_qd16_repeat3_run3.json
31000.0,31.0,,,201.385,sustained_rand_write_120s_qd16_repeat3,rand_write,3,results\external_ssd\sustained_rand_write_120s_qd16_repeat3\sustained_rand_write_120s_qd16_repeat3_run3.json
31013.0,31.013,161.830078125,41428.0,,sustained_rand_write_120s_qd16_repeat3,rand_write,3,results\external_ssd\sustained_rand_write_120s_qd16_repeat3\sustained_rand_write_120s_qd16_repeat3_run3.json
32000.0,32.0,,,215.538,sustained_rand_write_120s_qd16_repeat3,rand_write,3,results\external_ssd\sustained_rand_write_120s_qd16_repeat3\sustained_rand_write_120s_qd16_repeat3_run3.json
32014.0,32.014,154.703125,39604.0,,sustained_rand_write_120s_qd16_repeat3,rand_write,3,results\external_ssd\sustained_rand_write_120s_qd16_repeat3\sustained_rand_write_120s_qd16_repeat3_run3.json
33000.0,33.0,,,211.226,sustained_rand_write_120s_qd16_repeat3,rand_write,3,results\external_ssd\sustained_rand_write_120s_qd16_repeat3\sustained_rand_write_120s_qd16_repeat3_run3.json
33014.0,33.014,155.83984375,39895.0,,sustained_rand_write_120s_qd16_repeat3,rand_write,3,results\external_ssd\sustained_rand_write_120s_qd16_repeat3\sustained_rand_write_120s_qd16_repeat3_run3.json
34000.0,34.0,,,213.194,sustained_rand_write_120s_qd16_repeat3,rand_write,3,results\external_ssd\sustained_rand_write_120s_qd16_repeat3\sustained_rand_write_120s_qd16_repeat3_run3.json
34014.0,34.014,154.87890625,39649.0,,sustained_rand_write_120s_qd16_repeat3,rand_write,3,results\external_ssd\sustained_rand_write_120s_qd16_repeat3\sustained_rand_write_120s_qd16_repeat3_run3.json
35000.0,35.0,,,208.999,sustained_rand_write_120s_qd16_repeat3,rand_write,3,results\external_ssd\sustained_rand_write_120s_qd16_repeat3\sustained_rand_write_120s_qd16_repeat3_run3.json
35014.0,35.014,157.390625,40292.0,,sustained_rand_write_120s_qd16_repeat3,rand_write,3,results\external_ssd\sustained_rand_write_120s_qd16_repeat3\sustained_rand_write_120s_qd16_repeat3_run3.json
36000.0,36.0,,,171.489,sustained_rand_write_120s_qd16_repeat3,rand_write,3,results\external_ssd\sustained_rand_write_120s_qd16_repeat3\sustained_rand_write_120s_qd16_repeat3_run3.json
36015.0,36.015,192.78515625,49353.0,,sustained_rand_write_120s_qd16_repeat3,rand_write,3,results\external_ssd\sustained_rand_write_120s_qd16_repeat3\sustained_rand_write_120s_qd16_repeat3_run3.json
37000.0,37.0,,,186.643,sustained_rand_write_120s_qd16_repeat3,rand_write,3,results\external_ssd\sustained_rand_write_120s_qd16_repeat3\sustained_rand_write_120s_qd16_repeat3_run3.json
37015.0,37.015,176.1484375,45094.0,,sustained_rand_write_120s_qd16_repeat3,rand_write,3,results\external_ssd\sustained_rand_write_120s_qd16_repeat3\sustained_rand_write_120s_qd16_repeat3_run3.json
38000.0,38.0,,,185.824,sustained_rand_write_120s_qd16_repeat3,rand_write,3,results\external_ssd\sustained_rand_write_120s_qd16_repeat3\sustained_rand_write_120s_qd16_repeat3_run3.json
38015.0,38.015,178.03125,45576.0,,sustained_rand_write_120s_qd16_repeat3,rand_write,3,results\external_ssd\sustained_rand_write_120s_qd16_repeat3\sustained_rand_write_120s_qd16_repeat3_run3.json
39000.0,39.0,,,179.53,sustained_rand_write_120s_qd16_repeat3,rand_write,3,results\external_ssd\sustained_rand_write_120s_qd16_repeat3\sustained_rand_write_120s_qd16_repeat3_run3.json
39016.0,39.016,183.640625,47012.0,,sustained_rand_write_120s_qd16_repeat3,rand_write,3,results\external_ssd\sustained_rand_write_120s_qd16_repeat3\sustained_rand_write_120s_qd16_repeat3_run3.json
40000.0,40.0,,,216.053,sustained_rand_write_120s_qd16_repeat3,rand_write,3,results\external_ssd\sustained_rand_write_120s_qd16_repeat3\sustained_rand_write_120s_qd16_repeat3_run3.json
40016.0,40.016,151.9296875,38894.0,,sustained_rand_write_120s_qd16_repeat3,rand_write,3,results\external_ssd\sustained_rand_write_120s_qd16_repeat3\sustained_rand_write_120s_qd16_repeat3_run3.json
41000.0,41.0,,,219.204,sustained_rand_write_120s_qd16_repeat3,rand_write,3,results\external_ssd\sustained_rand_write_120s_qd16_repeat3\sustained_rand_write_120s_qd16_repeat3_run3.json
41017.0,41.017,150.115234375,38429.0,,sustained_rand_write_120s_qd16_repeat3,rand_write,3,results\external_ssd\sustained_rand_write_120s_qd16_repeat3\sustained_rand_write_120s_qd16_repeat3_run3.json
42000.0,42.0,,,215.492,sustained_rand_write_120s_qd16_repeat3,rand_write,3,results\external_ssd\sustained_rand_write_120s_qd16_repeat3\sustained_rand_write_120s_qd16_repeat3_run3.json
42017.0,42.017,153.5078125,39298.0,,sustained_rand_write_120s_qd16_repeat3,rand_write,3,results\external_ssd\sustained_rand_write_120s_qd16_repeat3\sustained_rand_write_120s_qd16_repeat3_run3.json
43000.0,43.0,,,218.369,sustained_rand_write_120s_qd16_repeat3,rand_write,3,results\external_ssd\sustained_rand_write_120s_qd16_repeat3\sustained_rand_write_120s_qd16_repeat3_run3.json
43018.0,43.018,151.15625,38696.0,,sustained_rand_write_120s_qd16_repeat3,rand_write,3,results\external_ssd\sustained_rand_write_120s_qd16_repeat3\sustained_rand_write_120s_qd16_repeat3_run3.json
44000.0,44.0,,,189.372,sustained_rand_write_120s_qd16_repeat3,rand_write,3,results\external_ssd\sustained_rand_write_120s_qd16_repeat3\sustained_rand_write_120s_qd16_repeat3_run3.json
44019.0,44.019,173.3359375,44374.0,,sustained_rand_write_120s_qd16_repeat3,rand_write,3,results\external_ssd\sustained_rand_write_120s_qd16_repeat3\sustained_rand_write_120s_qd16_repeat3_run3.json
45000.0,45.0,,,180.04,sustained_rand_write_120s_qd16_repeat3,rand_write,3,results\external_ssd\sustained_rand_write_120s_qd16_repeat3\sustained_rand_write_120s_qd16_repeat3_run3.json
45019.0,45.019,182.65625,46760.0,,sustained_rand_write_120s_qd16_repeat3,rand_write,3,results\external_ssd\sustained_rand_write_120s_qd16_repeat3\sustained_rand_write_120s_qd16_repeat3_run3.json
46000.0,46.0,,,172.444,sustained_rand_write_120s_qd16_repeat3,rand_write,3,results\external_ssd\sustained_rand_write_120s_qd16_repeat3\sustained_rand_write_120s_qd16_repeat3_run3.json
46019.0,46.019,192.0390625,49162.0,,sustained_rand_write_120s_qd16_repeat3,rand_write,3,results\external_ssd\sustained_rand_write_120s_qd16_repeat3\sustained_rand_write_120s_qd16_repeat3_run3.json
47000.0,47.0,,,199.396,sustained_rand_write_120s_qd16_repeat3,rand_write,3,results\external_ssd\sustained_rand_write_120s_qd16_repeat3\sustained_rand_write_120s_qd16_repeat3_run3.json
47020.0,47.02,163.11328125,41757.0,,sustained_rand_write_120s_qd16_repeat3,rand_write,3,results\external_ssd\sustained_rand_write_120s_qd16_repeat3\sustained_rand_write_120s_qd16_repeat3_run3.json
48000.0,48.0,,,212.512,sustained_rand_write_120s_qd16_repeat3,rand_write,3,results\external_ssd\sustained_rand_write_120s_qd16_repeat3\sustained_rand_write_120s_qd16_repeat3_run3.json
48020.0,48.02,155.8828125,39906.0,,sustained_rand_write_120s_qd16_repeat3,rand_write,3,results\external_ssd\sustained_rand_write_120s_qd16_repeat3\sustained_rand_write_120s_qd16_repeat3_run3.json
49000.0,49.0,,,206.582,sustained_rand_write_120s_qd16_repeat3,rand_write,3,results\external_ssd\sustained_rand_write_120s_qd16_repeat3\sustained_rand_write_120s_qd16_repeat3_run3.json
49020.0,49.02,160.82421875,41171.0,,sustained_rand_write_120s_qd16_repeat3,rand_write,3,results\external_ssd\sustained_rand_write_120s_qd16_repeat3\sustained_rand_write_120s_qd16_repeat3_run3.json
50000.0,50.0,,,223.735,sustained_rand_write_120s_qd16_repeat3,rand_write,3,results\external_ssd\sustained_rand_write_120s_qd16_repeat3\sustained_rand_write_120s_qd16_repeat3_run3.json
50021.0,50.021,145.3427734375,37207.0,,sustained_rand_write_120s_qd16_repeat3,rand_write,3,results\external_ssd\sustained_rand_write_120s_qd16_repeat3\sustained_rand_write_120s_qd16_repeat3_run3.json
51000.0,51.0,,,221.875,sustained_rand_write_120s_qd16_repeat3,rand_write,3,results\external_ssd\sustained_rand_write_120s_qd16_repeat3\sustained_rand_write_120s_qd16_repeat3_run3.json
51022.0,51.022,147.3203125,37714.0,,sustained_rand_write_120s_qd16_repeat3,rand_write,3,results\external_ssd\sustained_rand_write_120s_qd16_repeat3\sustained_rand_write_120s_qd16_repeat3_run3.json
52000.0,52.0,,,185.617,sustained_rand_write_120s_qd16_repeat3,rand_write,3,results\external_ssd\sustained_rand_write_120s_qd16_repeat3\sustained_rand_write_120s_qd16_repeat3_run3.json
52022.0,52.022,179.44921875,45939.0,,sustained_rand_write_120s_qd16_repeat3,rand_write,3,results\external_ssd\sustained_rand_write_120s_qd16_repeat3\sustained_rand_write_120s_qd16_repeat3_run3.json
53000.0,53.0,,,178.386,sustained_rand_write_120s_qd16_repeat3,rand_write,3,results\external_ssd\sustained_rand_write_120s_qd16_repeat3\sustained_rand_write_120s_qd16_repeat3_run3.json
53022.0,53.022,183.40625,46952.0,,sustained_rand_write_120s_qd16_repeat3,rand_write,3,results\external_ssd\sustained_rand_write_120s_qd16_repeat3\sustained_rand_write_120s_qd16_repeat3_run3.json
54000.0,54.0,,,185.516,sustained_rand_write_120s_qd16_repeat3,rand_write,3,results\external_ssd\sustained_rand_write_120s_qd16_repeat3\sustained_rand_write_120s_qd16_repeat3_run3.json
54023.0,54.023,177.8046875,45518.0,,sustained_rand_write_120s_qd16_repeat3,rand_write,3,results\external_ssd\sustained_rand_write_120s_qd16_repeat3\sustained_rand_write_120s_qd16_repeat3_run3.json
55000.0,55.0,,,179.402,sustained_rand_write_120s_qd16_repeat3,rand_write,3,results\external_ssd\sustained_rand_write_120s_qd16_repeat3\sustained_rand_write_120s_qd16_repeat3_run3.json
55023.0,55.023,183.828125,47060.0,,sustained_rand_write_120s_qd16_repeat3,rand_write,3,results\external_ssd\sustained_rand_write_120s_qd16_repeat3\sustained_rand_write_120s_qd16_repeat3_run3.json
56000.0,56.0,,,173.38,sustained_rand_write_120s_qd16_repeat3,rand_write,3,results\external_ssd\sustained_rand_write_120s_qd16_repeat3\sustained_rand_write_120s_qd16_repeat3_run3.json
56024.0,56.024,190.3134765625,48720.0,,sustained_rand_write_120s_qd16_repeat3,rand_write,3,results\external_ssd\sustained_rand_write_120s_qd16_repeat3\sustained_rand_write_120s_qd16_repeat3_run3.json
57000.0,57.0,,,193.031,sustained_rand_write_120s_qd16_repeat3,rand_write,3,results\external_ssd\sustained_rand_write_120s_qd16_repeat3\sustained_rand_write_120s_qd16_repeat3_run3.json
57024.0,57.024,171.1484375,43814.0,,sustained_rand_write_120s_qd16_repeat3,rand_write,3,results\external_ssd\sustained_rand_write_120s_qd16_repeat3\sustained_rand_write_120s_qd16_repeat3_run3.json
58000.0,58.0,,,187.311,sustained_rand_write_120s_qd16_repeat3,rand_write,3,results\external_ssd\sustained_rand_write_120s_qd16_repeat3\sustained_rand_write_120s_qd16_repeat3_run3.json
58025.0,58.025,176.5,45184.0,,sustained_rand_write_120s_qd16_repeat3,rand_write,3,results\external_ssd\sustained_rand_write_120s_qd16_repeat3\sustained_rand_write_120s_qd16_repeat3_run3.json
59000.0,59.0,,,177.071,sustained_rand_write_120s_qd16_repeat3,rand_write,3,results\external_ssd\sustained_rand_write_120s_qd16_repeat3\sustained_rand_write_120s_qd16_repeat3_run3.json
59025.0,59.025,187.80078125,48080.0,,sustained_rand_write_120s_qd16_repeat3,rand_write,3,results\external_ssd\sustained_rand_write_120s_qd16_repeat3\sustained_rand_write_120s_qd16_repeat3_run3.json
60000.0,60.0,,,189.955,sustained_rand_write_120s_qd16_repeat3,rand_write,3,results\external_ssd\sustained_rand_write_120s_qd16_repeat3\sustained_rand_write_120s_qd16_repeat3_run3.json
60026.0,60.026,172.1357421875,44065.0,,sustained_rand_write_120s_qd16_repeat3,rand_write,3,results\external_ssd\sustained_rand_write_120s_qd16_repeat3\sustained_rand_write_120s_qd16_repeat3_run3.json
61000.0,61.0,,,182.141,sustained_rand_write_120s_qd16_repeat3,rand_write,3,results\external_ssd\sustained_rand_write_120s_qd16_repeat3\sustained_rand_write_120s_qd16_repeat3_run3.json
61027.0,61.027,180.01171875,46083.0,,sustained_rand_write_120s_qd16_repeat3,rand_write,3,results\external_ssd\sustained_rand_write_120s_qd16_repeat3\sustained_rand_write_120s_qd16_repeat3_run3.json
62000.0,62.0,,,179.446,sustained_rand_write_120s_qd16_repeat3,rand_write,3,results\external_ssd\sustained_rand_write_120s_qd16_repeat3\sustained_rand_write_120s_qd16_repeat3_run3.json
62027.0,62.027,185.21875,47416.0,,sustained_rand_write_120s_qd16_repeat3,rand_write,3,results\external_ssd\sustained_rand_write_120s_qd16_repeat3\sustained_rand_write_120s_qd16_repeat3_run3.json
63000.0,63.0,,,195.549,sustained_rand_write_120s_qd16_repeat3,rand_write,3,results\external_ssd\sustained_rand_write_120s_qd16_repeat3\sustained_rand_write_120s_qd16_repeat3_run3.json
63027.0,63.027,165.58984375,42391.0,,sustained_rand_write_120s_qd16_repeat3,rand_write,3,results\external_ssd\sustained_rand_write_120s_qd16_repeat3\sustained_rand_write_120s_qd16_repeat3_run3.json
64000.0,64.0,,,220.112,sustained_rand_write_120s_qd16_repeat3,rand_write,3,results\external_ssd\sustained_rand_write_120s_qd16_repeat3\sustained_rand_write_120s_qd16_repeat3_run3.json
64028.0,64.028,149.390625,38244.0,,sustained_rand_write_120s_qd16_repeat3,rand_write,3,results\external_ssd\sustained_rand_write_120s_qd16_repeat3\sustained_rand_write_120s_qd16_repeat3_run3.json
65000.0,65.0,,,211.281,sustained_rand_write_120s_qd16_repeat3,rand_write,3,results\external_ssd\sustained_rand_write_120s_qd16_repeat3\sustained_rand_write_120s_qd16_repeat3_run3.json
65029.0,65.029,156.6513671875,40102.0,,sustained_rand_write_120s_qd16_repeat3,rand_write,3,results\external_ssd\sustained_rand_write_120s_qd16_repeat3\sustained_rand_write_120s_qd16_repeat3_run3.json
66000.0,66.0,,,219.694,sustained_rand_write_120s_qd16_repeat3,rand_write,3,results\external_ssd\sustained_rand_write_120s_qd16_repeat3\sustained_rand_write_120s_qd16_repeat3_run3.json
66030.0,66.03,149.91796875,38379.0,,sustained_rand_write_120s_qd16_repeat3,rand_write,3,results\external_ssd\sustained_rand_write_120s_qd16_repeat3\sustained_rand_write_120s_qd16_repeat3_run3.json
67000.0,67.0,,,215.828,sustained_rand_write_120s_qd16_repeat3,rand_write,3,results\external_ssd\sustained_rand_write_120s_qd16_repeat3\sustained_rand_write_120s_qd16_repeat3_run3.json
67031.0,67.031,153.884765625,39394.0,,sustained_rand_write_120s_qd16_repeat3,rand_write,3,results\external_ssd\sustained_rand_write_120s_qd16_repeat3\sustained_rand_write_120s_qd16_repeat3_run3.json
68000.0,68.0,,,189.043,sustained_rand_write_120s_qd16_repeat3,rand_write,3,results\external_ssd\sustained_rand_write_120s_qd16_repeat3\sustained_rand_write_120s_qd16_repeat3_run3.json
68031.0,68.031,174.8515625,44762.0,,sustained_rand_write_120s_qd16_repeat3,rand_write,3,results\external_ssd\sustained_rand_write_120s_qd16_repeat3\sustained_rand_write_120s_qd16_repeat3_run3.json
69000.0,69.0,,,175.737,sustained_rand_write_120s_qd16_repeat3,rand_write,3,results\external_ssd\sustained_rand_write_120s_qd16_repeat3\sustained_rand_write_120s_qd16_repeat3_run3.json
69031.0,69.031,187.3828125,47970.0,,sustained_rand_write_120s_qd16_repeat3,rand_write,3,results\external_ssd\sustained_rand_write_120s_qd16_repeat3\sustained_rand_write_120s_qd16_repeat3_run3.json
70000.0,70.0,,,201.124,sustained_rand_write_120s_qd16_repeat3,rand_write,3,results\external_ssd\sustained_rand_write_120s_qd16_repeat3\sustained_rand_write_120s_qd16_repeat3_run3.json
70032.0,70.032,162.1923828125,41521.0,,sustained_rand_write_120s_qd16_repeat3,rand_write,3,results\external_ssd\sustained_rand_write_120s_qd16_repeat3\sustained_rand_write_120s_qd16_repeat3_run3.json
71000.0,71.0,,,206.028,sustained_rand_write_120s_qd16_repeat3,rand_write,3,results\external_ssd\sustained_rand_write_120s_qd16_repeat3\sustained_rand_write_120s_qd16_repeat3_run3.json
71032.0,71.032,157.359375,40284.0,,sustained_rand_write_120s_qd16_repeat3,rand_write,3,results\external_ssd\sustained_rand_write_120s_qd16_repeat3\sustained_rand_write_120s_qd16_repeat3_run3.json
72000.0,72.0,,,232.977,sustained_rand_write_120s_qd16_repeat3,rand_write,3,results\external_ssd\sustained_rand_write_120s_qd16_repeat3\sustained_rand_write_120s_qd16_repeat3_run3.json
72033.0,72.033,140.41015625,35945.0,,sustained_rand_write_120s_qd16_repeat3,rand_write,3,results\external_ssd\sustained_rand_write_120s_qd16_repeat3\sustained_rand_write_120s_qd16_repeat3_run3.json
73000.0,73.0,,,241.138,sustained_rand_write_120s_qd16_repeat3,rand_write,3,results\external_ssd\sustained_rand_write_120s_qd16_repeat3\sustained_rand_write_120s_qd16_repeat3_run3.json
73034.0,73.034,134.8486328125,34521.0,,sustained_rand_write_120s_qd16_repeat3,rand_write,3,results\external_ssd\sustained_rand_write_120s_qd16_repeat3\sustained_rand_write_120s_qd16_repeat3_run3.json
74000.0,74.0,,,223.323,sustained_rand_write_120s_qd16_repeat3,rand_write,3,results\external_ssd\sustained_rand_write_120s_qd16_repeat3\sustained_rand_write_120s_qd16_repeat3_run3.json
74034.0,74.034,147.73046875,37819.0,,sustained_rand_write_120s_qd16_repeat3,rand_write,3,results\external_ssd\sustained_rand_write_120s_qd16_repeat3\sustained_rand_write_120s_qd16_repeat3_run3.json
75000.0,75.0,,,212.459,sustained_rand_write_120s_qd16_repeat3,rand_write,3,results\external_ssd\sustained_rand_write_120s_qd16_repeat3\sustained_rand_write_120s_qd16_repeat3_run3.json
75034.0,75.034,155.7890625,39882.0,,sustained_rand_write_120s_qd16_repeat3,rand_write,3,results\external_ssd\sustained_rand_write_120s_qd16_repeat3\sustained_rand_write_120s_qd16_repeat3_run3.json
76000.0,76.0,,,183.954,sustained_rand_write_120s_qd16_repeat3,rand_write,3,results\external_ssd\sustained_rand_write_120s_qd16_repeat3\sustained_rand_write_120s_qd16_repeat3_run3.json
76035.0,76.035,178.046875,45580.0,,sustained_rand_write_120s_qd16_repeat3,rand_write,3,results\external_ssd\sustained_rand_write_120s_qd16_repeat3\sustained_rand_write_120s_qd16_repeat3_run3.json
77000.0,77.0,,,191.908,sustained_rand_write_120s_qd16_repeat3,rand_write,3,results\external_ssd\sustained_rand_write_120s_qd16_repeat3\sustained_rand_write_120s_qd16_repeat3_run3.json
77036.0,77.036,173.501953125,44416.0,,sustained_rand_write_120s_qd16_repeat3,rand_write,3,results\external_ssd\sustained_rand_write_120s_qd16_repeat3\sustained_rand_write_120s_qd16_repeat3_run3.json
78000.0,78.0,,,191.139,sustained_rand_write_120s_qd16_repeat3,rand_write,3,results\external_ssd\sustained_rand_write_120s_qd16_repeat3\sustained_rand_write_120s_qd16_repeat3_run3.json
78037.0,78.037,172.4326171875,44142.0,,sustained_rand_write_120s_qd16_repeat3,rand_write,3,results\external_ssd\sustained_rand_write_120s_qd16_repeat3\sustained_rand_write_120s_qd16_repeat3_run3.json
79000.0,79.0,,,181.081,sustained_rand_write_120s_qd16_repeat3,rand_write,3,results\external_ssd\sustained_rand_write_120s_qd16_repeat3\sustained_rand_write_120s_qd16_repeat3_run3.json
79038.0,79.038,182.66015625,46761.0,,sustained_rand_write_120s_qd16_repeat3,rand_write,3,results\external_ssd\sustained_rand_write_120s_qd16_repeat3\sustained_rand_write_120s_qd16_repeat3_run3.json
80000.0,80.0,,,187.623,sustained_rand_write_120s_qd16_repeat3,rand_write,3,results\external_ssd\sustained_rand_write_120s_qd16_repeat3\sustained_rand_write_120s_qd16_repeat3_run3.json
80039.0,80.039,175.58203125,44949.0,,sustained_rand_write_120s_qd16_repeat3,rand_write,3,results\external_ssd\sustained_rand_write_120s_qd16_repeat3\sustained_rand_write_120s_qd16_repeat3_run3.json
81000.0,81.0,,,182.991,sustained_rand_write_120s_qd16_repeat3,rand_write,3,results\external_ssd\sustained_rand_write_120s_qd16_repeat3\sustained_rand_write_120s_qd16_repeat3_run3.json
81039.0,81.039,179.31640625,45905.0,,sustained_rand_write_120s_qd16_repeat3,rand_write,3,results\external_ssd\sustained_rand_write_120s_qd16_repeat3\sustained_rand_write_120s_qd16_repeat3_run3.json
82000.0,82.0,,,175.252,sustained_rand_write_120s_qd16_repeat3,rand_write,3,results\external_ssd\sustained_rand_write_120s_qd16_repeat3\sustained_rand_write_120s_qd16_repeat3_run3.json
82039.0,82.039,189.921875,48620.0,,sustained_rand_write_120s_qd16_repeat3,rand_write,3,results\external_ssd\sustained_rand_write_120s_qd16_repeat3\sustained_rand_write_120s_qd16_repeat3_run3.json
83000.0,83.0,,,195.999,sustained_rand_write_120s_qd16_repeat3,rand_write,3,results\external_ssd\sustained_rand_write_120s_qd16_repeat3\sustained_rand_write_120s_qd16_repeat3_run3.json
83040.0,83.04,166.44140625,42609.0,,sustained_rand_write_120s_qd16_repeat3,rand_write,3,results\external_ssd\sustained_rand_write_120s_qd16_repeat3\sustained_rand_write_120s_qd16_repeat3_run3.json
84000.0,84.0,,,215.022,sustained_rand_write_120s_qd16_repeat3,rand_write,3,results\external_ssd\sustained_rand_write_120s_qd16_repeat3\sustained_rand_write_120s_qd16_repeat3_run3.json
84040.0,84.04,153.0234375,39174.0,,sustained_rand_write_120s_qd16_repeat3,rand_write,3,results\external_ssd\sustained_rand_write_120s_qd16_repeat3\sustained_rand_write_120s_qd16_repeat3_run3.json
85000.0,85.0,,,217.756,sustained_rand_write_120s_qd16_repeat3,rand_write,3,results\external_ssd\sustained_rand_write_120s_qd16_repeat3\sustained_rand_write_120s_qd16_repeat3_run3.json
85040.0,85.04,150.484375,38524.0,,sustained_rand_write_120s_qd16_repeat3,rand_write,3,results\external_ssd\sustained_rand_write_120s_qd16_repeat3\sustained_rand_write_120s_qd16_repeat3_run3.json
86000.0,86.0,,,259.158,sustained_rand_write_120s_qd16_repeat3,rand_write,3,results\external_ssd\sustained_rand_write_120s_qd16_repeat3\sustained_rand_write_120s_qd16_repeat3_run3.json
86041.0,86.041,131.53515625,33673.0,,sustained_rand_write_120s_qd16_repeat3,rand_write,3,results\external_ssd\sustained_rand_write_120s_qd16_repeat3\sustained_rand_write_120s_qd16_repeat3_run3.json
87000.0,87.0,,,215.853,sustained_rand_write_120s_qd16_repeat3,rand_write,3,results\external_ssd\sustained_rand_write_120s_qd16_repeat3\sustained_rand_write_120s_qd16_repeat3_run3.json
87042.0,87.042,153.10546875,39195.0,,sustained_rand_write_120s_qd16_repeat3,rand_write,3,results\external_ssd\sustained_rand_write_120s_qd16_repeat3\sustained_rand_write_120s_qd16_repeat3_run3.json
88000.0,88.0,,,188.143,sustained_rand_write_120s_qd16_repeat3,rand_write,3,results\external_ssd\sustained_rand_write_120s_qd16_repeat3\sustained_rand_write_120s_qd16_repeat3_run3.json
88042.0,88.042,174.0,44544.0,,sustained_rand_write_120s_qd16_repeat3,rand_write,3,results\external_ssd\sustained_rand_write_120s_qd16_repeat3\sustained_rand_write_120s_qd16_repeat3_run3.json
89000.0,89.0,,,175.346,sustained_rand_write_120s_qd16_repeat3,rand_write,3,results\external_ssd\sustained_rand_write_120s_qd16_repeat3\sustained_rand_write_120s_qd16_repeat3_run3.json
89042.0,89.042,188.97265625,48377.0,,sustained_rand_write_120s_qd16_repeat3,rand_write,3,results\external_ssd\sustained_rand_write_120s_qd16_repeat3\sustained_rand_write_120s_qd16_repeat3_run3.json
90000.0,90.0,,,196.137,sustained_rand_write_120s_qd16_repeat3,rand_write,3,results\external_ssd\sustained_rand_write_120s_qd16_repeat3\sustained_rand_write_120s_qd16_repeat3_run3.json
90043.0,90.043,166.5048828125,42625.0,,sustained_rand_write_120s_qd16_repeat3,rand_write,3,results\external_ssd\sustained_rand_write_120s_qd16_repeat3\sustained_rand_write_120s_qd16_repeat3_run3.json
91000.0,91.0,,,190.518,sustained_rand_write_120s_qd16_repeat3,rand_write,3,results\external_ssd\sustained_rand_write_120s_qd16_repeat3\sustained_rand_write_120s_qd16_repeat3_run3.json
91043.0,91.043,173.03125,44296.0,,sustained_rand_write_120s_qd16_repeat3,rand_write,3,results\external_ssd\sustained_rand_write_120s_qd16_repeat3\sustained_rand_write_120s_qd16_repeat3_run3.json
92000.0,92.0,,,176.092,sustained_rand_write_120s_qd16_repeat3,rand_write,3,results\external_ssd\sustained_rand_write_120s_qd16_repeat3\sustained_rand_write_120s_qd16_repeat3_run3.json
92044.0,92.044,187.7685546875,48068.0,,sustained_rand_write_120s_qd16_repeat3,rand_write,3,results\external_ssd\sustained_rand_write_120s_qd16_repeat3\sustained_rand_write_120s_qd16_repeat3_run3.json
93000.0,93.0,,,204.688,sustained_rand_write_120s_qd16_repeat3,rand_write,3,results\external_ssd\sustained_rand_write_120s_qd16_repeat3\sustained_rand_write_120s_qd16_repeat3_run3.json
93044.0,93.044,160.4609375,41078.0,,sustained_rand_write_120s_qd16_repeat3,rand_write,3,results\external_ssd\sustained_rand_write_120s_qd16_repeat3\sustained_rand_write_120s_qd16_repeat3_run3.json
94000.0,94.0,,,185.216,sustained_rand_write_120s_qd16_repeat3,rand_write,3,results\external_ssd\sustained_rand_write_120s_qd16_repeat3\sustained_rand_write_120s_qd16_repeat3_run3.json
94045.0,94.045,176.5,45184.0,,sustained_rand_write_120s_qd16_repeat3,rand_write,3,results\external_ssd\sustained_rand_write_120s_qd16_repeat3\sustained_rand_write_120s_qd16_repeat3_run3.json
95000.0,95.0,,,177.977,sustained_rand_write_120s_qd16_repeat3,rand_write,3,results\external_ssd\sustained_rand_write_120s_qd16_repeat3\sustained_rand_write_120s_qd16_repeat3_run3.json
95046.0,95.046,187.2890625,47946.0,,sustained_rand_write_120s_qd16_repeat3,rand_write,3,results\external_ssd\sustained_rand_write_120s_qd16_repeat3\sustained_rand_write_120s_qd16_repeat3_run3.json
96000.0,96.0,,,188.374,sustained_rand_write_120s_qd16_repeat3,rand_write,3,results\external_ssd\sustained_rand_write_120s_qd16_repeat3\sustained_rand_write_120s_qd16_repeat3_run3.json
96047.0,96.047,172.3427734375,44119.0,,sustained_rand_write_120s_qd16_repeat3,rand_write,3,results\external_ssd\sustained_rand_write_120s_qd16_repeat3\sustained_rand_write_120s_qd16_repeat3_run3.json
97000.0,97.0,,,188.767,sustained_rand_write_120s_qd16_repeat3,rand_write,3,results\external_ssd\sustained_rand_write_120s_qd16_repeat3\sustained_rand_write_120s_qd16_repeat3_run3.json
97047.0,97.047,174.45703125,44661.0,,sustained_rand_write_120s_qd16_repeat3,rand_write,3,results\external_ssd\sustained_rand_write_120s_qd16_repeat3\sustained_rand_write_120s_qd16_repeat3_run3.json
98000.0,98.0,,,186.839,sustained_rand_write_120s_qd16_repeat3,rand_write,3,results\external_ssd\sustained_rand_write_120s_qd16_repeat3\sustained_rand_write_120s_qd16_repeat3_run3.json
98048.0,98.048,178.0703125,45586.0,,sustained_rand_write_120s_qd16_repeat3,rand_write,3,results\external_ssd\sustained_rand_write_120s_qd16_repeat3\sustained_rand_write_120s_qd16_repeat3_run3.json
99000.0,99.0,,,186.099,sustained_rand_write_120s_qd16_repeat3,rand_write,3,results\external_ssd\sustained_rand_write_120s_qd16_repeat3\sustained_rand_write_120s_qd16_repeat3_run3.json
99049.0,99.049,174.4658203125,44663.0,,sustained_rand_write_120s_qd16_repeat3,rand_write,3,results\external_ssd\sustained_rand_write_120s_qd16_repeat3\sustained_rand_write_120s_qd16_repeat3_run3.json
100000.0,100.0,,,218.0,sustained_rand_write_120s_qd16_repeat3,rand_write,3,results\external_ssd\sustained_rand_write_120s_qd16_repeat3\sustained_rand_write_120s_qd16_repeat3_run3.json
100050.0,100.05,150.79296875,38603.0,,sustained_rand_write_120s_qd16_repeat3,rand_write,3,results\external_ssd\sustained_rand_write_120s_qd16_repeat3\sustained_rand_write_120s_qd16_repeat3_run3.json
101000.0,101.0,,,216.71,sustained_rand_write_120s_qd16_repeat3,rand_write,3,results\external_ssd\sustained_rand_write_120s_qd16_repeat3\sustained_rand_write_120s_qd16_repeat3_run3.json
101050.0,101.05,152.6796875,39086.0,,sustained_rand_write_120s_qd16_repeat3,rand_write,3,results\external_ssd\sustained_rand_write_120s_qd16_repeat3\sustained_rand_write_120s_qd16_repeat3_run3.json
102000.0,102.0,,,210.979,sustained_rand_write_120s_qd16_repeat3,rand_write,3,results\external_ssd\sustained_rand_write_120s_qd16_repeat3\sustained_rand_write_120s_qd16_repeat3_run3.json
102050.0,102.05,154.51171875,39555.0,,sustained_rand_write_120s_qd16_repeat3,rand_write,3,results\external_ssd\sustained_rand_write_120s_qd16_repeat3\sustained_rand_write_120s_qd16_repeat3_run3.json
103000.0,103.0,,,225.631,sustained_rand_write_120s_qd16_repeat3,rand_write,3,results\external_ssd\sustained_rand_write_120s_qd16_repeat3\sustained_rand_write_120s_qd16_repeat3_run3.json
103050.0,103.05,147.1796875,37678.0,,sustained_rand_write_120s_qd16_repeat3,rand_write,3,results\external_ssd\sustained_rand_write_120s_qd16_repeat3\sustained_rand_write_120s_qd16_repeat3_run3.json
104000.0,104.0,,,187.813,sustained_rand_write_120s_qd16_repeat3,rand_write,3,results\external_ssd\sustained_rand_write_120s_qd16_repeat3\sustained_rand_write_120s_qd16_repeat3_run3.json
104051.0,104.051,176.7373046875,45244.0,,sustained_rand_write_120s_qd16_repeat3,rand_write,3,results\external_ssd\sustained_rand_write_120s_qd16_repeat3\sustained_rand_write_120s_qd16_repeat3_run3.json
105000.0,105.0,,,170.321,sustained_rand_write_120s_qd16_repeat3,rand_write,3,results\external_ssd\sustained_rand_write_120s_qd16_repeat3\sustained_rand_write_120s_qd16_repeat3_run3.json
105052.0,105.052,194.34375,49752.0,,sustained_rand_write_120s_qd16_repeat3,rand_write,3,results\external_ssd\sustained_rand_write_120s_qd16_repeat3\sustained_rand_write_120s_qd16_repeat3_run3.json
106000.0,106.0,,,188.554,sustained_rand_write_120s_qd16_repeat3,rand_write,3,results\external_ssd\sustained_rand_write_120s_qd16_repeat3\sustained_rand_write_120s_qd16_repeat3_run3.json
106053.0,106.053,172.7216796875,44216.0,,sustained_rand_write_120s_qd16_repeat3,rand_write,3,results\external_ssd\sustained_rand_write_120s_qd16_repeat3\sustained_rand_write_120s_qd16_repeat3_run3.json
107000.0,107.0,,,183.759,sustained_rand_write_120s_qd16_repeat3,rand_write,3,results\external_ssd\sustained_rand_write_120s_qd16_repeat3\sustained_rand_write_120s_qd16_repeat3_run3.json
107053.0,107.053,179.95703125,46069.0,,sustained_rand_write_120s_qd16_repeat3,rand_write,3,results\external_ssd\sustained_rand_write_120s_qd16_repeat3\sustained_rand_write_120s_qd16_repeat3_run3.json
108000.0,108.0,,,207.17,sustained_rand_write_120s_qd16_repeat3,rand_write,3,results\external_ssd\sustained_rand_write_120s_qd16_repeat3\sustained_rand_write_120s_qd16_repeat3_run3.json
108054.0,108.054,159.671875,40876.0,,sustained_rand_write_120s_qd16_repeat3,rand_write,3,results\external_ssd\sustained_rand_write_120s_qd16_repeat3\sustained_rand_write_120s_qd16_repeat3_run3.json
109000.0,109.0,,,218.566,sustained_rand_write_120s_qd16_repeat3,rand_write,3,results\external_ssd\sustained_rand_write_120s_qd16_repeat3\sustained_rand_write_120s_qd16_repeat3_run3.json
109055.0,109.055,150.1640625,38442.0,,sustained_rand_write_120s_qd16_repeat3,rand_write,3,results\external_ssd\sustained_rand_write_120s_qd16_repeat3\sustained_rand_write_120s_qd16_repeat3_run3.json
110000.0,110.0,,,216.451,sustained_rand_write_120s_qd16_repeat3,rand_write,3,results\external_ssd\sustained_rand_write_120s_qd16_repeat3\sustained_rand_write_120s_qd16_repeat3_run3.json
110055.0,110.055,151.4140625,38762.0,,sustained_rand_write_120s_qd16_repeat3,rand_write,3,results\external_ssd\sustained_rand_write_120s_qd16_repeat3\sustained_rand_write_120s_qd16_repeat3_run3.json
111000.0,111.0,,,210.543,sustained_rand_write_120s_qd16_repeat3,rand_write,3,results\external_ssd\sustained_rand_write_120s_qd16_repeat3\sustained_rand_write_120s_qd16_repeat3_run3.json
111056.0,111.056,157.232421875,40251.0,,sustained_rand_write_120s_qd16_repeat3,rand_write,3,results\external_ssd\sustained_rand_write_120s_qd16_repeat3\sustained_rand_write_120s_qd16_repeat3_run3.json
112000.0,112.0,,,180.63,sustained_rand_write_120s_qd16_repeat3,rand_write,3,results\external_ssd\sustained_rand_write_120s_qd16_repeat3\sustained_rand_write_120s_qd16_repeat3_run3.json
112057.0,112.057,182.87109375,46815.0,,sustained_rand_write_120s_qd16_repeat3,rand_write,3,results\external_ssd\sustained_rand_write_120s_qd16_repeat3\sustained_rand_write_120s_qd16_repeat3_run3.json
113000.0,113.0,,,188.147,sustained_rand_write_120s_qd16_repeat3,rand_write,3,results\external_ssd\sustained_rand_write_120s_qd16_repeat3\sustained_rand_write_120s_qd16_repeat3_run3.json
113057.0,113.057,177.06640625,45329.0,,sustained_rand_write_120s_qd16_repeat3,rand_write,3,results\external_ssd\sustained_rand_write_120s_qd16_repeat3\sustained_rand_write_120s_qd16_repeat3_run3.json
114000.0,114.0,,,182.803,sustained_rand_write_120s_qd16_repeat3,rand_write,3,results\external_ssd\sustained_rand_write_120s_qd16_repeat3\sustained_rand_write_120s_qd16_repeat3_run3.json
114057.0,114.057,177.8828125,45538.0,,sustained_rand_write_120s_qd16_repeat3,rand_write,3,results\external_ssd\sustained_rand_write_120s_qd16_repeat3\sustained_rand_write_120s_qd16_repeat3_run3.json
115000.0,115.0,,,174.889,sustained_rand_write_120s_qd16_repeat3,rand_write,3,results\external_ssd\sustained_rand_write_120s_qd16_repeat3\sustained_rand_write_120s_qd16_repeat3_run3.json
115058.0,115.058,186.45703125,47733.0,,sustained_rand_write_120s_qd16_repeat3,rand_write,3,results\external_ssd\sustained_rand_write_120s_qd16_repeat3\sustained_rand_write_120s_qd16_repeat3_run3.json
116000.0,116.0,,,231.175,sustained_rand_write_120s_qd16_repeat3,rand_write,3,results\external_ssd\sustained_rand_write_120s_qd16_repeat3\sustained_rand_write_120s_qd16_repeat3_run3.json
116058.0,116.058,143.08203125,36629.0,,sustained_rand_write_120s_qd16_repeat3,rand_write,3,results\external_ssd\sustained_rand_write_120s_qd16_repeat3\sustained_rand_write_120s_qd16_repeat3_run3.json
117000.0,117.0,,,217.509,sustained_rand_write_120s_qd16_repeat3,rand_write,3,results\external_ssd\sustained_rand_write_120s_qd16_repeat3\sustained_rand_write_120s_qd16_repeat3_run3.json
117058.0,117.058,152.58203125,39061.0,,sustained_rand_write_120s_qd16_repeat3,rand_write,3,results\external_ssd\sustained_rand_write_120s_qd16_repeat3\sustained_rand_write_120s_qd16_repeat3_run3.json
118000.0,118.0,,,207.782,sustained_rand_write_120s_qd16_repeat3,rand_write,3,results\external_ssd\sustained_rand_write_120s_qd16_repeat3\sustained_rand_write_120s_qd16_repeat3_run3.json
118059.0,118.059,159.49609375,40831.0,,sustained_rand_write_120s_qd16_repeat3,rand_write,3,results\external_ssd\sustained_rand_write_120s_qd16_repeat3\sustained_rand_write_120s_qd16_repeat3_run3.json
119000.0,119.0,,,223.624,sustained_rand_write_120s_qd16_repeat3,rand_write,3,results\external_ssd\sustained_rand_write_120s_qd16_repeat3\sustained_rand_write_120s_qd16_repeat3_run3.json
119059.0,119.059,148.2421875,37950.0,,sustained_rand_write_120s_qd16_repeat3,rand_write,3,results\external_ssd\sustained_rand_write_120s_qd16_repeat3\sustained_rand_write_120s_qd16_repeat3_run3.json
120000.0,120.0,,,180.138,sustained_rand_write_120s_qd16_repeat3,rand_write,3,results\external_ssd\sustained_rand_write_120s_qd16_repeat3\sustained_rand_write_120s_qd16_repeat3_run3.json
120000.0,120.0,,,326.046,sustained_rand_write_120s_qd16_repeat3,rand_write,3,results\external_ssd\sustained_rand_write_120s_qd16_repeat3\sustained_rand_write_120s_qd16_repeat3_run3.json
120060.0,120.06,172.46875,44152.0,,sustained_rand_write_120s_qd16_repeat3,rand_write,3,results\external_ssd\sustained_rand_write_120s_qd16_repeat3\sustained_rand_write_120s_qd16_repeat3_run3.json
1001.0,1.001,,,435.194,sustained_rand_write_120s_qd32_repeat3,rand_write,1,results\external_ssd\sustained_rand_write_120s_qd32_repeat3\sustained_rand_write_120s_qd32_repeat3_run1.json
1003.0,1.003,145.091796875,37143.0,,sustained_rand_write_120s_qd32_repeat3,rand_write,1,results\external_ssd\sustained_rand_write_120s_qd32_repeat3\sustained_rand_write_120s_qd32_repeat3_run1.json
2000.0,2.0,,,417.235,sustained_rand_write_120s_qd32_repeat3,rand_write,1,results\external_ssd\sustained_rand_write_120s_qd32_repeat3\sustained_rand_write_120s_qd32_repeat3_run1.json
2002.0,2.002,152.3349609375,38997.0,,sustained_rand_write_120s_qd32_repeat3,rand_write,1,results\external_ssd\sustained_rand_write_120s_qd32_repeat3\sustained_rand_write_120s_qd32_repeat3_run1.json
3001.0,3.001,,,433.105,sustained_rand_write_120s_qd32_repeat3,rand_write,1,results\external_ssd\sustained_rand_write_120s_qd32_repeat3\sustained_rand_write_120s_qd32_repeat3_run1.json
3015.0,3.015,146.9443359375,37617.0,,sustained_rand_write_120s_qd32_repeat3,rand_write,1,results\external_ssd\sustained_rand_write_120s_qd32_repeat3\sustained_rand_write_120s_qd32_repeat3_run1.json
4001.0,4.001,,,558.133,sustained_rand_write_120s_qd32_repeat3,rand_write,1,results\external_ssd\sustained_rand_write_120s_qd32_repeat3\sustained_rand_write_120s_qd32_repeat3_run1.json
4023.0,4.023,115.404296875,29543.0,,sustained_rand_write_120s_qd32_repeat3,rand_write,1,results\external_ssd\sustained_rand_write_120s_qd32_repeat3\sustained_rand_write_120s_qd32_repeat3_run1.json
5001.0,5.001,,,517.12,sustained_rand_write_120s_qd32_repeat3,rand_write,1,results\external_ssd\sustained_rand_write_120s_qd32_repeat3\sustained_rand_write_120s_qd32_repeat3_run1.json
5024.0,5.024,122.576171875,31379.0,,sustained_rand_write_120s_qd32_repeat3,rand_write,1,results\external_ssd\sustained_rand_write_120s_qd32_repeat3\sustained_rand_write_120s_qd32_repeat3_run1.json
6000.0,6.0,,,498.458,sustained_rand_write_120s_qd32_repeat3,rand_write,1,results\external_ssd\sustained_rand_write_120s_qd32_repeat3\sustained_rand_write_120s_qd32_repeat3_run1.json
6025.0,6.025,128.11328125,32797.0,,sustained_rand_write_120s_qd32_repeat3,rand_write,1,results\external_ssd\sustained_rand_write_120s_qd32_repeat3\sustained_rand_write_120s_qd32_repeat3_run1.json
7000.0,7.0,,,446.162,sustained_rand_write_120s_qd32_repeat3,rand_write,1,results\external_ssd\sustained_rand_write_120s_qd32_repeat3\sustained_rand_write_120s_qd32_repeat3_run1.json
7025.0,7.025,142.27734375,36423.0,,sustained_rand_write_120s_qd32_repeat3,rand_write,1,results\external_ssd\sustained_rand_write_120s_qd32_repeat3\sustained_rand_write_120s_qd32_repeat3_run1.json
8000.0,8.0,,,341.18,sustained_rand_write_120s_qd32_repeat3,rand_write,1,results\external_ssd\sustained_rand_write_120s_qd32_repeat3\sustained_rand_write_120s_qd32_repeat3_run1.json
8026.0,8.026,189.83203125,48597.0,,sustained_rand_write_120s_qd32_repeat3,rand_write,1,results\external_ssd\sustained_rand_write_120s_qd32_repeat3\sustained_rand_write_120s_qd32_repeat3_run1.json
9000.0,9.0,,,358.547,sustained_rand_write_120s_qd32_repeat3,rand_write,1,results\external_ssd\sustained_rand_write_120s_qd32_repeat3\sustained_rand_write_120s_qd32_repeat3_run1.json
9027.0,9.027,177.296875,45388.0,,sustained_rand_write_120s_qd32_repeat3,rand_write,1,results\external_ssd\sustained_rand_write_120s_qd32_repeat3\sustained_rand_write_120s_qd32_repeat3_run1.json
10000.0,10.0,,,371.199,sustained_rand_write_120s_qd32_repeat3,rand_write,1,results\external_ssd\sustained_rand_write_120s_qd32_repeat3\sustained_rand_write_120s_qd32_repeat3_run1.json
10027.0,10.027,171.19140625,43825.0,,sustained_rand_write_120s_qd32_repeat3,rand_write,1,results\external_ssd\sustained_rand_write_120s_qd32_repeat3\sustained_rand_write_120s_qd32_repeat3_run1.json
11000.0,11.0,,,387.038,sustained_rand_write_120s_qd32_repeat3,rand_write,1,results\external_ssd\sustained_rand_write_120s_qd32_repeat3\sustained_rand_write_120s_qd32_repeat3_run1.json
11027.0,11.027,165.8984375,42470.0,,sustained_rand_write_120s_qd32_repeat3,rand_write,1,results\external_ssd\sustained_rand_write_120s_qd32_repeat3\sustained_rand_write_120s_qd32_repeat3_run1.json
12000.0,12.0,,,511.566,sustained_rand_write_120s_qd32_repeat3,rand_write,1,results\external_ssd\sustained_rand_write_120s_qd32_repeat3\sustained_rand_write_120s_qd32_repeat3_run1.json
12028.0,12.028,119.6376953125,30627.0,,sustained_rand_write_120s_qd32_repeat3,rand_write,1,results\external_ssd\sustained_rand_write_120s_qd32_repeat3\sustained_rand_write_120s_qd32_repeat3_run1.json
13000.0,13.0,,,489.274,sustained_rand_write_120s_qd32_repeat3,rand_write,1,results\external_ssd\sustained_rand_write_120s_qd32_repeat3\sustained_rand_write_120s_qd32_repeat3_run1.json
13029.0,13.029,128.53125,32904.0,,sustained_rand_write_120s_qd32_repeat3,rand_write,1,results\external_ssd\sustained_rand_write_120s_qd32_repeat3\sustained_rand_write_120s_qd32_repeat3_run1.json
14000.0,14.0,,,499.423,sustained_rand_write_120s_qd32_repeat3,rand_write,1,results\external_ssd\sustained_rand_write_120s_qd32_repeat3\sustained_rand_write_120s_qd32_repeat3_run1.json
14029.0,14.029,127.8828125,32745.0,,sustained_rand_write_120s_qd32_repeat3,rand_write,1,results\external_ssd\sustained_rand_write_120s_qd32_repeat3\sustained_rand_write_120s_qd32_repeat3_run1.json
15000.0,15.0,,,466.559,sustained_rand_write_120s_qd32_repeat3,rand_write,1,results\external_ssd\sustained_rand_write_120s_qd32_repeat3\sustained_rand_write_120s_qd32_repeat3_run1.json
15029.0,15.029,134.49609375,34428.0,,sustained_rand_write_120s_qd32_repeat3,rand_write,1,results\external_ssd\sustained_rand_write_120s_qd32_repeat3\sustained_rand_write_120s_qd32_repeat3_run1.json
16001.0,16.001,,,446.921,sustained_rand_write_120s_qd32_repeat3,rand_write,1,results\external_ssd\sustained_rand_write_120s_qd32_repeat3\sustained_rand_write_120s_qd32_repeat3_run1.json
16031.0,16.031,142.9892578125,36605.0,,sustained_rand_write_120s_qd32_repeat3,rand_write,1,results\external_ssd\sustained_rand_write_120s_qd32_repeat3\sustained_rand_write_120s_qd32_repeat3_run1.json
17000.0,17.0,,,462.673,sustained_rand_write_120s_qd32_repeat3,rand_write,1,results\external_ssd\sustained_rand_write_120s_qd32_repeat3\sustained_rand_write_120s_qd32_repeat3_run1.json
17032.0,17.032,136.21484375,34871.0,,sustained_rand_write_120s_qd32_repeat3,rand_write,1,results\external_ssd\sustained_rand_write_120s_qd32_repeat3\sustained_rand_write_120s_qd32_repeat3_run1.json
18000.0,18.0,,,387.373,sustained_rand_write_120s_qd32_repeat3,rand_write,1,results\external_ssd\sustained_rand_write_120s_qd32_repeat3\sustained_rand_write_120s_qd32_repeat3_run1.json
18033.0,18.033,165.333984375,42325.0,,sustained_rand_write_120s_qd32_repeat3,rand_write,1,results\external_ssd\sustained_rand_write_120s_qd32_repeat3\sustained_rand_write_120s_qd32_repeat3_run1.json
19000.0,19.0,,,400.19,sustained_rand_write_120s_qd32_repeat3,rand_write,1,results\external_ssd\sustained_rand_write_120s_qd32_repeat3\sustained_rand_write_120s_qd32_repeat3_run1.json
19033.0,19.033,159.2578125,40770.0,,sustained_rand_write_120s_qd32_repeat3,rand_write,1,results\external_ssd\sustained_rand_write_120s_qd32_repeat3\sustained_rand_write_120s_qd32_repeat3_run1.json
20000.0,20.0,,,442.157,sustained_rand_write_120s_qd32_repeat3,rand_write,1,results\external_ssd\sustained_rand_write_120s_qd32_repeat3\sustained_rand_write_120s_qd32_repeat3_run1.json
20035.0,20.035,144.6123046875,37020.0,,sustained_rand_write_120s_qd32_repeat3,rand_write,1,results\external_ssd\sustained_rand_write_120s_qd32_repeat3\sustained_rand_write_120s_qd32_repeat3_run1.json
21000.0,21.0,,,429.902,sustained_rand_write_120s_qd32_repeat3,rand_write,1,results\external_ssd\sustained_rand_write_120s_qd32_repeat3\sustained_rand_write_120s_qd32_repeat3_run1.json
21035.0,21.035,147.140625,37668.0,,sustained_rand_write_120s_qd32_repeat3,rand_write,1,results\external_ssd\sustained_rand_write_120s_qd32_repeat3\sustained_rand_write_120s_qd32_repeat3_run1.json
22000.0,22.0,,,499.463,sustained_rand_write_120s_qd32_repeat3,rand_write,1,results\external_ssd\sustained_rand_write_120s_qd32_repeat3\sustained_rand_write_120s_qd32_repeat3_run1.json
22036.0,22.036,127.6455078125,32677.0,,sustained_rand_write_120s_qd32_repeat3,rand_write,1,results\external_ssd\sustained_rand_write_120s_qd32_repeat3\sustained_rand_write_120s_qd32_repeat3_run1.json
23000.0,23.0,,,457.18,sustained_rand_write_120s_qd32_repeat3,rand_write,1,results\external_ssd\sustained_rand_write_120s_qd32_repeat3\sustained_rand_write_120s_qd32_repeat3_run1.json
23037.0,23.037,139.79296875,35787.0,,sustained_rand_write_120s_qd32_repeat3,rand_write,1,results\external_ssd\sustained_rand_write_120s_qd32_repeat3\sustained_rand_write_120s_qd32_repeat3_run1.json
24000.0,24.0,,,387.07,sustained_rand_write_120s_qd32_repeat3,rand_write,1,results\external_ssd\sustained_rand_write_120s_qd32_repeat3\sustained_rand_write_120s_qd32_repeat3_run1.json
24037.0,24.037,166.0390625,42506.0,,sustained_rand_write_120s_qd32_repeat3,rand_write,1,results\external_ssd\sustained_rand_write_120s_qd32_repeat3\sustained_rand_write_120s_qd32_repeat3_run1.json
25000.0,25.0,,,389.368,sustained_rand_write_120s_qd32_repeat3,rand_write,1,results\external_ssd\sustained_rand_write_120s_qd32_repeat3\sustained_rand_write_120s_qd32_repeat3_run1.json
25038.0,25.038,164.0693359375,42001.0,,sustained_rand_write_120s_qd32_repeat3,rand_write,1,results\external_ssd\sustained_rand_write_120s_qd32_repeat3\sustained_rand_write_120s_qd32_repeat3_run1.json
26000.0,26.0,,,343.707,sustained_rand_write_120s_qd32_repeat3,rand_write,1,results\external_ssd\sustained_rand_write_120s_qd32_repeat3\sustained_rand_write_120s_qd32_repeat3_run1.json
26039.0,26.039,186.5,47744.0,,sustained_rand_write_120s_qd32_repeat3,rand_write,1,results\external_ssd\sustained_rand_write_120s_qd32_repeat3\sustained_rand_write_120s_qd32_repeat3_run1.json
27000.0,27.0,,,416.475,sustained_rand_write_120s_qd32_repeat3,rand_write,1,results\external_ssd\sustained_rand_write_120s_qd32_repeat3\sustained_rand_write_120s_qd32_repeat3_run1.json
27040.0,27.04,150.34765625,38489.0,,sustained_rand_write_120s_qd32_repeat3,rand_write,1,results\external_ssd\sustained_rand_write_120s_qd32_repeat3\sustained_rand_write_120s_qd32_repeat3_run1.json
28000.0,28.0,,,521.919,sustained_rand_write_120s_qd32_repeat3,rand_write,1,results\external_ssd\sustained_rand_write_120s_qd32_repeat3\sustained_rand_write_120s_qd32_repeat3_run1.json
28040.0,28.04,121.91015625,31209.0,,sustained_rand_write_120s_qd32_repeat3,rand_write,1,results\external_ssd\sustained_rand_write_120s_qd32_repeat3\sustained_rand_write_120s_qd32_repeat3_run1.json
29000.0,29.0,,,497.757,sustained_rand_write_120s_qd32_repeat3,rand_write,1,results\external_ssd\sustained_rand_write_120s_qd32_repeat3\sustained_rand_write_120s_qd32_repeat3_run1.json
29041.0,29.041,129.16796875,33067.0,,sustained_rand_write_120s_qd32_repeat3,rand_write,1,results\external_ssd\sustained_rand_write_120s_qd32_repeat3\sustained_rand_write_120s_qd32_repeat3_run1.json
30000.0,30.0,,,511.775,sustained_rand_write_120s_qd32_repeat3,rand_write,1,results\external_ssd\sustained_rand_write_120s_qd32_repeat3\sustained_rand_write_120s_qd32_repeat3_run1.json
30041.0,30.041,121.26953125,31045.0,,sustained_rand_write_120s_qd32_repeat3,rand_write,1,results\external_ssd\sustained_rand_write_120s_qd32_repeat3\sustained_rand_write_120s_qd32_repeat3_run1.json
31000.0,31.0,,,522.272,sustained_rand_write_120s_qd32_repeat3,rand_write,1,results\external_ssd\sustained_rand_write_120s_qd32_repeat3\sustained_rand_write_120s_qd32_repeat3_run1.json
31042.0,31.042,123.6337890625,31650.0,,sustained_rand_write_120s_qd32_repeat3,rand_write,1,results\external_ssd\sustained_rand_write_120s_qd32_repeat3\sustained_rand_write_120s_qd32_repeat3_run1.json
32000.0,32.0,,,447.974,sustained_rand_write_120s_qd32_repeat3,rand_write,1,results\external_ssd\sustained_rand_write_120s_qd32_repeat3\sustained_rand_write_120s_qd32_repeat3_run1.json
32043.0,32.043,141.5810546875,36244.0,,sustained_rand_write_120s_qd32_repeat3,rand_write,1,results\external_ssd\sustained_rand_write_120s_qd32_repeat3\sustained_rand_write_120s_qd32_repeat3_run1.json
33000.0,33.0,,,408.062,sustained_rand_write_120s_qd32_repeat3,rand_write,1,results\external_ssd\sustained_rand_write_120s_qd32_repeat3\sustained_rand_write_120s_qd32_repeat3_run1.json
33043.0,33.043,156.20703125,39989.0,,sustained_rand_write_120s_qd32_repeat3,rand_write,1,results\external_ssd\sustained_rand_write_120s_qd32_repeat3\sustained_rand_write_120s_qd32_repeat3_run1.json
34000.0,34.0,,,422.04,sustained_rand_write_120s_qd32_repeat3,rand_write,1,results\external_ssd\sustained_rand_write_120s_qd32_repeat3\sustained_rand_write_120s_qd32_repeat3_run1.json
34043.0,34.043,150.38671875,38499.0,,sustained_rand_write_120s_qd32_repeat3,rand_write,1,results\external_ssd\sustained_rand_write_120s_qd32_repeat3\sustained_rand_write_120s_qd32_repeat3_run1.json
35000.0,35.0,,,394.999,sustained_rand_write_120s_qd32_repeat3,rand_write,1,results\external_ssd\sustained_rand_write_120s_qd32_repeat3\sustained_rand_write_120s_qd32_repeat3_run1.json
35044.0,35.044,161.927734375,41453.0,,sustained_rand_write_120s_qd32_repeat3,rand_write,1,results\external_ssd\sustained_rand_write_120s_qd32_repeat3\sustained_rand_write_120s_qd32_repeat3_run1.json
36000.0,36.0,,,408.373,sustained_rand_write_120s_qd32_repeat3,rand_write,1,results\external_ssd\sustained_rand_write_120s_qd32_repeat3\sustained_rand_write_120s_qd32_repeat3_run1.json
36045.0,36.045,154.6640625,39594.0,,sustained_rand_write_120s_qd32_repeat3,rand_write,1,results\external_ssd\sustained_rand_write_120s_qd32_repeat3\sustained_rand_write_120s_qd32_repeat3_run1.json
37000.0,37.0,,,488.65,sustained_rand_write_120s_qd32_repeat3,rand_write,1,results\external_ssd\sustained_rand_write_120s_qd32_repeat3\sustained_rand_write_120s_qd32_repeat3_run1.json
37046.0,37.046,129.41015625,33129.0,,sustained_rand_write_120s_qd32_repeat3,rand_write,1,results\external_ssd\sustained_rand_write_120s_qd32_repeat3\sustained_rand_write_120s_qd32_repeat3_run1.json
38000.0,38.0,,,484.203,sustained_rand_write_120s_qd32_repeat3,rand_write,1,results\external_ssd\sustained_rand_write_120s_qd32_repeat3\sustained_rand_write_120s_qd32_repeat3_run1.json
38046.0,38.046,131.75390625,33729.0,,sustained_rand_write_120s_qd32_repeat3,rand_write,1,results\external_ssd\sustained_rand_write_120s_qd32_repeat3\sustained_rand_write_120s_qd32_repeat3_run1.json
39000.0,39.0,,,498.129,sustained_rand_write_120s_qd32_repeat3,rand_write,1,results\external_ssd\sustained_rand_write_120s_qd32_repeat3\sustained_rand_write_120s_qd32_repeat3_run1.json
39046.0,39.046,126.46484375,32375.0,,sustained_rand_write_120s_qd32_repeat3,rand_write,1,results\external_ssd\sustained_rand_write_120s_qd32_repeat3\sustained_rand_write_120s_qd32_repeat3_run1.json
40000.0,40.0,,,501.522,sustained_rand_write_120s_qd32_repeat3,rand_write,1,results\external_ssd\sustained_rand_write_120s_qd32_repeat3\sustained_rand_write_120s_qd32_repeat3_run1.json
40046.0,40.046,126.484375,32380.0,,sustained_rand_write_120s_qd32_repeat3,rand_write,1,results\external_ssd\sustained_rand_write_120s_qd32_repeat3\sustained_rand_write_120s_qd32_repeat3_run1.json
41000.0,41.0,,,477.455,sustained_rand_write_120s_qd32_repeat3,rand_write,1,results\external_ssd\sustained_rand_write_120s_qd32_repeat3\sustained_rand_write_120s_qd32_repeat3_run1.json
41047.0,41.047,133.0625,34064.0,,sustained_rand_write_120s_qd32_repeat3,rand_write,1,results\external_ssd\sustained_rand_write_120s_qd32_repeat3\sustained_rand_write_120s_qd32_repeat3_run1.json
42000.0,42.0,,,479.546,sustained_rand_write_120s_qd32_repeat3,rand_write,1,results\external_ssd\sustained_rand_write_120s_qd32_repeat3\sustained_rand_write_120s_qd32_repeat3_run1.json
42047.0,42.047,134.09765625,34329.0,,sustained_rand_write_120s_qd32_repeat3,rand_write,1,results\external_ssd\sustained_rand_write_120s_qd32_repeat3\sustained_rand_write_120s_qd32_repeat3_run1.json
43000.0,43.0,,,447.814,sustained_rand_write_120s_qd32_repeat3,rand_write,1,results\external_ssd\sustained_rand_write_120s_qd32_repeat3\sustained_rand_write_120s_qd32_repeat3_run1.json
43048.0,43.048,140.9130859375,36073.0,,sustained_rand_write_120s_qd32_repeat3,rand_write,1,results\external_ssd\sustained_rand_write_120s_qd32_repeat3\sustained_rand_write_120s_qd32_repeat3_run1.json
44000.0,44.0,,,371.97,sustained_rand_write_120s_qd32_repeat3,rand_write,1,results\external_ssd\sustained_rand_write_120s_qd32_repeat3\sustained_rand_write_120s_qd32_repeat3_run1.json
44049.0,44.049,175.109375,44828.0,,sustained_rand_write_120s_qd32_repeat3,rand_write,1,results\external_ssd\sustained_rand_write_120s_qd32_repeat3\sustained_rand_write_120s_qd32_repeat3_run1.json
45001.0,45.001,,,369.038,sustained_rand_write_120s_qd32_repeat3,rand_write,1,results\external_ssd\sustained_rand_write_120s_qd32_repeat3\sustained_rand_write_120s_qd32_repeat3_run1.json
45049.0,45.049,171.09375,43800.0,,sustained_rand_write_120s_qd32_repeat3,rand_write,1,results\external_ssd\sustained_rand_write_120s_qd32_repeat3\sustained_rand_write_120s_qd32_repeat3_run1.json
46000.0,46.0,,,361.91,sustained_rand_write_120s_qd32_repeat3,rand_write,1,results\external_ssd\sustained_rand_write_120s_qd32_repeat3\sustained_rand_write_120s_qd32_repeat3_run1.json
46050.0,46.05,176.5234375,45190.0,,sustained_rand_write_120s_qd32_repeat3,rand_write,1,results\external_ssd\sustained_rand_write_120s_qd32_repeat3\sustained_rand_write_120s_qd32_repeat3_run1.json
47000.0,47.0,,,408.875,sustained_rand_write_120s_qd32_repeat3,rand_write,1,results\external_ssd\sustained_rand_write_120s_qd32_repeat3\sustained_rand_write_120s_qd32_repeat3_run1.json
47050.0,47.05,161.5390625,41354.0,,sustained_rand_write_120s_qd32_repeat3,rand_write,1,results\external_ssd\sustained_rand_write_120s_qd32_repeat3\sustained_rand_write_120s_qd32_repeat3_run1.json
48000.0,48.0,,,418.309,sustained_rand_write_120s_qd32_repeat3,rand_write,1,results\external_ssd\sustained_rand_write_120s_qd32_repeat3\sustained_rand_write_120s_qd32_repeat3_run1.json
48051.0,48.051,149.44140625,38257.0,,sustained_rand_write_120s_qd32_repeat3,rand_write,1,results\external_ssd\sustained_rand_write_120s_qd32_repeat3\sustained_rand_write_120s_qd32_repeat3_run1.json
49000.0,49.0,,,506.663,sustained_rand_write_120s_qd32_repeat3,rand_write,1,results\external_ssd\sustained_rand_write_120s_qd32_repeat3\sustained_rand_write_120s_qd32_repeat3_run1.json
49051.0,49.051,124.93359375,31983.0,,sustained_rand_write_120s_qd32_repeat3,rand_write,1,results\external_ssd\sustained_rand_write_120s_qd32_repeat3\sustained_rand_write_120s_qd32_repeat3_run1.json
50000.0,50.0,,,476.482,sustained_rand_write_120s_qd32_repeat3,rand_write,1,results\external_ssd\sustained_rand_write_120s_qd32_repeat3\sustained_rand_write_120s_qd32_repeat3_run1.json
50051.0,50.051,133.4609375,34166.0,,sustained_rand_write_120s_qd32_repeat3,rand_write,1,results\external_ssd\sustained_rand_write_120s_qd32_repeat3\sustained_rand_write_120s_qd32_repeat3_run1.json
51000.0,51.0,,,435.82,sustained_rand_write_120s_qd32_repeat3,rand_write,1,results\external_ssd\sustained_rand_write_120s_qd32_repeat3\sustained_rand_write_120s_qd32_repeat3_run1.json
51052.0,51.052,147.86328125,37853.0,,sustained_rand_write_120s_qd32_repeat3,rand_write,1,results\external_ssd\sustained_rand_write_120s_qd32_repeat3\sustained_rand_write_120s_qd32_repeat3_run1.json
52000.0,52.0,,,391.167,sustained_rand_write_120s_qd32_repeat3,rand_write,1,results\external_ssd\sustained_rand_write_120s_qd32_repeat3\sustained_rand_write_120s_qd32_repeat3_run1.json
52052.0,52.052,166.21875,42552.0,,sustained_rand_write_120s_qd32_repeat3,rand_write,1,results\external_ssd\sustained_rand_write_120s_qd32_repeat3\sustained_rand_write_120s_qd32_repeat3_run1.json
53000.0,53.0,,,324.524,sustained_rand_write_120s_qd32_repeat3,rand_write,1,results\external_ssd\sustained_rand_write_120s_qd32_repeat3\sustained_rand_write_120s_qd32_repeat3_run1.json
53052.0,53.052,194.78125,49864.0,,sustained_rand_write_120s_qd32_repeat3,rand_write,1,results\external_ssd\sustained_rand_write_120s_qd32_repeat3\sustained_rand_write_120s_qd32_repeat3_run1.json
54000.0,54.0,,,424.328,sustained_rand_write_120s_qd32_repeat3,rand_write,1,results\external_ssd\sustained_rand_write_120s_qd32_repeat3\sustained_rand_write_120s_qd32_repeat3_run1.json
54052.0,54.052,149.92578125,38381.0,,sustained_rand_write_120s_qd32_repeat3,rand_write,1,results\external_ssd\sustained_rand_write_120s_qd32_repeat3\sustained_rand_write_120s_qd32_repeat3_run1.json
55000.0,55.0,,,418.259,sustained_rand_write_120s_qd32_repeat3,rand_write,1,results\external_ssd\sustained_rand_write_120s_qd32_repeat3\sustained_rand_write_120s_qd32_repeat3_run1.json
55054.0,55.054,151.578125,38804.0,,sustained_rand_write_120s_qd32_repeat3,rand_write,1,results\external_ssd\sustained_rand_write_120s_qd32_repeat3\sustained_rand_write_120s_qd32_repeat3_run1.json
56000.0,56.0,,,472.821,sustained_rand_write_120s_qd32_repeat3,rand_write,1,results\external_ssd\sustained_rand_write_120s_qd32_repeat3\sustained_rand_write_120s_qd32_repeat3_run1.json
56054.0,56.054,131.99609375,33791.0,,sustained_rand_write_120s_qd32_repeat3,rand_write,1,results\external_ssd\sustained_rand_write_120s_qd32_repeat3\sustained_rand_write_120s_qd32_repeat3_run1.json
57000.0,57.0,,,592.189,sustained_rand_write_120s_qd32_repeat3,rand_write,1,results\external_ssd\sustained_rand_write_120s_qd32_repeat3\sustained_rand_write_120s_qd32_repeat3_run1.json
57055.0,57.055,107.32421875,27475.0,,sustained_rand_write_120s_qd32_repeat3,rand_write,1,results\external_ssd\sustained_rand_write_120s_qd32_repeat3\sustained_rand_write_120s_qd32_repeat3_run1.json
58000.0,58.0,,,503.908,sustained_rand_write_120s_qd32_repeat3,rand_write,1,results\external_ssd\sustained_rand_write_120s_qd32_repeat3\sustained_rand_write_120s_qd32_repeat3_run1.json
58055.0,58.055,126.46484375,32375.0,,sustained_rand_write_120s_qd32_repeat3,rand_write,1,results\external_ssd\sustained_rand_write_120s_qd32_repeat3\sustained_rand_write_120s_qd32_repeat3_run1.json
59000.0,59.0,,,479.403,sustained_rand_write_120s_qd32_repeat3,rand_write,1,results\external_ssd\sustained_rand_write_120s_qd32_repeat3\sustained_rand_write_120s_qd32_repeat3_run1.json
59055.0,59.055,131.16015625,33577.0,,sustained_rand_write_120s_qd32_repeat3,rand_write,1,results\external_ssd\sustained_rand_write_120s_qd32_repeat3\sustained_rand_write_120s_qd32_repeat3_run1.json
60000.0,60.0,,,496.067,sustained_rand_write_120s_qd32_repeat3,rand_write,1,results\external_ssd\sustained_rand_write_120s_qd32_repeat3\sustained_rand_write_120s_qd32_repeat3_run1.json
60056.0,60.056,127.4140625,32618.0,,sustained_rand_write_120s_qd32_repeat3,rand_write,1,results\external_ssd\sustained_rand_write_120s_qd32_repeat3\sustained_rand_write_120s_qd32_repeat3_run1.json
61000.0,61.0,,,521.524,sustained_rand_write_120s_qd32_repeat3,rand_write,1,results\external_ssd\sustained_rand_write_120s_qd32_repeat3\sustained_rand_write_120s_qd32_repeat3_run1.json
61056.0,61.056,121.7265625,31162.0,,sustained_rand_write_120s_qd32_repeat3,rand_write,1,results\external_ssd\sustained_rand_write_120s_qd32_repeat3\sustained_rand_write_120s_qd32_repeat3_run1.json
62000.0,62.0,,,494.82,sustained_rand_write_120s_qd32_repeat3,rand_write,1,results\external_ssd\sustained_rand_write_120s_qd32_repeat3\sustained_rand_write_120s_qd32_repeat3_run1.json
62056.0,62.056,127.4765625,32634.0,,sustained_rand_write_120s_qd32_repeat3,rand_write,1,results\external_ssd\sustained_rand_write_120s_qd32_repeat3\sustained_rand_write_120s_qd32_repeat3_run1.json
63002.0,63.002,,,595.134,sustained_rand_write_120s_qd32_repeat3,rand_write,1,results\external_ssd\sustained_rand_write_120s_qd32_repeat3\sustained_rand_write_120s_qd32_repeat3_run1.json
63056.0,63.056,105.28125,26952.0,,sustained_rand_write_120s_qd32_repeat3,rand_write,1,results\external_ssd\sustained_rand_write_120s_qd32_repeat3\sustained_rand_write_120s_qd32_repeat3_run1.json
64000.0,64.0,,,563.78,sustained_rand_write_120s_qd32_repeat3,rand_write,1,results\external_ssd\sustained_rand_write_120s_qd32_repeat3\sustained_rand_write_120s_qd32_repeat3_run1.json
64058.0,64.058,114.814453125,29392.0,,sustained_rand_write_120s_qd32_repeat3,rand_write,1,results\external_ssd\sustained_rand_write_120s_qd32_repeat3\sustained_rand_write_120s_qd32_repeat3_run1.json
65000.0,65.0,,,454.345,sustained_rand_write_120s_qd32_repeat3,rand_write,1,results\external_ssd\sustained_rand_write_120s_qd32_repeat3\sustained_rand_write_120s_qd32_repeat3_run1.json
65058.0,65.058,139.296875,35660.0,,sustained_rand_write_120s_qd32_repeat3,rand_write,1,results\external_ssd\sustained_rand_write_120s_qd32_repeat3\sustained_rand_write_120s_qd32_repeat3_run1.json
66000.0,66.0,,,531.859,sustained_rand_write_120s_qd32_repeat3,rand_write,1,results\external_ssd\sustained_rand_write_120s_qd32_repeat3\sustained_rand_write_120s_qd32_repeat3_run1.json
66058.0,66.058,118.109375,30236.0,,sustained_rand_write_120s_qd32_repeat3,rand_write,1,results\external_ssd\sustained_rand_write_120s_qd32_repeat3\sustained_rand_write_120s_qd32_repeat3_run1.json
67000.0,67.0,,,488.948,sustained_rand_write_120s_qd32_repeat3,rand_write,1,results\external_ssd\sustained_rand_write_120s_qd32_repeat3\sustained_rand_write_120s_qd32_repeat3_run1.json
67060.0,67.06,129.2021484375,33075.0,,sustained_rand_write_120s_qd32_repeat3,rand_write,1,results\external_ssd\sustained_rand_write_120s_qd32_repeat3\sustained_rand_write_120s_qd32_repeat3_run1.json
68000.0,68.0,,,459.671,sustained_rand_write_120s_qd32_repeat3,rand_write,1,results\external_ssd\sustained_rand_write_120s_qd32_repeat3\sustained_rand_write_120s_qd32_repeat3_run1.json
68061.0,68.061,139.7109375,35766.0,,sustained_rand_write_120s_qd32_repeat3,rand_write,1,results\external_ssd\sustained_rand_write_120s_qd32_repeat3\sustained_rand_write_120s_qd32_repeat3_run1.json
69000.0,69.0,,,429.217,sustained_rand_write_120s_qd32_repeat3,rand_write,1,results\external_ssd\sustained_rand_write_120s_qd32_repeat3\sustained_rand_write_120s_qd32_repeat3_run1.json
69061.0,69.061,148.234375,37948.0,,sustained_rand_write_120s_qd32_repeat3,rand_write,1,results\external_ssd\sustained_rand_write_120s_qd32_repeat3\sustained_rand_write_120s_qd32_repeat3_run1.json
70000.0,70.0,,,431.047,sustained_rand_write_120s_qd32_repeat3,rand_write,1,results\external_ssd\sustained_rand_write_120s_qd32_repeat3\sustained_rand_write_120s_qd32_repeat3_run1.json
70061.0,70.061,148.5625,38032.0,,sustained_rand_write_120s_qd32_repeat3,rand_write,1,results\external_ssd\sustained_rand_write_120s_qd32_repeat3\sustained_rand_write_120s_qd32_repeat3_run1.json
71000.0,71.0,,,437.103,sustained_rand_write_120s_qd32_repeat3,rand_write,1,results\external_ssd\sustained_rand_write_120s_qd32_repeat3\sustained_rand_write_120s_qd32_repeat3_run1.json
71062.0,71.062,144.23046875,36923.0,,sustained_rand_write_120s_qd32_repeat3,rand_write,1,results\external_ssd\sustained_rand_write_120s_qd32_repeat3\sustained_rand_write_120s_qd32_repeat3_run1.json
72000.0,72.0,,,461.154,sustained_rand_write_120s_qd32_repeat3,rand_write,1,results\external_ssd\sustained_rand_write_120s_qd32_repeat3\sustained_rand_write_120s_qd32_repeat3_run1.json
72063.0,72.063,137.6796875,35246.0,,sustained_rand_write_120s_qd32_repeat3,rand_write,1,results\external_ssd\sustained_rand_write_120s_qd32_repeat3\sustained_rand_write_120s_qd32_repeat3_run1.json
73001.0,73.001,,,530.857,sustained_rand_write_120s_qd32_repeat3,rand_write,1,results\external_ssd\sustained_rand_write_120s_qd32_repeat3\sustained_rand_write_120s_qd32_repeat3_run1.json
73064.0,73.064,118.294921875,30283.0,,sustained_rand_write_120s_qd32_repeat3,rand_write,1,results\external_ssd\sustained_rand_write_120s_qd32_repeat3\sustained_rand_write_120s_qd32_repeat3_run1.json
74000.0,74.0,,,554.139,sustained_rand_write_120s_qd32_repeat3,rand_write,1,results\external_ssd\sustained_rand_write_120s_qd32_repeat3\sustained_rand_write_120s_qd32_repeat3_run1.json
74065.0,74.065,113.9013671875,29158.0,,sustained_rand_write_120s_qd32_repeat3,rand_write,1,results\external_ssd\sustained_rand_write_120s_qd32_repeat3\sustained_rand_write_120s_qd32_repeat3_run1.json
75000.0,75.0,,,671.654,sustained_rand_write_120s_qd32_repeat3,rand_write,1,results\external_ssd\sustained_rand_write_120s_qd32_repeat3\sustained_rand_write_120s_qd32_repeat3_run1.json
75065.0,75.065,97.25390625,24897.0,,sustained_rand_write_120s_qd32_repeat3,rand_write,1,results\external_ssd\sustained_rand_write_120s_qd32_repeat3\sustained_rand_write_120s_qd32_repeat3_run1.json
76000.0,76.0,,,563.273,sustained_rand_write_120s_qd32_repeat3,rand_write,1,results\external_ssd\sustained_rand_write_120s_qd32_repeat3\sustained_rand_write_120s_qd32_repeat3_run1.json
76066.0,76.066,107.29296875,27467.0,,sustained_rand_write_120s_qd32_repeat3,rand_write,1,results\external_ssd\sustained_rand_write_120s_qd32_repeat3\sustained_rand_write_120s_qd32_repeat3_run1.json
77001.0,77.001,,,1102.495,sustained_rand_write_120s_qd32_repeat3,rand_write,1,results\external_ssd\sustained_rand_write_120s_qd32_repeat3\sustained_rand_write_120s_qd32_repeat3_run1.json
77144.0,77.144,58.1943359375,14897.0,,sustained_rand_write_120s_qd32_repeat3,rand_write,1,results\external_ssd\sustained_rand_write_120s_qd32_repeat3\sustained_rand_write_120s_qd32_repeat3_run1.json
78000.0,78.0,,,686.631,sustained_rand_write_120s_qd32_repeat3,rand_write,1,results\external_ssd\sustained_rand_write_120s_qd32_repeat3\sustained_rand_write_120s_qd32_repeat3_run1.json
78145.0,78.145,92.69921875,23731.0,,sustained_rand_write_120s_qd32_repeat3,rand_write,1,results\external_ssd\sustained_rand_write_120s_qd32_repeat3\sustained_rand_write_120s_qd32_repeat3_run1.json
79000.0,79.0,,,854.478,sustained_rand_write_120s_qd32_repeat3,rand_write,1,results\external_ssd\sustained_rand_write_120s_qd32_repeat3\sustained_rand_write_120s_qd32_repeat3_run1.json
79145.0,79.145,73.0625,18704.0,,sustained_rand_write_120s_qd32_repeat3,rand_write,1,results\external_ssd\sustained_rand_write_120s_qd32_repeat3\sustained_rand_write_120s_qd32_repeat3_run1.json
80000.0,80.0,,,957.387,sustained_rand_write_120s_qd32_repeat3,rand_write,1,results\external_ssd\sustained_rand_write_120s_qd32_repeat3\sustained_rand_write_120s_qd32_repeat3_run1.json
80145.0,80.145,63.53515625,16265.0,,sustained_rand_write_120s_qd32_repeat3,rand_write,1,results\external_ssd\sustained_rand_write_120s_qd32_repeat3\sustained_rand_write_120s_qd32_repeat3_run1.json
81000.0,81.0,,,969.18,sustained_rand_write_120s_qd32_repeat3,rand_write,1,results\external_ssd\sustained_rand_write_120s_qd32_repeat3\sustained_rand_write_120s_qd32_repeat3_run1.json
81146.0,81.146,68.671875,17580.0,,sustained_rand_write_120s_qd32_repeat3,rand_write,1,results\external_ssd\sustained_rand_write_120s_qd32_repeat3\sustained_rand_write_120s_qd32_repeat3_run1.json
82001.0,82.001,,,662.739,sustained_rand_write_120s_qd32_repeat3,rand_write,1,results\external_ssd\sustained_rand_write_120s_qd32_repeat3\sustained_rand_write_120s_qd32_repeat3_run1.json
82146.0,82.146,102.62890625,26273.0,,sustained_rand_write_120s_qd32_repeat3,rand_write,1,results\external_ssd\sustained_rand_write_120s_qd32_repeat3\sustained_rand_write_120s_qd32_repeat3_run1.json
83000.0,83.0,,,626.089,sustained_rand_write_120s_qd32_repeat3,rand_write,1,results\external_ssd\sustained_rand_write_120s_qd32_repeat3\sustained_rand_write_120s_qd32_repeat3_run1.json
83147.0,83.147,96.95703125,24821.0,,sustained_rand_write_120s_qd32_repeat3,rand_write,1,results\external_ssd\sustained_rand_write_120s_qd32_repeat3\sustained_rand_write_120s_qd32_repeat3_run1.json
84000.0,84.0,,,585.906,sustained_rand_write_120s_qd32_repeat3,rand_write,1,results\external_ssd\sustained_rand_write_120s_qd32_repeat3\sustained_rand_write_120s_qd32_repeat3_run1.json
84148.0,84.148,104.78515625,26825.0,,sustained_rand_write_120s_qd32_repeat3,rand_write,1,results\external_ssd\sustained_rand_write_120s_qd32_repeat3\sustained_rand_write_120s_qd32_repeat3_run1.json
85000.0,85.0,,,669.78,sustained_rand_write_120s_qd32_repeat3,rand_write,1,results\external_ssd\sustained_rand_write_120s_qd32_repeat3\sustained_rand_write_120s_qd32_repeat3_run1.json
85148.0,85.148,94.46875,24184.0,,sustained_rand_write_120s_qd32_repeat3,rand_write,1,results\external_ssd\sustained_rand_write_120s_qd32_repeat3\sustained_rand_write_120s_qd32_repeat3_run1.json
86000.0,86.0,,,571.712,sustained_rand_write_120s_qd32_repeat3,rand_write,1,results\external_ssd\sustained_rand_write_120s_qd32_repeat3\sustained_rand_write_120s_qd32_repeat3_run1.json
86149.0,86.149,112.28515625,28745.0,,sustained_rand_write_120s_qd32_repeat3,rand_write,1,results\external_ssd\sustained_rand_write_120s_qd32_repeat3\sustained_rand_write_120s_qd32_repeat3_run1.json
87000.0,87.0,,,578.41,sustained_rand_write_120s_qd32_repeat3,rand_write,1,results\external_ssd\sustained_rand_write_120s_qd32_repeat3\sustained_rand_write_120s_qd32_repeat3_run1.json
87150.0,87.15,105.5849609375,27029.0,,sustained_rand_write_120s_qd32_repeat3,rand_write,1,results\external_ssd\sustained_rand_write_120s_qd32_repeat3\sustained_rand_write_120s_qd32_repeat3_run1.json
88000.0,88.0,,,474.959,sustained_rand_write_120s_qd32_repeat3,rand_write,1,results\external_ssd\sustained_rand_write_120s_qd32_repeat3\sustained_rand_write_120s_qd32_repeat3_run1.json
88151.0,88.151,142.6298828125,36513.0,,sustained_rand_write_120s_qd32_repeat3,rand_write,1,results\external_ssd\sustained_rand_write_120s_qd32_repeat3\sustained_rand_write_120s_qd32_repeat3_run1.json
89000.0,89.0,,,466.557,sustained_rand_write_120s_qd32_repeat3,rand_write,1,results\external_ssd\sustained_rand_write_120s_qd32_repeat3\sustained_rand_write_120s_qd32_repeat3_run1.json
89151.0,89.151,135.375,34656.0,,sustained_rand_write_120s_qd32_repeat3,rand_write,1,results\external_ssd\sustained_rand_write_120s_qd32_repeat3\sustained_rand_write_120s_qd32_repeat3_run1.json
90000.0,90.0,,,480.686,sustained_rand_write_120s_qd32_repeat3,rand_write,1,results\external_ssd\sustained_rand_write_120s_qd32_repeat3\sustained_rand_write_120s_qd32_repeat3_run1.json
90151.0,90.151,129.85546875,33243.0,,sustained_rand_write_120s_qd32_repeat3,rand_write,1,results\external_ssd\sustained_rand_write_120s_qd32_repeat3\sustained_rand_write_120s_qd32_repeat3_run1.json
91000.0,91.0,,,477.85,sustained_rand_write_120s_qd32_repeat3,rand_write,1,results\external_ssd\sustained_rand_write_120s_qd32_repeat3\sustained_rand_write_120s_qd32_repeat3_run1.json
91152.0,91.152,134.8837890625,34530.0,,sustained_rand_write_120s_qd32_repeat3,rand_write,1,results\external_ssd\sustained_rand_write_120s_qd32_repeat3\sustained_rand_write_120s_qd32_repeat3_run1.json
92000.0,92.0,,,441.834,sustained_rand_write_120s_qd32_repeat3,rand_write,1,results\external_ssd\sustained_rand_write_120s_qd32_repeat3\sustained_rand_write_120s_qd32_repeat3_run1.json
92152.0,92.152,147.140625,37668.0,,sustained_rand_write_120s_qd32_repeat3,rand_write,1,results\external_ssd\sustained_rand_write_120s_qd32_repeat3\sustained_rand_write_120s_qd32_repeat3_run1.json
93000.0,93.0,,,410.035,sustained_rand_write_120s_qd32_repeat3,rand_write,1,results\external_ssd\sustained_rand_write_120s_qd32_repeat3\sustained_rand_write_120s_qd32_repeat3_run1.json
93153.0,93.153,150.24609375,38463.0,,sustained_rand_write_120s_qd32_repeat3,rand_write,1,results\external_ssd\sustained_rand_write_120s_qd32_repeat3\sustained_rand_write_120s_qd32_repeat3_run1.json
94000.0,94.0,,,391.782,sustained_rand_write_120s_qd32_repeat3,rand_write,1,results\external_ssd\sustained_rand_write_120s_qd32_repeat3\sustained_rand_write_120s_qd32_repeat3_run1.json
94153.0,94.153,162.6875,41648.0,,sustained_rand_write_120s_qd32_repeat3,rand_write,1,results\external_ssd\sustained_rand_write_120s_qd32_repeat3\sustained_rand_write_120s_qd32_repeat3_run1.json
95000.0,95.0,,,399.302,sustained_rand_write_120s_qd32_repeat3,rand_write,1,results\external_ssd\sustained_rand_write_120s_qd32_repeat3\sustained_rand_write_120s_qd32_repeat3_run1.json
95153.0,95.153,161.80078125,41421.0,,sustained_rand_write_120s_qd32_repeat3,rand_write,1,results\external_ssd\sustained_rand_write_120s_qd32_repeat3\sustained_rand_write_120s_qd32_repeat3_run1.json
96000.0,96.0,,,461.811,sustained_rand_write_120s_qd32_repeat3,rand_write,1,results\external_ssd\sustained_rand_write_120s_qd32_repeat3\sustained_rand_write_120s_qd32_repeat3_run1.json
96154.0,96.154,135.76171875,34755.0,,sustained_rand_write_120s_qd32_repeat3,rand_write,1,results\external_ssd\sustained_rand_write_120s_qd32_repeat3\sustained_rand_write_120s_qd32_repeat3_run1.json
97000.0,97.0,,,471.451,sustained_rand_write_120s_qd32_repeat3,rand_write,1,results\external_ssd\sustained_rand_write_120s_qd32_repeat3\sustained_rand_write_120s_qd32_repeat3_run1.json
97153.0,97.153,140.5029296875,35968.0,,sustained_rand_write_120s_qd32_repeat3,rand_write,1,results\external_ssd\sustained_rand_write_120s_qd32_repeat3\sustained_rand_write_120s_qd32_repeat3_run1.json
98000.0,98.0,,,497.678,sustained_rand_write_120s_qd32_repeat3,rand_write,1,results\external_ssd\sustained_rand_write_120s_qd32_repeat3\sustained_rand_write_120s_qd32_repeat3_run1.json
98154.0,98.154,125.5615234375,32143.0,,sustained_rand_write_120s_qd32_repeat3,rand_write,1,results\external_ssd\sustained_rand_write_120s_qd32_repeat3\sustained_rand_write_120s_qd32_repeat3_run1.json
99000.0,99.0,,,433.261,sustained_rand_write_120s_qd32_repeat3,rand_write,1,results\external_ssd\sustained_rand_write_120s_qd32_repeat3\sustained_rand_write_120s_qd32_repeat3_run1.json
99154.0,99.154,144.76171875,37059.0,,sustained_rand_write_120s_qd32_repeat3,rand_write,1,results\external_ssd\sustained_rand_write_120s_qd32_repeat3\sustained_rand_write_120s_qd32_repeat3_run1.json
100000.0,100.0,,,460.316,sustained_rand_write_120s_qd32_repeat3,rand_write,1,results\external_ssd\sustained_rand_write_120s_qd32_repeat3\sustained_rand_write_120s_qd32_repeat3_run1.json
100153.0,100.153,139.8115234375,35791.0,,sustained_rand_write_120s_qd32_repeat3,rand_write,1,results\external_ssd\sustained_rand_write_120s_qd32_repeat3\sustained_rand_write_120s_qd32_repeat3_run1.json
101000.0,101.0,,,470.636,sustained_rand_write_120s_qd32_repeat3,rand_write,1,results\external_ssd\sustained_rand_write_120s_qd32_repeat3\sustained_rand_write_120s_qd32_repeat3_run1.json
101154.0,101.154,136.8203125,35026.0,,sustained_rand_write_120s_qd32_repeat3,rand_write,1,results\external_ssd\sustained_rand_write_120s_qd32_repeat3\sustained_rand_write_120s_qd32_repeat3_run1.json
102000.0,102.0,,,473.738,sustained_rand_write_120s_qd32_repeat3,rand_write,1,results\external_ssd\sustained_rand_write_120s_qd32_repeat3\sustained_rand_write_120s_qd32_repeat3_run1.json
102155.0,102.155,130.0078125,33282.0,,sustained_rand_write_120s_qd32_repeat3,rand_write,1,results\external_ssd\sustained_rand_write_120s_qd32_repeat3\sustained_rand_write_120s_qd32_repeat3_run1.json
103000.0,103.0,,,496.788,sustained_rand_write_120s_qd32_repeat3,rand_write,1,results\external_ssd\sustained_rand_write_120s_qd32_repeat3\sustained_rand_write_120s_qd32_repeat3_run1.json
103154.0,103.154,131.162109375,33577.0,,sustained_rand_write_120s_qd32_repeat3,rand_write,1,results\external_ssd\sustained_rand_write_120s_qd32_repeat3\sustained_rand_write_120s_qd32_repeat3_run1.json
104000.0,104.0,,,451.584,sustained_rand_write_120s_qd32_repeat3,rand_write,1,results\external_ssd\sustained_rand_write_120s_qd32_repeat3\sustained_rand_write_120s_qd32_repeat3_run1.json
104155.0,104.155,134.673828125,34476.0,,sustained_rand_write_120s_qd32_repeat3,rand_write,1,results\external_ssd\sustained_rand_write_120s_qd32_repeat3\sustained_rand_write_120s_qd32_repeat3_run1.json
105000.0,105.0,,,478.782,sustained_rand_write_120s_qd32_repeat3,rand_write,1,results\external_ssd\sustained_rand_write_120s_qd32_repeat3\sustained_rand_write_120s_qd32_repeat3_run1.json
105154.0,105.154,142.2353515625,36412.0,,sustained_rand_write_120s_qd32_repeat3,rand_write,1,results\external_ssd\sustained_rand_write_120s_qd32_repeat3\sustained_rand_write_120s_qd32_repeat3_run1.json
106000.0,106.0,,,432.934,sustained_rand_write_120s_qd32_repeat3,rand_write,1,results\external_ssd\sustained_rand_write_120s_qd32_repeat3\sustained_rand_write_120s_qd32_repeat3_run1.json
106155.0,106.155,146.48828125,37501.0,,sustained_rand_write_120s_qd32_repeat3,rand_write,1,results\external_ssd\sustained_rand_write_120s_qd32_repeat3\sustained_rand_write_120s_qd32_repeat3_run1.json
107000.0,107.0,,,426.596,sustained_rand_write_120s_qd32_repeat3,rand_write,1,results\external_ssd\sustained_rand_write_120s_qd32_repeat3\sustained_rand_write_120s_qd32_repeat3_run1.json
107155.0,107.155,153.8828125,39394.0,,sustained_rand_write_120s_qd32_repeat3,rand_write,1,results\external_ssd\sustained_rand_write_120s_qd32_repeat3\sustained_rand_write_120s_qd32_repeat3_run1.json
108000.0,108.0,,,445.823,sustained_rand_write_120s_qd32_repeat3,rand_write,1,results\external_ssd\sustained_rand_write_120s_qd32_repeat3\sustained_rand_write_120s_qd32_repeat3_run1.json
108155.0,108.155,138.046875,35340.0,,sustained_rand_write_120s_qd32_repeat3,rand_write,1,results\external_ssd\sustained_rand_write_120s_qd32_repeat3\sustained_rand_write_120s_qd32_repeat3_run1.json
109000.0,109.0,,,524.932,sustained_rand_write_120s_qd32_repeat3,rand_write,1,results\external_ssd\sustained_rand_write_120s_qd32_repeat3\sustained_rand_write_120s_qd32_repeat3_run1.json
109154.0,109.154,121.50390625,31105.0,,sustained_rand_write_120s_qd32_repeat3,rand_write,1,results\external_ssd\sustained_rand_write_120s_qd32_repeat3\sustained_rand_write_120s_qd32_repeat3_run1.json
110000.0,110.0,,,462.284,sustained_rand_write_120s_qd32_repeat3,rand_write,1,results\external_ssd\sustained_rand_write_120s_qd32_repeat3\sustained_rand_write_120s_qd32_repeat3_run1.json
110154.0,110.154,136.94921875,35059.0,,sustained_rand_write_120s_qd32_repeat3,rand_write,1,results\external_ssd\sustained_rand_write_120s_qd32_repeat3\sustained_rand_write_120s_qd32_repeat3_run1.json
111000.0,111.0,,,455.093,sustained_rand_write_120s_qd32_repeat3,rand_write,1,results\external_ssd\sustained_rand_write_120s_qd32_repeat3\sustained_rand_write_120s_qd32_repeat3_run1.json
111154.0,111.154,138.53515625,35465.0,,sustained_rand_write_120s_qd32_repeat3,rand_write,1,results\external_ssd\sustained_rand_write_120s_qd32_repeat3\sustained_rand_write_120s_qd32_repeat3_run1.json
112000.0,112.0,,,462.961,sustained_rand_write_120s_qd32_repeat3,rand_write,1,results\external_ssd\sustained_rand_write_120s_qd32_repeat3\sustained_rand_write_120s_qd32_repeat3_run1.json
112154.0,112.154,135.126953125,34592.0,,sustained_rand_write_120s_qd32_repeat3,rand_write,1,results\external_ssd\sustained_rand_write_120s_qd32_repeat3\sustained_rand_write_120s_qd32_repeat3_run1.json
113000.0,113.0,,,433.875,sustained_rand_write_120s_qd32_repeat3,rand_write,1,results\external_ssd\sustained_rand_write_120s_qd32_repeat3\sustained_rand_write_120s_qd32_repeat3_run1.json
113154.0,113.154,156.1640625,39978.0,,sustained_rand_write_120s_qd32_repeat3,rand_write,1,results\external_ssd\sustained_rand_write_120s_qd32_repeat3\sustained_rand_write_120s_qd32_repeat3_run1.json
114000.0,114.0,,,440.336,sustained_rand_write_120s_qd32_repeat3,rand_write,1,results\external_ssd\sustained_rand_write_120s_qd32_repeat3\sustained_rand_write_120s_qd32_repeat3_run1.json
114155.0,114.155,142.349609375,36441.0,,sustained_rand_write_120s_qd32_repeat3,rand_write,1,results\external_ssd\sustained_rand_write_120s_qd32_repeat3\sustained_rand_write_120s_qd32_repeat3_run1.json
115000.0,115.0,,,459.653,sustained_rand_write_120s_qd32_repeat3,rand_write,1,results\external_ssd\sustained_rand_write_120s_qd32_repeat3\sustained_rand_write_120s_qd32_repeat3_run1.json
115154.0,115.154,135.642578125,34724.0,,sustained_rand_write_120s_qd32_repeat3,rand_write,1,results\external_ssd\sustained_rand_write_120s_qd32_repeat3\sustained_rand_write_120s_qd32_repeat3_run1.json
116003.0,116.003,,,485.024,sustained_rand_write_120s_qd32_repeat3,rand_write,1,results\external_ssd\sustained_rand_write_120s_qd32_repeat3\sustained_rand_write_120s_qd32_repeat3_run1.json
116154.0,116.154,128.86328125,32989.0,,sustained_rand_write_120s_qd32_repeat3,rand_write,1,results\external_ssd\sustained_rand_write_120s_qd32_repeat3\sustained_rand_write_120s_qd32_repeat3_run1.json
117010.0,117.01,,,460.539,sustained_rand_write_120s_qd32_repeat3,rand_write,1,results\external_ssd\sustained_rand_write_120s_qd32_repeat3\sustained_rand_write_120s_qd32_repeat3_run1.json
117154.0,117.154,138.7578125,35522.0,,sustained_rand_write_120s_qd32_repeat3,rand_write,1,results\external_ssd\sustained_rand_write_120s_qd32_repeat3\sustained_rand_write_120s_qd32_repeat3_run1.json
118000.0,118.0,,,520.524,sustained_rand_write_120s_qd32_repeat3,rand_write,1,results\external_ssd\sustained_rand_write_120s_qd32_repeat3\sustained_rand_write_120s_qd32_repeat3_run1.json
118154.0,118.154,122.5390625,31370.0,,sustained_rand_write_120s_qd32_repeat3,rand_write,1,results\external_ssd\sustained_rand_write_120s_qd32_repeat3\sustained_rand_write_120s_qd32_repeat3_run1.json
119001.0,119.001,,,541.365,sustained_rand_write_120s_qd32_repeat3,rand_write,1,results\external_ssd\sustained_rand_write_120s_qd32_repeat3\sustained_rand_write_120s_qd32_repeat3_run1.json
119154.0,119.154,112.7255859375,28857.0,,sustained_rand_write_120s_qd32_repeat3,rand_write,1,results\external_ssd\sustained_rand_write_120s_qd32_repeat3\sustained_rand_write_120s_qd32_repeat3_run1.json
120000.0,120.0,,,535.697,sustained_rand_write_120s_qd32_repeat3,rand_write,1,results\external_ssd\sustained_rand_write_120s_qd32_repeat3\sustained_rand_write_120s_qd32_repeat3_run1.json
120000.0,120.0,,,312.843,sustained_rand_write_120s_qd32_repeat3,rand_write,1,results\external_ssd\sustained_rand_write_120s_qd32_repeat3\sustained_rand_write_120s_qd32_repeat3_run1.json
120154.0,120.154,102.85546875,26331.0,,sustained_rand_write_120s_qd32_repeat3,rand_write,1,results\external_ssd\sustained_rand_write_120s_qd32_repeat3\sustained_rand_write_120s_qd32_repeat3_run1.json
1001.0,1.001,,,496.792,sustained_rand_write_120s_qd32_repeat3,rand_write,2,results\external_ssd\sustained_rand_write_120s_qd32_repeat3\sustained_rand_write_120s_qd32_repeat3_run2.json
1002.0,1.002,126.2080078125,32309.0,,sustained_rand_write_120s_qd32_repeat3,rand_write,2,results\external_ssd\sustained_rand_write_120s_qd32_repeat3\sustained_rand_write_120s_qd32_repeat3_run2.json
2000.0,2.0,,,452.314,sustained_rand_write_120s_qd32_repeat3,rand_write,2,results\external_ssd\sustained_rand_write_120s_qd32_repeat3\sustained_rand_write_120s_qd32_repeat3_run2.json
2002.0,2.002,141.03515625,36105.0,,sustained_rand_write_120s_qd32_repeat3,rand_write,2,results\external_ssd\sustained_rand_write_120s_qd32_repeat3\sustained_rand_write_120s_qd32_repeat3_run2.json
3000.0,3.0,,,525.181,sustained_rand_write_120s_qd32_repeat3,rand_write,2,results\external_ssd\sustained_rand_write_120s_qd32_repeat3\sustained_rand_write_120s_qd32_repeat3_run2.json
3011.0,3.011,121.546875,31116.0,,sustained_rand_write_120s_qd32_repeat3,rand_write,2,results\external_ssd\sustained_rand_write_120s_qd32_repeat3\sustained_rand_write_120s_qd32_repeat3_run2.json
4000.0,4.0,,,493.314,sustained_rand_write_120s_qd32_repeat3,rand_write,2,results\external_ssd\sustained_rand_write_120s_qd32_repeat3\sustained_rand_write_120s_qd32_repeat3_run2.json
4012.0,4.012,128.5859375,32918.0,,sustained_rand_write_120s_qd32_repeat3,rand_write,2,results\external_ssd\sustained_rand_write_120s_qd32_repeat3\sustained_rand_write_120s_qd32_repeat3_run2.json
5000.0,5.0,,,472.624,sustained_rand_write_120s_qd32_repeat3,rand_write,2,results\external_ssd\sustained_rand_write_120s_qd32_repeat3\sustained_rand_write_120s_qd32_repeat3_run2.json
5012.0,5.012,134.69140625,34481.0,,sustained_rand_write_120s_qd32_repeat3,rand_write,2,results\external_ssd\sustained_rand_write_120s_qd32_repeat3\sustained_rand_write_120s_qd32_repeat3_run2.json
6000.0,6.0,,,468.97,sustained_rand_write_120s_qd32_repeat3,rand_write,2,results\external_ssd\sustained_rand_write_120s_qd32_repeat3\sustained_rand_write_120s_qd32_repeat3_run2.json
6013.0,6.013,135.2939453125,34635.0,,sustained_rand_write_120s_qd32_repeat3,rand_write,2,results\external_ssd\sustained_rand_write_120s_qd32_repeat3\sustained_rand_write_120s_qd32_repeat3_run2.json
7000.0,7.0,,,469.376,sustained_rand_write_120s_qd32_repeat3,rand_write,2,results\external_ssd\sustained_rand_write_120s_qd32_repeat3\sustained_rand_write_120s_qd32_repeat3_run2.json
7014.0,7.014,135.74609375,34751.0,,sustained_rand_write_120s_qd32_repeat3,rand_write,2,results\external_ssd\sustained_rand_write_120s_qd32_repeat3\sustained_rand_write_120s_qd32_repeat3_run2.json
8000.0,8.0,,,480.821,sustained_rand_write_120s_qd32_repeat3,rand_write,2,results\external_ssd\sustained_rand_write_120s_qd32_repeat3\sustained_rand_write_120s_qd32_repeat3_run2.json
8014.0,8.014,132.90625,34024.0,,sustained_rand_write_120s_qd32_repeat3,rand_write,2,results\external_ssd\sustained_rand_write_120s_qd32_repeat3\sustained_rand_write_120s_qd32_repeat3_run2.json
9000.0,9.0,,,461.686,sustained_rand_write_120s_qd32_repeat3,rand_write,2,results\external_ssd\sustained_rand_write_120s_qd32_repeat3\sustained_rand_write_120s_qd32_repeat3_run2.json
9015.0,9.015,137.66015625,35241.0,,sustained_rand_write_120s_qd32_repeat3,rand_write,2,results\external_ssd\sustained_rand_write_120s_qd32_repeat3\sustained_rand_write_120s_qd32_repeat3_run2.json
10000.0,10.0,,,481.334,sustained_rand_write_120s_qd32_repeat3,rand_write,2,results\external_ssd\sustained_rand_write_120s_qd32_repeat3\sustained_rand_write_120s_qd32_repeat3_run2.json
10015.0,10.015,131.78125,33736.0,,sustained_rand_write_120s_qd32_repeat3,rand_write,2,results\external_ssd\sustained_rand_write_120s_qd32_repeat3\sustained_rand_write_120s_qd32_repeat3_run2.json
11000.0,11.0,,,479.382,sustained_rand_write_120s_qd32_repeat3,rand_write,2,results\external_ssd\sustained_rand_write_120s_qd32_repeat3\sustained_rand_write_120s_qd32_repeat3_run2.json
11016.0,11.016,132.46484375,33911.0,,sustained_rand_write_120s_qd32_repeat3,rand_write,2,results\external_ssd\sustained_rand_write_120s_qd32_repeat3\sustained_rand_write_120s_qd32_repeat3_run2.json
12000.0,12.0,,,476.498,sustained_rand_write_120s_qd32_repeat3,rand_write,2,results\external_ssd\sustained_rand_write_120s_qd32_repeat3\sustained_rand_write_120s_qd32_repeat3_run2.json
12017.0,12.017,134.1484375,34342.0,,sustained_rand_write_120s_qd32_repeat3,rand_write,2,results\external_ssd\sustained_rand_write_120s_qd32_repeat3\sustained_rand_write_120s_qd32_repeat3_run2.json
13000.0,13.0,,,442.258,sustained_rand_write_120s_qd32_repeat3,rand_write,2,results\external_ssd\sustained_rand_write_120s_qd32_repeat3\sustained_rand_write_120s_qd32_repeat3_run2.json
13017.0,13.017,143.52734375,36743.0,,sustained_rand_write_120s_qd32_repeat3,rand_write,2,results\external_ssd\sustained_rand_write_120s_qd32_repeat3\sustained_rand_write_120s_qd32_repeat3_run2.json
14000.0,14.0,,,412.688,sustained_rand_write_120s_qd32_repeat3,rand_write,2,results\external_ssd\sustained_rand_write_120s_qd32_repeat3\sustained_rand_write_120s_qd32_repeat3_run2.json
14018.0,14.018,156.6953125,40114.0,,sustained_rand_write_120s_qd32_repeat3,rand_write,2,results\external_ssd\sustained_rand_write_120s_qd32_repeat3\sustained_rand_write_120s_qd32_repeat3_run2.json
15000.0,15.0,,,404.15,sustained_rand_write_120s_qd32_repeat3,rand_write,2,results\external_ssd\sustained_rand_write_120s_qd32_repeat3\sustained_rand_write_120s_qd32_repeat3_run2.json
15018.0,15.018,159.52734375,40839.0,,sustained_rand_write_120s_qd32_repeat3,rand_write,2,results\external_ssd\sustained_rand_write_120s_qd32_repeat3\sustained_rand_write_120s_qd32_repeat3_run2.json
16000.0,16.0,,,362.538,sustained_rand_write_120s_qd32_repeat3,rand_write,2,results\external_ssd\sustained_rand_write_120s_qd32_repeat3\sustained_rand_write_120s_qd32_repeat3_run2.json
16018.0,16.018,176.3125,45136.0,,sustained_rand_write_120s_qd32_repeat3,rand_write,2,results\external_ssd\sustained_rand_write_120s_qd32_repeat3\sustained_rand_write_120s_qd32_repeat3_run2.json
17000.0,17.0,,,348.735,sustained_rand_write_120s_qd32_repeat3,rand_write,2,results\external_ssd\sustained_rand_write_120s_qd32_repeat3\sustained_rand_write_120s_qd32_repeat3_run2.json
17019.0,17.019,183.1328125,46882.0,,sustained_rand_write_120s_qd32_repeat3,rand_write,2,results\external_ssd\sustained_rand_write_120s_qd32_repeat3\sustained_rand_write_120s_qd32_repeat3_run2.json
18000.0,18.0,,,390.747,sustained_rand_write_120s_qd32_repeat3,rand_write,2,results\external_ssd\sustained_rand_write_120s_qd32_repeat3\sustained_rand_write_120s_qd32_repeat3_run2.json
18020.0,18.02,164.1005859375,42009.0,,sustained_rand_write_120s_qd32_repeat3,rand_write,2,results\external_ssd\sustained_rand_write_120s_qd32_repeat3\sustained_rand_write_120s_qd32_repeat3_run2.json
19000.0,19.0,,,448.822,sustained_rand_write_120s_qd32_repeat3,rand_write,2,results\external_ssd\sustained_rand_write_120s_qd32_repeat3\sustained_rand_write_120s_qd32_repeat3_run2.json
19021.0,19.021,140.26953125,35909.0,,sustained_rand_write_120s_qd32_repeat3,rand_write,2,results\external_ssd\sustained_rand_write_120s_qd32_repeat3\sustained_rand_write_120s_qd32_repeat3_run2.json
20000.0,20.0,,,445.953,sustained_rand_write_120s_qd32_repeat3,rand_write,2,results\external_ssd\sustained_rand_write_120s_qd32_repeat3\sustained_rand_write_120s_qd32_repeat3_run2.json
20022.0,20.022,143.4580078125,36725.0,,sustained_rand_write_120s_qd32_repeat3,rand_write,2,results\external_ssd\sustained_rand_write_120s_qd32_repeat3\sustained_rand_write_120s_qd32_repeat3_run2.json
21000.0,21.0,,,492.822,sustained_rand_write_120s_qd32_repeat3,rand_write,2,results\external_ssd\sustained_rand_write_120s_qd32_repeat3\sustained_rand_write_120s_qd32_repeat3_run2.json
21023.0,21.023,129.05859375,33039.0,,sustained_rand_write_120s_qd32_repeat3,rand_write,2,results\external_ssd\sustained_rand_write_120s_qd32_repeat3\sustained_rand_write_120s_qd32_repeat3_run2.json
22000.0,22.0,,,470.303,sustained_rand_write_120s_qd32_repeat3,rand_write,2,results\external_ssd\sustained_rand_write_120s_qd32_repeat3\sustained_rand_write_120s_qd32_repeat3_run2.json
22023.0,22.023,135.47265625,34681.0,,sustained_rand_write_120s_qd32_repeat3,rand_write,2,results\external_ssd\sustained_rand_write_120s_qd32_repeat3\sustained_rand_write_120s_qd32_repeat3_run2.json
23000.0,23.0,,,510.234,sustained_rand_write_120s_qd32_repeat3,rand_write,2,results\external_ssd\sustained_rand_write_120s_qd32_repeat3\sustained_rand_write_120s_qd32_repeat3_run2.json
23024.0,23.024,123.61328125,31645.0,,sustained_rand_write_120s_qd32_repeat3,rand_write,2,results\external_ssd\sustained_rand_write_120s_qd32_repeat3\sustained_rand_write_120s_qd32_repeat3_run2.json
24000.0,24.0,,,435.192,sustained_rand_write_120s_qd32_repeat3,rand_write,2,results\external_ssd\sustained_rand_write_120s_qd32_repeat3\sustained_rand_write_120s_qd32_repeat3_run2.json
24025.0,24.025,147.58984375,37783.0,,sustained_rand_write_120s_qd32_repeat3,rand_write,2,results\external_ssd\sustained_rand_write_120s_qd32_repeat3\sustained_rand_write_120s_qd32_repeat3_run2.json
25000.0,25.0,,,457.924,sustained_rand_write_120s_qd32_repeat3,rand_write,2,results\external_ssd\sustained_rand_write_120s_qd32_repeat3\sustained_rand_write_120s_qd32_repeat3_run2.json
25025.0,25.025,139.48046875,35707.0,,sustained_rand_write_120s_qd32_repeat3,rand_write,2,results\external_ssd\sustained_rand_write_120s_qd32_repeat3\sustained_rand_write_120s_qd32_repeat3_run2.json
26000.0,26.0,,,435.377,sustained_rand_write_120s_qd32_repeat3,rand_write,2,results\external_ssd\sustained_rand_write_120s_qd32_repeat3\sustained_rand_write_120s_qd32_repeat3_run2.json
26026.0,26.026,147.28515625,37705.0,,sustained_rand_write_120s_qd32_repeat3,rand_write,2,results\external_ssd\sustained_rand_write_120s_qd32_repeat3\sustained_rand_write_120s_qd32_repeat3_run2.json
27000.0,27.0,,,422.087,sustained_rand_write_120s_qd32_repeat3,rand_write,2,results\external_ssd\sustained_rand_write_120s_qd32_repeat3\sustained_rand_write_120s_qd32_repeat3_run2.json
27027.0,27.027,152.21484375,38967.0,,sustained_rand_write_120s_qd32_repeat3,rand_write,2,results\external_ssd\sustained_rand_write_120s_qd32_repeat3\sustained_rand_write_120s_qd32_repeat3_run2.json
28000.0,28.0,,,427.977,sustained_rand_write_120s_qd32_repeat3,rand_write,2,results\external_ssd\sustained_rand_write_120s_qd32_repeat3\sustained_rand_write_120s_qd32_repeat3_run2.json
28028.0,28.028,149.76953125,38341.0,,sustained_rand_write_120s_qd32_repeat3,rand_write,2,results\external_ssd\sustained_rand_write_120s_qd32_repeat3\sustained_rand_write_120s_qd32_repeat3_run2.json
29000.0,29.0,,,457.859,sustained_rand_write_120s_qd32_repeat3,rand_write,2,results\external_ssd\sustained_rand_write_120s_qd32_repeat3\sustained_rand_write_120s_qd32_repeat3_run2.json
29029.0,29.029,138.61328125,35485.0,,sustained_rand_write_120s_qd32_repeat3,rand_write,2,results\external_ssd\sustained_rand_write_120s_qd32_repeat3\sustained_rand_write_120s_qd32_repeat3_run2.json
30000.0,30.0,,,477.223,sustained_rand_write_120s_qd32_repeat3,rand_write,2,results\external_ssd\sustained_rand_write_120s_qd32_repeat3\sustained_rand_write_120s_qd32_repeat3_run2.json
30029.0,30.029,133.74609375,34239.0,,sustained_rand_write_120s_qd32_repeat3,rand_write,2,results\external_ssd\sustained_rand_write_120s_qd32_repeat3\sustained_rand_write_120s_qd32_repeat3_run2.json
31000.0,31.0,,,429.919,sustained_rand_write_120s_qd32_repeat3,rand_write,2,results\external_ssd\sustained_rand_write_120s_qd32_repeat3\sustained_rand_write_120s_qd32_repeat3_run2.json
31030.0,31.03,148.6875,38064.0,,sustained_rand_write_120s_qd32_repeat3,rand_write,2,results\external_ssd\sustained_rand_write_120s_qd32_repeat3\sustained_rand_write_120s_qd32_repeat3_run2.json
32000.0,32.0,,,431.252,sustained_rand_write_120s_qd32_repeat3,rand_write,2,results\external_ssd\sustained_rand_write_120s_qd32_repeat3\sustained_rand_write_120s_qd32_repeat3_run2.json
32031.0,32.031,148.21875,37944.0,,sustained_rand_write_120s_qd32_repeat3,rand_write,2,results\external_ssd\sustained_rand_write_120s_qd32_repeat3\sustained_rand_write_120s_qd32_repeat3_run2.json
33000.0,33.0,,,389.582,sustained_rand_write_120s_qd32_repeat3,rand_write,2,results\external_ssd\sustained_rand_write_120s_qd32_repeat3\sustained_rand_write_120s_qd32_repeat3_run2.json
33032.0,33.032,163.2578125,41794.0,,sustained_rand_write_120s_qd32_repeat3,rand_write,2,results\external_ssd\sustained_rand_write_120s_qd32_repeat3\sustained_rand_write_120s_qd32_repeat3_run2.json
34000.0,34.0,,,420.649,sustained_rand_write_120s_qd32_repeat3,rand_write,2,results\external_ssd\sustained_rand_write_120s_qd32_repeat3\sustained_rand_write_120s_qd32_repeat3_run2.json
34033.0,34.033,150.4140625,38506.0,,sustained_rand_write_120s_qd32_repeat3,rand_write,2,results\external_ssd\sustained_rand_write_120s_qd32_repeat3\sustained_rand_write_120s_qd32_repeat3_run2.json
35001.0,35.001,,,433.569,sustained_rand_write_120s_qd32_repeat3,rand_write,2,results\external_ssd\sustained_rand_write_120s_qd32_repeat3\sustained_rand_write_120s_qd32_repeat3_run2.json
35034.0,35.034,146.7578125,37570.0,,sustained_rand_write_120s_qd32_repeat3,rand_write,2,results\external_ssd\sustained_rand_write_120s_qd32_repeat3\sustained_rand_write_120s_qd32_repeat3_run2.json
36000.0,36.0,,,497.896,sustained_rand_write_120s_qd32_repeat3,rand_write,2,results\external_ssd\sustained_rand_write_120s_qd32_repeat3\sustained_rand_write_120s_qd32_repeat3_run2.json
36035.0,36.035,131.46875,33656.0,,sustained_rand_write_120s_qd32_repeat3,rand_write,2,results\external_ssd\sustained_rand_write_120s_qd32_repeat3\sustained_rand_write_120s_qd32_repeat3_run2.json
37000.0,37.0,,,503.7,sustained_rand_write_120s_qd32_repeat3,rand_write,2,results\external_ssd\sustained_rand_write_120s_qd32_repeat3\sustained_rand_write_120s_qd32_repeat3_run2.json
37035.0,37.035,125.55859375,32143.0,,sustained_rand_write_120s_qd32_repeat3,rand_write,2,results\external_ssd\sustained_rand_write_120s_qd32_repeat3\sustained_rand_write_120s_qd32_repeat3_run2.json
38000.0,38.0,,,490.486,sustained_rand_write_120s_qd32_repeat3,rand_write,2,results\external_ssd\sustained_rand_write_120s_qd32_repeat3\sustained_rand_write_120s_qd32_repeat3_run2.json
38036.0,38.036,130.767578125,33476.0,,sustained_rand_write_120s_qd32_repeat3,rand_write,2,results\external_ssd\sustained_rand_write_120s_qd32_repeat3\sustained_rand_write_120s_qd32_repeat3_run2.json
39000.0,39.0,,,449.138,sustained_rand_write_120s_qd32_repeat3,rand_write,2,results\external_ssd\sustained_rand_write_120s_qd32_repeat3\sustained_rand_write_120s_qd32_repeat3_run2.json
39036.0,39.036,141.296875,36172.0,,sustained_rand_write_120s_qd32_repeat3,rand_write,2,results\external_ssd\sustained_rand_write_120s_qd32_repeat3\sustained_rand_write_120s_qd32_repeat3_run2.json
40000.0,40.0,,,388.01,sustained_rand_write_120s_qd32_repeat3,rand_write,2,results\external_ssd\sustained_rand_write_120s_qd32_repeat3\sustained_rand_write_120s_qd32_repeat3_run2.json
40037.0,40.037,164.6865234375,42159.0,,sustained_rand_write_120s_qd32_repeat3,rand_write,2,results\external_ssd\sustained_rand_write_120s_qd32_repeat3\sustained_rand_write_120s_qd32_repeat3_run2.json
41000.0,41.0,,,413.201,sustained_rand_write_120s_qd32_repeat3,rand_write,2,results\external_ssd\sustained_rand_write_120s_qd32_repeat3\sustained_rand_write_120s_qd32_repeat3_run2.json
41038.0,41.038,152.4765625,39034.0,,sustained_rand_write_120s_qd32_repeat3,rand_write,2,results\external_ssd\sustained_rand_write_120s_qd32_repeat3\sustained_rand_write_120s_qd32_repeat3_run2.json
42000.0,42.0,,,399.561,sustained_rand_write_120s_qd32_repeat3,rand_write,2,results\external_ssd\sustained_rand_write_120s_qd32_repeat3\sustained_rand_write_120s_qd32_repeat3_run2.json
42038.0,42.038,159.16015625,40745.0,,sustained_rand_write_120s_qd32_repeat3,rand_write,2,results\external_ssd\sustained_rand_write_120s_qd32_repeat3\sustained_rand_write_120s_qd32_repeat3_run2.json
43000.0,43.0,,,458.437,sustained_rand_write_120s_qd32_repeat3,rand_write,2,results\external_ssd\sustained_rand_write_120s_qd32_repeat3\sustained_rand_write_120s_qd32_repeat3_run2.json
43039.0,43.039,138.4609375,35446.0,,sustained_rand_write_120s_qd32_repeat3,rand_write,2,results\external_ssd\sustained_rand_write_120s_qd32_repeat3\sustained_rand_write_120s_qd32_repeat3_run2.json
44000.0,44.0,,,488.272,sustained_rand_write_120s_qd32_repeat3,rand_write,2,results\external_ssd\sustained_rand_write_120s_qd32_repeat3\sustained_rand_write_120s_qd32_repeat3_run2.json
44039.0,44.039,132.9375,34032.0,,sustained_rand_write_120s_qd32_repeat3,rand_write,2,results\external_ssd\sustained_rand_write_120s_qd32_repeat3\sustained_rand_write_120s_qd32_repeat3_run2.json
45000.0,45.0,,,495.948,sustained_rand_write_120s_qd32_repeat3,rand_write,2,results\external_ssd\sustained_rand_write_120s_qd32_repeat3\sustained_rand_write_120s_qd32_repeat3_run2.json
45040.0,45.04,128.59765625,32921.0,,sustained_rand_write_120s_qd32_repeat3,rand_write,2,results\external_ssd\sustained_rand_write_120s_qd32_repeat3\sustained_rand_write_120s_qd32_repeat3_run2.json
46000.0,46.0,,,506.032,sustained_rand_write_120s_qd32_repeat3,rand_write,2,results\external_ssd\sustained_rand_write_120s_qd32_repeat3\sustained_rand_write_120s_qd32_repeat3_run2.json
46041.0,46.041,124.10546875,31771.0,,sustained_rand_write_120s_qd32_repeat3,rand_write,2,results\external_ssd\sustained_rand_write_120s_qd32_repeat3\sustained_rand_write_120s_qd32_repeat3_run2.json
47000.0,47.0,,,490.315,sustained_rand_write_120s_qd32_repeat3,rand_write,2,results\external_ssd\sustained_rand_write_120s_qd32_repeat3\sustained_rand_write_120s_qd32_repeat3_run2.json
47042.0,47.042,129.98828125,33277.0,,sustained_rand_write_120s_qd32_repeat3,rand_write,2,results\external_ssd\sustained_rand_write_120s_qd32_repeat3\sustained_rand_write_120s_qd32_repeat3_run2.json
48000.0,48.0,,,471.936,sustained_rand_write_120s_qd32_repeat3,rand_write,2,results\external_ssd\sustained_rand_write_120s_qd32_repeat3\sustained_rand_write_120s_qd32_repeat3_run2.json
48042.0,48.042,135.74609375,34751.0,,sustained_rand_write_120s_qd32_repeat3,rand_write,2,results\external_ssd\sustained_rand_write_120s_qd32_repeat3\sustained_rand_write_120s_qd32_repeat3_run2.json
49000.0,49.0,,,468.976,sustained_rand_write_120s_qd32_repeat3,rand_write,2,results\external_ssd\sustained_rand_write_120s_qd32_repeat3\sustained_rand_write_120s_qd32_repeat3_run2.json
49043.0,49.043,135.4111328125,34665.0,,sustained_rand_write_120s_qd32_repeat3,rand_write,2,results\external_ssd\sustained_rand_write_120s_qd32_repeat3\sustained_rand_write_120s_qd32_repeat3_run2.json
50000.0,50.0,,,540.082,sustained_rand_write_120s_qd32_repeat3,rand_write,2,results\external_ssd\sustained_rand_write_120s_qd32_repeat3\sustained_rand_write_120s_qd32_repeat3_run2.json
50044.0,50.044,114.2568359375,29249.0,,sustained_rand_write_120s_qd32_repeat3,rand_write,2,results\external_ssd\sustained_rand_write_120s_qd32_repeat3\sustained_rand_write_120s_qd32_repeat3_run2.json
51000.0,51.0,,,502.641,sustained_rand_write_120s_qd32_repeat3,rand_write,2,results\external_ssd\sustained_rand_write_120s_qd32_repeat3\sustained_rand_write_120s_qd32_repeat3_run2.json
51045.0,51.045,125.07421875,32019.0,,sustained_rand_write_120s_qd32_repeat3,rand_write,2,results\external_ssd\sustained_rand_write_120s_qd32_repeat3\sustained_rand_write_120s_qd32_repeat3_run2.json
52000.0,52.0,,,496.62,sustained_rand_write_120s_qd32_repeat3,rand_write,2,results\external_ssd\sustained_rand_write_120s_qd32_repeat3\sustained_rand_write_120s_qd32_repeat3_run2.json
52046.0,52.046,133.939453125,34288.0,,sustained_rand_write_120s_qd32_repeat3,rand_write,2,results\external_ssd\sustained_rand_write_120s_qd32_repeat3\sustained_rand_write_120s_qd32_repeat3_run2.json
53000.0,53.0,,,487.366,sustained_rand_write_120s_qd32_repeat3,rand_write,2,results\external_ssd\sustained_rand_write_120s_qd32_repeat3\sustained_rand_write_120s_qd32_repeat3_run2.json
53047.0,53.047,129.6328125,33186.0,,sustained_rand_write_120s_qd32_repeat3,rand_write,2,results\external_ssd\sustained_rand_write_120s_qd32_repeat3\sustained_rand_write_120s_qd32_repeat3_run2.json
54000.0,54.0,,,525.487,sustained_rand_write_120s_qd32_repeat3,rand_write,2,results\external_ssd\sustained_rand_write_120s_qd32_repeat3\sustained_rand_write_120s_qd32_repeat3_run2.json
54048.0,54.048,121.0625,30992.0,,sustained_rand_write_120s_qd32_repeat3,rand_write,2,results\external_ssd\sustained_rand_write_120s_qd32_repeat3\sustained_rand_write_120s_qd32_repeat3_run2.json
55000.0,55.0,,,454.566,sustained_rand_write_120s_qd32_repeat3,rand_write,2,results\external_ssd\sustained_rand_write_120s_qd32_repeat3\sustained_rand_write_120s_qd32_repeat3_run2.json
55049.0,55.049,141.296875,36172.0,,sustained_rand_write_120s_qd32_repeat3,rand_write,2,results\external_ssd\sustained_rand_write_120s_qd32_repeat3\sustained_rand_write_120s_qd32_repeat3_run2.json
56000.0,56.0,,,477.324,sustained_rand_write_120s_qd32_repeat3,rand_write,2,results\external_ssd\sustained_rand_write_120s_qd32_repeat3\sustained_rand_write_120s_qd32_repeat3_run2.json
56050.0,56.05,132.53125,33928.0,,sustained_rand_write_120s_qd32_repeat3,rand_write,2,results\external_ssd\sustained_rand_write_120s_qd32_repeat3\sustained_rand_write_120s_qd32_repeat3_run2.json
57000.0,57.0,,,471.775,sustained_rand_write_120s_qd32_repeat3,rand_write,2,results\external_ssd\sustained_rand_write_120s_qd32_repeat3\sustained_rand_write_120s_qd32_repeat3_run2.json
57050.0,57.05,134.98828125,34557.0,,sustained_rand_write_120s_qd32_repeat3,rand_write,2,results\external_ssd\sustained_rand_write_120s_qd32_repeat3\sustained_rand_write_120s_qd32_repeat3_run2.json
58000.0,58.0,,,466.397,sustained_rand_write_120s_qd32_repeat3,rand_write,2,results\external_ssd\sustained_rand_write_120s_qd32_repeat3\sustained_rand_write_120s_qd32_repeat3_run2.json
58051.0,58.051,136.12109375,34847.0,,sustained_rand_write_120s_qd32_repeat3,rand_write,2,results\external_ssd\sustained_rand_write_120s_qd32_repeat3\sustained_rand_write_120s_qd32_repeat3_run2.json
59000.0,59.0,,,418.772,sustained_rand_write_120s_qd32_repeat3,rand_write,2,results\external_ssd\sustained_rand_write_120s_qd32_repeat3\sustained_rand_write_120s_qd32_repeat3_run2.json
59051.0,59.051,154.6015625,39578.0,,sustained_rand_write_120s_qd32_repeat3,rand_write,2,results\external_ssd\sustained_rand_write_120s_qd32_repeat3\sustained_rand_write_120s_qd32_repeat3_run2.json
60000.0,60.0,,,353.227,sustained_rand_write_120s_qd32_repeat3,rand_write,2,results\external_ssd\sustained_rand_write_120s_qd32_repeat3\sustained_rand_write_120s_qd32_repeat3_run2.json
60051.0,60.051,180.74609375,46271.0,,sustained_rand_write_120s_qd32_repeat3,rand_write,2,results\external_ssd\sustained_rand_write_120s_qd32_repeat3\sustained_rand_write_120s_qd32_repeat3_run2.json
61000.0,61.0,,,387.134,sustained_rand_write_120s_qd32_repeat3,rand_write,2,results\external_ssd\sustained_rand_write_120s_qd32_repeat3\sustained_rand_write_120s_qd32_repeat3_run2.json
61051.0,61.051,166.375,42592.0,,sustained_rand_write_120s_qd32_repeat3,rand_write,2,results\external_ssd\sustained_rand_write_120s_qd32_repeat3\sustained_rand_write_120s_qd32_repeat3_run2.json
62000.0,62.0,,,395.712,sustained_rand_write_120s_qd32_repeat3,rand_write,2,results\external_ssd\sustained_rand_write_120s_qd32_repeat3\sustained_rand_write_120s_qd32_repeat3_run2.json
62052.0,62.052,158.9140625,40682.0,,sustained_rand_write_120s_qd32_repeat3,rand_write,2,results\external_ssd\sustained_rand_write_120s_qd32_repeat3\sustained_rand_write_120s_qd32_repeat3_run2.json
63000.0,63.0,,,392.739,sustained_rand_write_120s_qd32_repeat3,rand_write,2,results\external_ssd\sustained_rand_write_120s_qd32_repeat3\sustained_rand_write_120s_qd32_repeat3_run2.json
63053.0,63.053,161.3984375,41318.0,,sustained_rand_write_120s_qd32_repeat3,rand_write,2,results\external_ssd\sustained_rand_write_120s_qd32_repeat3\sustained_rand_write_120s_qd32_repeat3_run2.json
64000.0,64.0,,,484.961,sustained_rand_write_120s_qd32_repeat3,rand_write,2,results\external_ssd\sustained_rand_write_120s_qd32_repeat3\sustained_rand_write_120s_qd32_repeat3_run2.json
64054.0,64.054,130.275390625,33350.0,,sustained_rand_write_120s_qd32_repeat3,rand_write,2,results\external_ssd\sustained_rand_write_120s_qd32_repeat3\sustained_rand_write_120s_qd32_repeat3_run2.json
65000.0,65.0,,,507.669,sustained_rand_write_120s_qd32_repeat3,rand_write,2,results\external_ssd\sustained_rand_write_120s_qd32_repeat3\sustained_rand_write_120s_qd32_repeat3_run2.json
65055.0,65.055,124.37109375,31839.0,,sustained_rand_write_120s_qd32_repeat3,rand_write,2,results\external_ssd\sustained_rand_write_120s_qd32_repeat3\sustained_rand_write_120s_qd32_repeat3_run2.json
66000.0,66.0,,,462.097,sustained_rand_write_120s_qd32_repeat3,rand_write,2,results\external_ssd\sustained_rand_write_120s_qd32_repeat3\sustained_rand_write_120s_qd32_repeat3_run2.json
66056.0,66.056,138.0625,35344.0,,sustained_rand_write_120s_qd32_repeat3,rand_write,2,results\external_ssd\sustained_rand_write_120s_qd32_repeat3\sustained_rand_write_120s_qd32_repeat3_run2.json
67000.0,67.0,,,422.796,sustained_rand_write_120s_qd32_repeat3,rand_write,2,results\external_ssd\sustained_rand_write_120s_qd32_repeat3\sustained_rand_write_120s_qd32_repeat3_run2.json
67057.0,67.057,152.26953125,38981.0,,sustained_rand_write_120s_qd32_repeat3,rand_write,2,results\external_ssd\sustained_rand_write_120s_qd32_repeat3\sustained_rand_write_120s_qd32_repeat3_run2.json
68000.0,68.0,,,376.604,sustained_rand_write_120s_qd32_repeat3,rand_write,2,results\external_ssd\sustained_rand_write_120s_qd32_repeat3\sustained_rand_write_120s_qd32_repeat3_run2.json
68058.0,68.058,169.19921875,43315.0,,sustained_rand_write_120s_qd32_repeat3,rand_write,2,results\external_ssd\sustained_rand_write_120s_qd32_repeat3\sustained_rand_write_120s_qd32_repeat3_run2.json
69000.0,69.0,,,387.154,sustained_rand_write_120s_qd32_repeat3,rand_write,2,results\external_ssd\sustained_rand_write_120s_qd32_repeat3\sustained_rand_write_120s_qd32_repeat3_run2.json
69059.0,69.059,167.21484375,42807.0,,sustained_rand_write_120s_qd32_repeat3,rand_write,2,results\external_ssd\sustained_rand_write_120s_qd32_repeat3\sustained_rand_write_120s_qd32_repeat3_run2.json
70000.0,70.0,,,376.37,sustained_rand_write_120s_qd32_repeat3,rand_write,2,results\external_ssd\sustained_rand_write_120s_qd32_repeat3\sustained_rand_write_120s_qd32_repeat3_run2.json
70059.0,70.059,170.51171875,43651.0,,sustained_rand_write_120s_qd32_repeat3,rand_write,2,results\external_ssd\sustained_rand_write_120s_qd32_repeat3\sustained_rand_write_120s_qd32_repeat3_run2.json
71000.0,71.0,,,437.946,sustained_rand_write_120s_qd32_repeat3,rand_write,2,results\external_ssd\sustained_rand_write_120s_qd32_repeat3\sustained_rand_write_120s_qd32_repeat3_run2.json
71060.0,71.06,143.359375,36700.0,,sustained_rand_write_120s_qd32_repeat3,rand_write,2,results\external_ssd\sustained_rand_write_120s_qd32_repeat3\sustained_rand_write_120s_qd32_repeat3_run2.json
72000.0,72.0,,,473.132,sustained_rand_write_120s_qd32_repeat3,rand_write,2,results\external_ssd\sustained_rand_write_120s_qd32_repeat3\sustained_rand_write_120s_qd32_repeat3_run2.json
72061.0,72.061,132.1953125,33842.0,,sustained_rand_write_120s_qd32_repeat3,rand_write,2,results\external_ssd\sustained_rand_write_120s_qd32_repeat3\sustained_rand_write_120s_qd32_repeat3_run2.json
73000.0,73.0,,,552.546,sustained_rand_write_120s_qd32_repeat3,rand_write,2,results\external_ssd\sustained_rand_write_120s_qd32_repeat3\sustained_rand_write_120s_qd32_repeat3_run2.json
73061.0,73.061,114.7265625,29370.0,,sustained_rand_write_120s_qd32_repeat3,rand_write,2,results\external_ssd\sustained_rand_write_120s_qd32_repeat3\sustained_rand_write_120s_qd32_repeat3_run2.json
74000.0,74.0,,,521.339,sustained_rand_write_120s_qd32_repeat3,rand_write,2,results\external_ssd\sustained_rand_write_120s_qd32_repeat3\sustained_rand_write_120s_qd32_repeat3_run2.json
74062.0,74.062,123.55859375,31631.0,,sustained_rand_write_120s_qd32_repeat3,rand_write,2,results\external_ssd\sustained_rand_write_120s_qd32_repeat3\sustained_rand_write_120s_qd32_repeat3_run2.json
75000.0,75.0,,,458.139,sustained_rand_write_120s_qd32_repeat3,rand_write,2,results\external_ssd\sustained_rand_write_120s_qd32_repeat3\sustained_rand_write_120s_qd32_repeat3_run2.json
75063.0,75.063,137.4052734375,35175.0,,sustained_rand_write_120s_qd32_repeat3,rand_write,2,results\external_ssd\sustained_rand_write_120s_qd32_repeat3\sustained_rand_write_120s_qd32_repeat3_run2.json
76000.0,76.0,,,423.303,sustained_rand_write_120s_qd32_repeat3,rand_write,2,results\external_ssd\sustained_rand_write_120s_qd32_repeat3\sustained_rand_write_120s_qd32_repeat3_run2.json
76064.0,76.064,151.078125,38676.0,,sustained_rand_write_120s_qd32_repeat3,rand_write,2,results\external_ssd\sustained_rand_write_120s_qd32_repeat3\sustained_rand_write_120s_qd32_repeat3_run2.json
77000.0,77.0,,,410.527,sustained_rand_write_120s_qd32_repeat3,rand_write,2,results\external_ssd\sustained_rand_write_120s_qd32_repeat3\sustained_rand_write_120s_qd32_repeat3_run2.json
77064.0,77.064,157.7421875,40382.0,,sustained_rand_write_120s_qd32_repeat3,rand_write,2,results\external_ssd\sustained_rand_write_120s_qd32_repeat3\sustained_rand_write_120s_qd32_repeat3_run2.json
78000.0,78.0,,,344.679,sustained_rand_write_120s_qd32_repeat3,rand_write,2,results\external_ssd\sustained_rand_write_120s_qd32_repeat3\sustained_rand_write_120s_qd32_repeat3_run2.json
78065.0,78.065,184.1669921875,47146.0,,sustained_rand_write_120s_qd32_repeat3,rand_write,2,results\external_ssd\sustained_rand_write_120s_qd32_repeat3\sustained_rand_write_120s_qd32_repeat3_run2.json
79000.0,79.0,,,450.12,sustained_rand_write_120s_qd32_repeat3,rand_write,2,results\external_ssd\sustained_rand_write_120s_qd32_repeat3\sustained_rand_write_120s_qd32_repeat3_run2.json
79066.0,79.066,137.8046875,35278.0,,sustained_rand_write_120s_qd32_repeat3,rand_write,2,results\external_ssd\sustained_rand_write_120s_qd32_repeat3\sustained_rand_write_120s_qd32_repeat3_run2.json
80000.0,80.0,,,505.971,sustained_rand_write_120s_qd32_repeat3,rand_write,2,results\external_ssd\sustained_rand_write_120s_qd32_repeat3\sustained_rand_write_120s_qd32_repeat3_run2.json
80067.0,80.067,126.3359375,32342.0,,sustained_rand_write_120s_qd32_repeat3,rand_write,2,results\external_ssd\sustained_rand_write_120s_qd32_repeat3\sustained_rand_write_120s_qd32_repeat3_run2.json
81000.0,81.0,,,453.734,sustained_rand_write_120s_qd32_repeat3,rand_write,2,results\external_ssd\sustained_rand_write_120s_qd32_repeat3\sustained_rand_write_120s_qd32_repeat3_run2.json
81067.0,81.067,139.51953125,35717.0,,sustained_rand_write_120s_qd32_repeat3,rand_write,2,results\external_ssd\sustained_rand_write_120s_qd32_repeat3\sustained_rand_write_120s_qd32_repeat3_run2.json
82001.0,82.001,,,501.947,sustained_rand_write_120s_qd32_repeat3,rand_write,2,results\external_ssd\sustained_rand_write_120s_qd32_repeat3\sustained_rand_write_120s_qd32_repeat3_run2.json
82069.0,82.069,127.6025390625,32666.0,,sustained_rand_write_120s_qd32_repeat3,rand_write,2,results\external_ssd\sustained_rand_write_120s_qd32_repeat3\sustained_rand_write_120s_qd32_repeat3_run2.json
83000.0,83.0,,,480.088,sustained_rand_write_120s_qd32_repeat3,rand_write,2,results\external_ssd\sustained_rand_write_120s_qd32_repeat3\sustained_rand_write_120s_qd32_repeat3_run2.json
83069.0,83.069,130.8359375,33494.0,,sustained_rand_write_120s_qd32_repeat3,rand_write,2,results\external_ssd\sustained_rand_write_120s_qd32_repeat3\sustained_rand_write_120s_qd32_repeat3_run2.json
84000.0,84.0,,,470.411,sustained_rand_write_120s_qd32_repeat3,rand_write,2,results\external_ssd\sustained_rand_write_120s_qd32_repeat3\sustained_rand_write_120s_qd32_repeat3_run2.json
84070.0,84.07,137.3076171875,35150.0,,sustained_rand_write_120s_qd32_repeat3,rand_write,2,results\external_ssd\sustained_rand_write_120s_qd32_repeat3\sustained_rand_write_120s_qd32_repeat3_run2.json
85000.0,85.0,,,474.655,sustained_rand_write_120s_qd32_repeat3,rand_write,2,results\external_ssd\sustained_rand_write_120s_qd32_repeat3\sustained_rand_write_120s_qd32_repeat3_run2.json
85071.0,85.071,135.08984375,34583.0,,sustained_rand_write_120s_qd32_repeat3,rand_write,2,results\external_ssd\sustained_rand_write_120s_qd32_repeat3\sustained_rand_write_120s_qd32_repeat3_run2.json
86000.0,86.0,,,472.167,sustained_rand_write_120s_qd32_repeat3,rand_write,2,results\external_ssd\sustained_rand_write_120s_qd32_repeat3\sustained_rand_write_120s_qd32_repeat3_run2.json
86072.0,86.072,133.3359375,34134.0,,sustained_rand_write_120s_qd32_repeat3,rand_write,2,results\external_ssd\sustained_rand_write_120s_qd32_repeat3\sustained_rand_write_120s_qd32_repeat3_run2.json
87000.0,87.0,,,481.597,sustained_rand_write_120s_qd32_repeat3,rand_write,2,results\external_ssd\sustained_rand_write_120s_qd32_repeat3\sustained_rand_write_120s_qd32_repeat3_run2.json
87073.0,87.073,131.1650390625,33578.0,,sustained_rand_write_120s_qd32_repeat3,rand_write,2,results\external_ssd\sustained_rand_write_120s_qd32_repeat3\sustained_rand_write_120s_qd32_repeat3_run2.json
88000.0,88.0,,,456.457,sustained_rand_write_120s_qd32_repeat3,rand_write,2,results\external_ssd\sustained_rand_write_120s_qd32_repeat3\sustained_rand_write_120s_qd32_repeat3_run2.json
88074.0,88.074,138.90625,35560.0,,sustained_rand_write_120s_qd32_repeat3,rand_write,2,results\external_ssd\sustained_rand_write_120s_qd32_repeat3\sustained_rand_write_120s_qd32_repeat3_run2.json
89001.0,89.001,,,519.686,sustained_rand_write_120s_qd32_repeat3,rand_write,2,results\external_ssd\sustained_rand_write_120s_qd32_repeat3\sustained_rand_write_120s_qd32_repeat3_run2.json
89075.0,89.075,122.0224609375,31237.0,,sustained_rand_write_120s_qd32_repeat3,rand_write,2,results\external_ssd\sustained_rand_write_120s_qd32_repeat3\sustained_rand_write_120s_qd32_repeat3_run2.json
90000.0,90.0,,,494.416,sustained_rand_write_120s_qd32_repeat3,rand_write,2,results\external_ssd\sustained_rand_write_120s_qd32_repeat3\sustained_rand_write_120s_qd32_repeat3_run2.json
90076.0,90.076,131.8095703125,33743.0,,sustained_rand_write_120s_qd32_repeat3,rand_write,2,results\external_ssd\sustained_rand_write_120s_qd32_repeat3\sustained_rand_write_120s_qd32_repeat3_run2.json
91000.0,91.0,,,517.202,sustained_rand_write_120s_qd32_repeat3,rand_write,2,results\external_ssd\sustained_rand_write_120s_qd32_repeat3\sustained_rand_write_120s_qd32_repeat3_run2.json
91077.0,91.077,122.6015625,31386.0,,sustained_rand_write_120s_qd32_repeat3,rand_write,2,results\external_ssd\sustained_rand_write_120s_qd32_repeat3\sustained_rand_write_120s_qd32_repeat3_run2.json
92000.0,92.0,,,498.426,sustained_rand_write_120s_qd32_repeat3,rand_write,2,results\external_ssd\sustained_rand_write_120s_qd32_repeat3\sustained_rand_write_120s_qd32_repeat3_run2.json
92078.0,92.078,128.1484375,32806.0,,sustained_rand_write_120s_qd32_repeat3,rand_write,2,results\external_ssd\sustained_rand_write_120s_qd32_repeat3\sustained_rand_write_120s_qd32_repeat3_run2.json
93000.0,93.0,,,506.865,sustained_rand_write_120s_qd32_repeat3,rand_write,2,results\external_ssd\sustained_rand_write_120s_qd32_repeat3\sustained_rand_write_120s_qd32_repeat3_run2.json
93078.0,93.078,124.640625,31908.0,,sustained_rand_write_120s_qd32_repeat3,rand_write,2,results\external_ssd\sustained_rand_write_120s_qd32_repeat3\sustained_rand_write_120s_qd32_repeat3_run2.json
94000.0,94.0,,,472.441,sustained_rand_write_120s_qd32_repeat3,rand_write,2,results\external_ssd\sustained_rand_write_120s_qd32_repeat3\sustained_rand_write_120s_qd32_repeat3_run2.json
94079.0,94.079,136.05859375,34831.0,,sustained_rand_write_120s_qd32_repeat3,rand_write,2,results\external_ssd\sustained_rand_write_120s_qd32_repeat3\sustained_rand_write_120s_qd32_repeat3_run2.json
95000.0,95.0,,,457.866,sustained_rand_write_120s_qd32_repeat3,rand_write,2,results\external_ssd\sustained_rand_write_120s_qd32_repeat3\sustained_rand_write_120s_qd32_repeat3_run2.json
95081.0,95.081,138.9462890625,35570.0,,sustained_rand_write_120s_qd32_repeat3,rand_write,2,results\external_ssd\sustained_rand_write_120s_qd32_repeat3\sustained_rand_write_120s_qd32_repeat3_run2.json
96000.0,96.0,,,470.062,sustained_rand_write_120s_qd32_repeat3,rand_write,2,results\external_ssd\sustained_rand_write_120s_qd32_repeat3\sustained_rand_write_120s_qd32_repeat3_run2.json
96081.0,96.081,135.625,34720.0,,sustained_rand_write_120s_qd32_repeat3,rand_write,2,results\external_ssd\sustained_rand_write_120s_qd32_repeat3\sustained_rand_write_120s_qd32_repeat3_run2.json
97001.0,97.001,,,456.216,sustained_rand_write_120s_qd32_repeat3,rand_write,2,results\external_ssd\sustained_rand_write_120s_qd32_repeat3\sustained_rand_write_120s_qd32_repeat3_run2.json
97082.0,97.082,137.2880859375,35145.0,,sustained_rand_write_120s_qd32_repeat3,rand_write,2,results\external_ssd\sustained_rand_write_120s_qd32_repeat3\sustained_rand_write_120s_qd32_repeat3_run2.json
98000.0,98.0,,,519.823,sustained_rand_write_120s_qd32_repeat3,rand_write,2,results\external_ssd\sustained_rand_write_120s_qd32_repeat3\sustained_rand_write_120s_qd32_repeat3_run2.json
98083.0,98.083,122.44140625,31345.0,,sustained_rand_write_120s_qd32_repeat3,rand_write,2,results\external_ssd\sustained_rand_write_120s_qd32_repeat3\sustained_rand_write_120s_qd32_repeat3_run2.json
99001.0,99.001,,,480.694,sustained_rand_write_120s_qd32_repeat3,rand_write,2,results\external_ssd\sustained_rand_write_120s_qd32_repeat3\sustained_rand_write_120s_qd32_repeat3_run2.json
99084.0,99.084,131.2548828125,33601.0,,sustained_rand_write_120s_qd32_repeat3,rand_write,2,results\external_ssd\sustained_rand_write_120s_qd32_repeat3\sustained_rand_write_120s_qd32_repeat3_run2.json
100000.0,100.0,,,467.357,sustained_rand_write_120s_qd32_repeat3,rand_write,2,results\external_ssd\sustained_rand_write_120s_qd32_repeat3\sustained_rand_write_120s_qd32_repeat3_run2.json
100085.0,100.085,138.9306640625,35566.0,,sustained_rand_write_120s_qd32_repeat3,rand_write,2,results\external_ssd\sustained_rand_write_120s_qd32_repeat3\sustained_rand_write_120s_qd32_repeat3_run2.json
101000.0,101.0,,,410.889,sustained_rand_write_120s_qd32_repeat3,rand_write,2,results\external_ssd\sustained_rand_write_120s_qd32_repeat3\sustained_rand_write_120s_qd32_repeat3_run2.json
101086.0,101.086,155.390625,39780.0,,sustained_rand_write_120s_qd32_repeat3,rand_write,2,results\external_ssd\sustained_rand_write_120s_qd32_repeat3\sustained_rand_write_120s_qd32_repeat3_run2.json
102000.0,102.0,,,479.1,sustained_rand_write_120s_qd32_repeat3,rand_write,2,results\external_ssd\sustained_rand_write_120s_qd32_repeat3\sustained_rand_write_120s_qd32_repeat3_run2.json
102087.0,102.087,132.8427734375,34007.0,,sustained_rand_write_120s_qd32_repeat3,rand_write,2,results\external_ssd\sustained_rand_write_120s_qd32_repeat3\sustained_rand_write_120s_qd32_repeat3_run2.json
103000.0,103.0,,,444.811,sustained_rand_write_120s_qd32_repeat3,rand_write,2,results\external_ssd\sustained_rand_write_120s_qd32_repeat3\sustained_rand_write_120s_qd32_repeat3_run2.json
103088.0,103.088,143.6015625,36762.0,,sustained_rand_write_120s_qd32_repeat3,rand_write,2,results\external_ssd\sustained_rand_write_120s_qd32_repeat3\sustained_rand_write_120s_qd32_repeat3_run2.json
104000.0,104.0,,,401.687,sustained_rand_write_120s_qd32_repeat3,rand_write,2,results\external_ssd\sustained_rand_write_120s_qd32_repeat3\sustained_rand_write_120s_qd32_repeat3_run2.json
104088.0,104.088,157.74609375,40383.0,,sustained_rand_write_120s_qd32_repeat3,rand_write,2,results\external_ssd\sustained_rand_write_120s_qd32_repeat3\sustained_rand_write_120s_qd32_repeat3_run2.json
105000.0,105.0,,,379.805,sustained_rand_write_120s_qd32_repeat3,rand_write,2,results\external_ssd\sustained_rand_write_120s_qd32_repeat3\sustained_rand_write_120s_qd32_repeat3_run2.json
105089.0,105.089,172.71875,44216.0,,sustained_rand_write_120s_qd32_repeat3,rand_write,2,results\external_ssd\sustained_rand_write_120s_qd32_repeat3\sustained_rand_write_120s_qd32_repeat3_run2.json
106000.0,106.0,,,366.3,sustained_rand_write_120s_qd32_repeat3,rand_write,2,results\external_ssd\sustained_rand_write_120s_qd32_repeat3\sustained_rand_write_120s_qd32_repeat3_run2.json
106090.0,106.09,170.15234375,43559.0,,sustained_rand_write_120s_qd32_repeat3,rand_write,2,results\external_ssd\sustained_rand_write_120s_qd32_repeat3\sustained_rand_write_120s_qd32_repeat3_run2.json
107000.0,107.0,,,453.122,sustained_rand_write_120s_qd32_repeat3,rand_write,2,results\external_ssd\sustained_rand_write_120s_qd32_repeat3\sustained_rand_write_120s_qd32_repeat3_run2.json
107090.0,107.09,138.5703125,35474.0,,sustained_rand_write_120s_qd32_repeat3,rand_write,2,results\external_ssd\sustained_rand_write_120s_qd32_repeat3\sustained_rand_write_120s_qd32_repeat3_run2.json
108000.0,108.0,,,484.35,sustained_rand_write_120s_qd32_repeat3,rand_write,2,results\external_ssd\sustained_rand_write_120s_qd32_repeat3\sustained_rand_write_120s_qd32_repeat3_run2.json
108092.0,108.092,131.4970703125,33663.0,,sustained_rand_write_120s_qd32_repeat3,rand_write,2,results\external_ssd\sustained_rand_write_120s_qd32_repeat3\sustained_rand_write_120s_qd32_repeat3_run2.json
109000.0,109.0,,,456.514,sustained_rand_write_120s_qd32_repeat3,rand_write,2,results\external_ssd\sustained_rand_write_120s_qd32_repeat3\sustained_rand_write_120s_qd32_repeat3_run2.json
109092.0,109.092,139.61328125,35741.0,,sustained_rand_write_120s_qd32_repeat3,rand_write,2,results\external_ssd\sustained_rand_write_120s_qd32_repeat3\sustained_rand_write_120s_qd32_repeat3_run2.json
110000.0,110.0,,,452.553,sustained_rand_write_120s_qd32_repeat3,rand_write,2,results\external_ssd\sustained_rand_write_120s_qd32_repeat3\sustained_rand_write_120s_qd32_repeat3_run2.json
110093.0,110.093,140.9765625,36090.0,,sustained_rand_write_120s_qd32_repeat3,rand_write,2,results\external_ssd\sustained_rand_write_120s_qd32_repeat3\sustained_rand_write_120s_qd32_repeat3_run2.json
111000.0,111.0,,,494.739,sustained_rand_write_120s_qd32_repeat3,rand_write,2,results\external_ssd\sustained_rand_write_120s_qd32_repeat3\sustained_rand_write_120s_qd32_repeat3_run2.json
111094.0,111.094,127.3369140625,32598.0,,sustained_rand_write_120s_qd32_repeat3,rand_write,2,results\external_ssd\sustained_rand_write_120s_qd32_repeat3\sustained_rand_write_120s_qd32_repeat3_run2.json
112000.0,112.0,,,442.995,sustained_rand_write_120s_qd32_repeat3,rand_write,2,results\external_ssd\sustained_rand_write_120s_qd32_repeat3\sustained_rand_write_120s_qd32_repeat3_run2.json
112095.0,112.095,145.84765625,37337.0,,sustained_rand_write_120s_qd32_repeat3,rand_write,2,results\external_ssd\sustained_rand_write_120s_qd32_repeat3\sustained_rand_write_120s_qd32_repeat3_run2.json
113000.0,113.0,,,498.295,sustained_rand_write_120s_qd32_repeat3,rand_write,2,results\external_ssd\sustained_rand_write_120s_qd32_repeat3\sustained_rand_write_120s_qd32_repeat3_run2.json
113095.0,113.095,123.375,31584.0,,sustained_rand_write_120s_qd32_repeat3,rand_write,2,results\external_ssd\sustained_rand_write_120s_qd32_repeat3\sustained_rand_write_120s_qd32_repeat3_run2.json
114000.0,114.0,,,567.948,sustained_rand_write_120s_qd32_repeat3,rand_write,2,results\external_ssd\sustained_rand_write_120s_qd32_repeat3\sustained_rand_write_120s_qd32_repeat3_run2.json
114095.0,114.095,114.29296875,29259.0,,sustained_rand_write_120s_qd32_repeat3,rand_write,2,results\external_ssd\sustained_rand_write_120s_qd32_repeat3\sustained_rand_write_120s_qd32_repeat3_run2.json
115000.0,115.0,,,479.348,sustained_rand_write_120s_qd32_repeat3,rand_write,2,results\external_ssd\sustained_rand_write_120s_qd32_repeat3\sustained_rand_write_120s_qd32_repeat3_run2.json
115096.0,115.096,131.4931640625,33662.0,,sustained_rand_write_120s_qd32_repeat3,rand_write,2,results\external_ssd\sustained_rand_write_120s_qd32_repeat3\sustained_rand_write_120s_qd32_repeat3_run2.json
116000.0,116.0,,,462.773,sustained_rand_write_120s_qd32_repeat3,rand_write,2,results\external_ssd\sustained_rand_write_120s_qd32_repeat3\sustained_rand_write_120s_qd32_repeat3_run2.json
116097.0,116.097,140.05859375,35855.0,,sustained_rand_write_120s_qd32_repeat3,rand_write,2,results\external_ssd\sustained_rand_write_120s_qd32_repeat3\sustained_rand_write_120s_qd32_repeat3_run2.json
117000.0,117.0,,,453.239,sustained_rand_write_120s_qd32_repeat3,rand_write,2,results\external_ssd\sustained_rand_write_120s_qd32_repeat3\sustained_rand_write_120s_qd32_repeat3_run2.json
117097.0,117.097,140.35546875,35931.0,,sustained_rand_write_120s_qd32_repeat3,rand_write,2,results\external_ssd\sustained_rand_write_120s_qd32_repeat3\sustained_rand_write_120s_qd32_repeat3_run2.json
118000.0,118.0,,,514.577,sustained_rand_write_120s_qd32_repeat3,rand_write,2,results\external_ssd\sustained_rand_write_120s_qd32_repeat3\sustained_rand_write_120s_qd32_repeat3_run2.json
118098.0,118.098,121.22265625,31033.0,,sustained_rand_write_120s_qd32_repeat3,rand_write,2,results\external_ssd\sustained_rand_write_120s_qd32_repeat3\sustained_rand_write_120s_qd32_repeat3_run2.json
119000.0,119.0,,,479.131,sustained_rand_write_120s_qd32_repeat3,rand_write,2,results\external_ssd\sustained_rand_write_120s_qd32_repeat3\sustained_rand_write_120s_qd32_repeat3_run2.json
119099.0,119.099,134.7705078125,34501.0,,sustained_rand_write_120s_qd32_repeat3,rand_write,2,results\external_ssd\sustained_rand_write_120s_qd32_repeat3\sustained_rand_write_120s_qd32_repeat3_run2.json
120000.0,120.0,,,432.817,sustained_rand_write_120s_qd32_repeat3,rand_write,2,results\external_ssd\sustained_rand_write_120s_qd32_repeat3\sustained_rand_write_120s_qd32_repeat3_run2.json
120000.0,120.0,,,518.094,sustained_rand_write_120s_qd32_repeat3,rand_write,2,results\external_ssd\sustained_rand_write_120s_qd32_repeat3\sustained_rand_write_120s_qd32_repeat3_run2.json
120099.0,120.099,133.23046875,34107.0,,sustained_rand_write_120s_qd32_repeat3,rand_write,2,results\external_ssd\sustained_rand_write_120s_qd32_repeat3\sustained_rand_write_120s_qd32_repeat3_run2.json
1000.0,1.0,,,491.508,sustained_rand_write_120s_qd32_repeat3,rand_write,3,results\external_ssd\sustained_rand_write_120s_qd32_repeat3\sustained_rand_write_120s_qd32_repeat3_run3.json
1002.0,1.002,128.1494140625,32806.0,,sustained_rand_write_120s_qd32_repeat3,rand_write,3,results\external_ssd\sustained_rand_write_120s_qd32_repeat3\sustained_rand_write_120s_qd32_repeat3_run3.json
2001.0,2.001,,,516.869,sustained_rand_write_120s_qd32_repeat3,rand_write,3,results\external_ssd\sustained_rand_write_120s_qd32_repeat3\sustained_rand_write_120s_qd32_repeat3_run3.json
2002.0,2.002,122.42578125,31341.0,,sustained_rand_write_120s_qd32_repeat3,rand_write,3,results\external_ssd\sustained_rand_write_120s_qd32_repeat3\sustained_rand_write_120s_qd32_repeat3_run3.json
3000.0,3.0,,,554.612,sustained_rand_write_120s_qd32_repeat3,rand_write,3,results\external_ssd\sustained_rand_write_120s_qd32_repeat3\sustained_rand_write_120s_qd32_repeat3_run3.json
3006.0,3.006,113.7744140625,29126.0,,sustained_rand_write_120s_qd32_repeat3,rand_write,3,results\external_ssd\sustained_rand_write_120s_qd32_repeat3\sustained_rand_write_120s_qd32_repeat3_run3.json
4000.0,4.0,,,444.86,sustained_rand_write_120s_qd32_repeat3,rand_write,3,results\external_ssd\sustained_rand_write_120s_qd32_repeat3\sustained_rand_write_120s_qd32_repeat3_run3.json
4009.0,4.009,143.509765625,36738.0,,sustained_rand_write_120s_qd32_repeat3,rand_write,3,results\external_ssd\sustained_rand_write_120s_qd32_repeat3\sustained_rand_write_120s_qd32_repeat3_run3.json
5000.0,5.0,,,544.976,sustained_rand_write_120s_qd32_repeat3,rand_write,3,results\external_ssd\sustained_rand_write_120s_qd32_repeat3\sustained_rand_write_120s_qd32_repeat3_run3.json
5009.0,5.009,113.7734375,29126.0,,sustained_rand_write_120s_qd32_repeat3,rand_write,3,results\external_ssd\sustained_rand_write_120s_qd32_repeat3\sustained_rand_write_120s_qd32_repeat3_run3.json
6000.0,6.0,,,453.37,sustained_rand_write_120s_qd32_repeat3,rand_write,3,results\external_ssd\sustained_rand_write_120s_qd32_repeat3\sustained_rand_write_120s_qd32_repeat3_run3.json
6007.0,6.007,140.953125,36084.0,,sustained_rand_write_120s_qd32_repeat3,rand_write,3,results\external_ssd\sustained_rand_write_120s_qd32_repeat3\sustained_rand_write_120s_qd32_repeat3_run3.json
7000.0,7.0,,,391.59,sustained_rand_write_120s_qd32_repeat3,rand_write,3,results\external_ssd\sustained_rand_write_120s_qd32_repeat3\sustained_rand_write_120s_qd32_repeat3_run3.json
7006.0,7.006,163.521484375,41861.0,,sustained_rand_write_120s_qd32_repeat3,rand_write,3,results\external_ssd\sustained_rand_write_120s_qd32_repeat3\sustained_rand_write_120s_qd32_repeat3_run3.json
8000.0,8.0,,,392.412,sustained_rand_write_120s_qd32_repeat3,rand_write,3,results\external_ssd\sustained_rand_write_120s_qd32_repeat3\sustained_rand_write_120s_qd32_repeat3_run3.json
8006.0,8.006,162.0390625,41482.0,,sustained_rand_write_120s_qd32_repeat3,rand_write,3,results\external_ssd\sustained_rand_write_120s_qd32_repeat3\sustained_rand_write_120s_qd32_repeat3_run3.json
9000.0,9.0,,,452.105,sustained_rand_write_120s_qd32_repeat3,rand_write,3,results\external_ssd\sustained_rand_write_120s_qd32_repeat3\sustained_rand_write_120s_qd32_repeat3_run3.json
9006.0,9.006,139.9453125,35826.0,,sustained_rand_write_120s_qd32_repeat3,rand_write,3,results\external_ssd\sustained_rand_write_120s_qd32_repeat3\sustained_rand_write_120s_qd32_repeat3_run3.json
10000.0,10.0,,,413.796,sustained_rand_write_120s_qd32_repeat3,rand_write,3,results\external_ssd\sustained_rand_write_120s_qd32_repeat3\sustained_rand_write_120s_qd32_repeat3_run3.json
10009.0,10.009,153.7861328125,39369.0,,sustained_rand_write_120s_qd32_repeat3,rand_write,3,results\external_ssd\sustained_rand_write_120s_qd32_repeat3\sustained_rand_write_120s_qd32_repeat3_run3.json
11000.0,11.0,,,470.887,sustained_rand_write_120s_qd32_repeat3,rand_write,3,results\external_ssd\sustained_rand_write_120s_qd32_repeat3\sustained_rand_write_120s_qd32_repeat3_run3.json
11007.0,11.007,134.5498046875,34444.0,,sustained_rand_write_120s_qd32_repeat3,rand_write,3,results\external_ssd\sustained_rand_write_120s_qd32_repeat3\sustained_rand_write_120s_qd32_repeat3_run3.json
12000.0,12.0,,,527.576,sustained_rand_write_120s_qd32_repeat3,rand_write,3,results\external_ssd\sustained_rand_write_120s_qd32_repeat3\sustained_rand_write_120s_qd32_repeat3_run3.json
12008.0,12.008,119.4501953125,,,sustained_rand_write_120s_qd32_repeat3,rand_write,3,results\external_ssd\sustained_rand_write_120s_qd32_repeat3\sustained_rand_write_120s_qd32_repeat3_run3.json
12009.0,12.009,,30579.0,,sustained_rand_write_120s_qd32_repeat3,rand_write,3,results\external_ssd\sustained_rand_write_120s_qd32_repeat3\sustained_rand_write_120s_qd32_repeat3_run3.json
13000.0,13.0,,,524.869,sustained_rand_write_120s_qd32_repeat3,rand_write,3,results\external_ssd\sustained_rand_write_120s_qd32_repeat3\sustained_rand_write_120s_qd32_repeat3_run3.json
13010.0,13.01,120.5078125,30850.0,,sustained_rand_write_120s_qd32_repeat3,rand_write,3,results\external_ssd\sustained_rand_write_120s_qd32_repeat3\sustained_rand_write_120s_qd32_repeat3_run3.json
14000.0,14.0,,,666.125,sustained_rand_write_120s_qd32_repeat3,rand_write,3,results\external_ssd\sustained_rand_write_120s_qd32_repeat3\sustained_rand_write_120s_qd32_repeat3_run3.json
14013.0,14.013,93.2978515625,23884.0,,sustained_rand_write_120s_qd32_repeat3,rand_write,3,results\external_ssd\sustained_rand_write_120s_qd32_repeat3\sustained_rand_write_120s_qd32_repeat3_run3.json
15000.0,15.0,,,519.239,sustained_rand_write_120s_qd32_repeat3,rand_write,3,results\external_ssd\sustained_rand_write_120s_qd32_repeat3\sustained_rand_write_120s_qd32_repeat3_run3.json
15014.0,15.014,122.580078125,31380.0,,sustained_rand_write_120s_qd32_repeat3,rand_write,3,results\external_ssd\sustained_rand_write_120s_qd32_repeat3\sustained_rand_write_120s_qd32_repeat3_run3.json
16000.0,16.0,,,466.734,sustained_rand_write_120s_qd32_repeat3,rand_write,3,results\external_ssd\sustained_rand_write_120s_qd32_repeat3\sustained_rand_write_120s_qd32_repeat3_run3.json
16014.0,16.014,136.5,34944.0,,sustained_rand_write_120s_qd32_repeat3,rand_write,3,results\external_ssd\sustained_rand_write_120s_qd32_repeat3\sustained_rand_write_120s_qd32_repeat3_run3.json
17000.0,17.0,,,463.927,sustained_rand_write_120s_qd32_repeat3,rand_write,3,results\external_ssd\sustained_rand_write_120s_qd32_repeat3\sustained_rand_write_120s_qd32_repeat3_run3.json
17014.0,17.014,137.0390625,35082.0,,sustained_rand_write_120s_qd32_repeat3,rand_write,3,results\external_ssd\sustained_rand_write_120s_qd32_repeat3\sustained_rand_write_120s_qd32_repeat3_run3.json
18000.0,18.0,,,520.391,sustained_rand_write_120s_qd32_repeat3,rand_write,3,results\external_ssd\sustained_rand_write_120s_qd32_repeat3\sustained_rand_write_120s_qd32_repeat3_run3.json
18015.0,18.015,122.2265625,31290.0,,sustained_rand_write_120s_qd32_repeat3,rand_write,3,results\external_ssd\sustained_rand_write_120s_qd32_repeat3\sustained_rand_write_120s_qd32_repeat3_run3.json
19000.0,19.0,,,482.631,sustained_rand_write_120s_qd32_repeat3,rand_write,3,results\external_ssd\sustained_rand_write_120s_qd32_repeat3\sustained_rand_write_120s_qd32_repeat3_run3.json
19015.0,19.015,131.91796875,33771.0,,sustained_rand_write_120s_qd32_repeat3,rand_write,3,results\external_ssd\sustained_rand_write_120s_qd32_repeat3\sustained_rand_write_120s_qd32_repeat3_run3.json
20000.0,20.0,,,411.725,sustained_rand_write_120s_qd32_repeat3,rand_write,3,results\external_ssd\sustained_rand_write_120s_qd32_repeat3\sustained_rand_write_120s_qd32_repeat3_run3.json
20016.0,20.016,156.6484375,40102.0,,sustained_rand_write_120s_qd32_repeat3,rand_write,3,results\external_ssd\sustained_rand_write_120s_qd32_repeat3\sustained_rand_write_120s_qd32_repeat3_run3.json
21000.0,21.0,,,475.708,sustained_rand_write_120s_qd32_repeat3,rand_write,3,results\external_ssd\sustained_rand_write_120s_qd32_repeat3\sustained_rand_write_120s_qd32_repeat3_run3.json
21017.0,21.017,133.4755859375,34169.0,,sustained_rand_write_120s_qd32_repeat3,rand_write,3,results\external_ssd\sustained_rand_write_120s_qd32_repeat3\sustained_rand_write_120s_qd32_repeat3_run3.json
22000.0,22.0,,,523.546,sustained_rand_write_120s_qd32_repeat3,rand_write,3,results\external_ssd\sustained_rand_write_120s_qd32_repeat3\sustained_rand_write_120s_qd32_repeat3_run3.json
22018.0,22.018,119.4931640625,30590.0,,sustained_rand_write_120s_qd32_repeat3,rand_write,3,results\external_ssd\sustained_rand_write_120s_qd32_repeat3\sustained_rand_write_120s_qd32_repeat3_run3.json
23000.0,23.0,,,440.755,sustained_rand_write_120s_qd32_repeat3,rand_write,3,results\external_ssd\sustained_rand_write_120s_qd32_repeat3\sustained_rand_write_120s_qd32_repeat3_run3.json
23019.0,23.019,145.2216796875,37176.0,,sustained_rand_write_120s_qd32_repeat3,rand_write,3,results\external_ssd\sustained_rand_write_120s_qd32_repeat3\sustained_rand_write_120s_qd32_repeat3_run3.json
24000.0,24.0,,,453.56,sustained_rand_write_120s_qd32_repeat3,rand_write,3,results\external_ssd\sustained_rand_write_120s_qd32_repeat3\sustained_rand_write_120s_qd32_repeat3_run3.json
24020.0,24.02,140.57421875,35987.0,,sustained_rand_write_120s_qd32_repeat3,rand_write,3,results\external_ssd\sustained_rand_write_120s_qd32_repeat3\sustained_rand_write_120s_qd32_repeat3_run3.json
25000.0,25.0,,,464.594,sustained_rand_write_120s_qd32_repeat3,rand_write,3,results\external_ssd\sustained_rand_write_120s_qd32_repeat3\sustained_rand_write_120s_qd32_repeat3_run3.json
25020.0,25.02,136.4765625,34938.0,,sustained_rand_write_120s_qd32_repeat3,rand_write,3,results\external_ssd\sustained_rand_write_120s_qd32_repeat3\sustained_rand_write_120s_qd32_repeat3_run3.json
26000.0,26.0,,,504.657,sustained_rand_write_120s_qd32_repeat3,rand_write,3,results\external_ssd\sustained_rand_write_120s_qd32_repeat3\sustained_rand_write_120s_qd32_repeat3_run3.json
26021.0,26.021,126.8984375,32486.0,,sustained_rand_write_120s_qd32_repeat3,rand_write,3,results\external_ssd\sustained_rand_write_120s_qd32_repeat3\sustained_rand_write_120s_qd32_repeat3_run3.json
27000.0,27.0,,,452.759,sustained_rand_write_120s_qd32_repeat3,rand_write,3,results\external_ssd\sustained_rand_write_120s_qd32_repeat3\sustained_rand_write_120s_qd32_repeat3_run3.json
27021.0,27.021,141.40625,36200.0,,sustained_rand_write_120s_qd32_repeat3,rand_write,3,results\external_ssd\sustained_rand_write_120s_qd32_repeat3\sustained_rand_write_120s_qd32_repeat3_run3.json
28000.0,28.0,,,455.856,sustained_rand_write_120s_qd32_repeat3,rand_write,3,results\external_ssd\sustained_rand_write_120s_qd32_repeat3\sustained_rand_write_120s_qd32_repeat3_run3.json
28022.0,28.022,139.65625,35752.0,,sustained_rand_write_120s_qd32_repeat3,rand_write,3,results\external_ssd\sustained_rand_write_120s_qd32_repeat3\sustained_rand_write_120s_qd32_repeat3_run3.json
29000.0,29.0,,,440.252,sustained_rand_write_120s_qd32_repeat3,rand_write,3,results\external_ssd\sustained_rand_write_120s_qd32_repeat3\sustained_rand_write_120s_qd32_repeat3_run3.json
29023.0,29.023,144.91796875,37099.0,,sustained_rand_write_120s_qd32_repeat3,rand_write,3,results\external_ssd\sustained_rand_write_120s_qd32_repeat3\sustained_rand_write_120s_qd32_repeat3_run3.json
30000.0,30.0,,,410.996,sustained_rand_write_120s_qd32_repeat3,rand_write,3,results\external_ssd\sustained_rand_write_120s_qd32_repeat3\sustained_rand_write_120s_qd32_repeat3_run3.json
30024.0,30.024,155.2109375,39734.0,,sustained_rand_write_120s_qd32_repeat3,rand_write,3,results\external_ssd\sustained_rand_write_120s_qd32_repeat3\sustained_rand_write_120s_qd32_repeat3_run3.json
31000.0,31.0,,,409.141,sustained_rand_write_120s_qd32_repeat3,rand_write,3,results\external_ssd\sustained_rand_write_120s_qd32_repeat3\sustained_rand_write_120s_qd32_repeat3_run3.json
31025.0,31.025,155.3671875,39774.0,,sustained_rand_write_120s_qd32_repeat3,rand_write,3,results\external_ssd\sustained_rand_write_120s_qd32_repeat3\sustained_rand_write_120s_qd32_repeat3_run3.json
32000.0,32.0,,,374.891,sustained_rand_write_120s_qd32_repeat3,rand_write,3,results\external_ssd\sustained_rand_write_120s_qd32_repeat3\sustained_rand_write_120s_qd32_repeat3_run3.json
32026.0,32.026,172.5927734375,44183.0,,sustained_rand_write_120s_qd32_repeat3,rand_write,3,results\external_ssd\sustained_rand_write_120s_qd32_repeat3\sustained_rand_write_120s_qd32_repeat3_run3.json
33000.0,33.0,,,394.102,sustained_rand_write_120s_qd32_repeat3,rand_write,3,results\external_ssd\sustained_rand_write_120s_qd32_repeat3\sustained_rand_write_120s_qd32_repeat3_run3.json
33027.0,33.027,162.091796875,41495.0,,sustained_rand_write_120s_qd32_repeat3,rand_write,3,results\external_ssd\sustained_rand_write_120s_qd32_repeat3\sustained_rand_write_120s_qd32_repeat3_run3.json
34000.0,34.0,,,388.768,sustained_rand_write_120s_qd32_repeat3,rand_write,3,results\external_ssd\sustained_rand_write_120s_qd32_repeat3\sustained_rand_write_120s_qd32_repeat3_run3.json
34028.0,34.028,164.2724609375,42053.0,,sustained_rand_write_120s_qd32_repeat3,rand_write,3,results\external_ssd\sustained_rand_write_120s_qd32_repeat3\sustained_rand_write_120s_qd32_repeat3_run3.json
35000.0,35.0,,,415.226,sustained_rand_write_120s_qd32_repeat3,rand_write,3,results\external_ssd\sustained_rand_write_120s_qd32_repeat3\sustained_rand_write_120s_qd32_repeat3_run3.json
35029.0,35.029,153.498046875,39295.0,,sustained_rand_write_120s_qd32_repeat3,rand_write,3,results\external_ssd\sustained_rand_write_120s_qd32_repeat3\sustained_rand_write_120s_qd32_repeat3_run3.json
36000.0,36.0,,,440.469,sustained_rand_write_120s_qd32_repeat3,rand_write,3,results\external_ssd\sustained_rand_write_120s_qd32_repeat3\sustained_rand_write_120s_qd32_repeat3_run3.json
36030.0,36.03,144.8193359375,37073.0,,sustained_rand_write_120s_qd32_repeat3,rand_write,3,results\external_ssd\sustained_rand_write_120s_qd32_repeat3\sustained_rand_write_120s_qd32_repeat3_run3.json
37001.0,37.001,,,421.787,sustained_rand_write_120s_qd32_repeat3,rand_write,3,results\external_ssd\sustained_rand_write_120s_qd32_repeat3\sustained_rand_write_120s_qd32_repeat3_run3.json
37032.0,37.032,151.44921875,38771.0,,sustained_rand_write_120s_qd32_repeat3,rand_write,3,results\external_ssd\sustained_rand_write_120s_qd32_repeat3\sustained_rand_write_120s_qd32_repeat3_run3.json
38000.0,38.0,,,409.484,sustained_rand_write_120s_qd32_repeat3,rand_write,3,results\external_ssd\sustained_rand_write_120s_qd32_repeat3\sustained_rand_write_120s_qd32_repeat3_run3.json
38033.0,38.033,157.662109375,40361.0,,sustained_rand_write_120s_qd32_repeat3,rand_write,3,results\external_ssd\sustained_rand_write_120s_qd32_repeat3\sustained_rand_write_120s_qd32_repeat3_run3.json
39000.0,39.0,,,376.852,sustained_rand_write_120s_qd32_repeat3,rand_write,3,results\external_ssd\sustained_rand_write_120s_qd32_repeat3\sustained_rand_write_120s_qd32_repeat3_run3.json
39033.0,39.033,171.828125,43988.0,,sustained_rand_write_120s_qd32_repeat3,rand_write,3,results\external_ssd\sustained_rand_write_120s_qd32_repeat3\sustained_rand_write_120s_qd32_repeat3_run3.json
40000.0,40.0,,,382.653,sustained_rand_write_120s_qd32_repeat3,rand_write,3,results\external_ssd\sustained_rand_write_120s_qd32_repeat3\sustained_rand_write_120s_qd32_repeat3_run3.json
40034.0,40.034,167.6875,42928.0,,sustained_rand_write_120s_qd32_repeat3,rand_write,3,results\external_ssd\sustained_rand_write_120s_qd32_repeat3\sustained_rand_write_120s_qd32_repeat3_run3.json
41000.0,41.0,,,381.413,sustained_rand_write_120s_qd32_repeat3,rand_write,3,results\external_ssd\sustained_rand_write_120s_qd32_repeat3\sustained_rand_write_120s_qd32_repeat3_run3.json
41035.0,41.035,166.7900390625,42698.0,,sustained_rand_write_120s_qd32_repeat3,rand_write,3,results\external_ssd\sustained_rand_write_120s_qd32_repeat3\sustained_rand_write_120s_qd32_repeat3_run3.json
42000.0,42.0,,,348.74,sustained_rand_write_120s_qd32_repeat3,rand_write,3,results\external_ssd\sustained_rand_write_120s_qd32_repeat3\sustained_rand_write_120s_qd32_repeat3_run3.json
42036.0,42.036,184.10546875,47131.0,,sustained_rand_write_120s_qd32_repeat3,rand_write,3,results\external_ssd\sustained_rand_write_120s_qd32_repeat3\sustained_rand_write_120s_qd32_repeat3_run3.json
43000.0,43.0,,,384.819,sustained_rand_write_120s_qd32_repeat3,rand_write,3,results\external_ssd\sustained_rand_write_120s_qd32_repeat3\sustained_rand_write_120s_qd32_repeat3_run3.json
43037.0,43.037,165.408203125,42344.0,,sustained_rand_write_120s_qd32_repeat3,rand_write,3,results\external_ssd\sustained_rand_write_120s_qd32_repeat3\sustained_rand_write_120s_qd32_repeat3_run3.json
44000.0,44.0,,,373.84,sustained_rand_write_120s_qd32_repeat3,rand_write,3,results\external_ssd\sustained_rand_write_120s_qd32_repeat3\sustained_rand_write_120s_qd32_repeat3_run3.json
44037.0,44.037,172.7890625,44234.0,,sustained_rand_write_120s_qd32_repeat3,rand_write,3,results\external_ssd\sustained_rand_write_120s_qd32_repeat3\sustained_rand_write_120s_qd32_repeat3_run3.json
45000.0,45.0,,,358.857,sustained_rand_write_120s_qd32_repeat3,rand_write,3,results\external_ssd\sustained_rand_write_120s_qd32_repeat3\sustained_rand_write_120s_qd32_repeat3_run3.json
45037.0,45.037,178.01953125,45573.0,,sustained_rand_write_120s_qd32_repeat3,rand_write,3,results\external_ssd\sustained_rand_write_120s_qd32_repeat3\sustained_rand_write_120s_qd32_repeat3_run3.json
46000.0,46.0,,,382.31,sustained_rand_write_120s_qd32_repeat3,rand_write,3,results\external_ssd\sustained_rand_write_120s_qd32_repeat3\sustained_rand_write_120s_qd32_repeat3_run3.json
46038.0,46.038,166.0439453125,42507.0,,sustained_rand_write_120s_qd32_repeat3,rand_write,3,results\external_ssd\sustained_rand_write_120s_qd32_repeat3\sustained_rand_write_120s_qd32_repeat3_run3.json
47000.0,47.0,,,422.942,sustained_rand_write_120s_qd32_repeat3,rand_write,3,results\external_ssd\sustained_rand_write_120s_qd32_repeat3\sustained_rand_write_120s_qd32_repeat3_run3.json
47039.0,47.039,152.86328125,39133.0,,sustained_rand_write_120s_qd32_repeat3,rand_write,3,results\external_ssd\sustained_rand_write_120s_qd32_repeat3\sustained_rand_write_120s_qd32_repeat3_run3.json
48000.0,48.0,,,416.539,sustained_rand_write_120s_qd32_repeat3,rand_write,3,results\external_ssd\sustained_rand_write_120s_qd32_repeat3\sustained_rand_write_120s_qd32_repeat3_run3.json
48040.0,48.04,153.90234375,39399.0,,sustained_rand_write_120s_qd32_repeat3,rand_write,3,results\external_ssd\sustained_rand_write_120s_qd32_repeat3\sustained_rand_write_120s_qd32_repeat3_run3.json
49000.0,49.0,,,433.084,sustained_rand_write_120s_qd32_repeat3,rand_write,3,results\external_ssd\sustained_rand_write_120s_qd32_repeat3\sustained_rand_write_120s_qd32_repeat3_run3.json
49040.0,49.04,146.6953125,37554.0,,sustained_rand_write_120s_qd32_repeat3,rand_write,3,results\external_ssd\sustained_rand_write_120s_qd32_repeat3\sustained_rand_write_120s_qd32_repeat3_run3.json
50000.0,50.0,,,406.88,sustained_rand_write_120s_qd32_repeat3,rand_write,3,results\external_ssd\sustained_rand_write_120s_qd32_repeat3\sustained_rand_write_120s_qd32_repeat3_run3.json
50040.0,50.04,159.28125,40776.0,,sustained_rand_write_120s_qd32_repeat3,rand_write,3,results\external_ssd\sustained_rand_write_120s_qd32_repeat3\sustained_rand_write_120s_qd32_repeat3_run3.json
51000.0,51.0,,,389.295,sustained_rand_write_120s_qd32_repeat3,rand_write,3,results\external_ssd\sustained_rand_write_120s_qd32_repeat3\sustained_rand_write_120s_qd32_repeat3_run3.json
51041.0,51.041,162.3046875,41550.0,,sustained_rand_write_120s_qd32_repeat3,rand_write,3,results\external_ssd\sustained_rand_write_120s_qd32_repeat3\sustained_rand_write_120s_qd32_repeat3_run3.json
52000.0,52.0,,,406.831,sustained_rand_write_120s_qd32_repeat3,rand_write,3,results\external_ssd\sustained_rand_write_120s_qd32_repeat3\sustained_rand_write_120s_qd32_repeat3_run3.json
52041.0,52.041,157.39453125,40293.0,,sustained_rand_write_120s_qd32_repeat3,rand_write,3,results\external_ssd\sustained_rand_write_120s_qd32_repeat3\sustained_rand_write_120s_qd32_repeat3_run3.json
53000.0,53.0,,,371.102,sustained_rand_write_120s_qd32_repeat3,rand_write,3,results\external_ssd\sustained_rand_write_120s_qd32_repeat3\sustained_rand_write_120s_qd32_repeat3_run3.json
53042.0,53.042,172.11328125,44061.0,,sustained_rand_write_120s_qd32_repeat3,rand_write,3,results\external_ssd\sustained_rand_write_120s_qd32_repeat3\sustained_rand_write_120s_qd32_repeat3_run3.json
54000.0,54.0,,,379.411,sustained_rand_write_120s_qd32_repeat3,rand_write,3,results\external_ssd\sustained_rand_write_120s_qd32_repeat3\sustained_rand_write_120s_qd32_repeat3_run3.json
54042.0,54.042,169.359375,43356.0,,sustained_rand_write_120s_qd32_repeat3,rand_write,3,results\external_ssd\sustained_rand_write_120s_qd32_repeat3\sustained_rand_write_120s_qd32_repeat3_run3.json
55000.0,55.0,,,416.799,sustained_rand_write_120s_qd32_repeat3,rand_write,3,results\external_ssd\sustained_rand_write_120s_qd32_repeat3\sustained_rand_write_120s_qd32_repeat3_run3.json
55042.0,55.042,153.8984375,39398.0,,sustained_rand_write_120s_qd32_repeat3,rand_write,3,results\external_ssd\sustained_rand_write_120s_qd32_repeat3\sustained_rand_write_120s_qd32_repeat3_run3.json
56000.0,56.0,,,427.77,sustained_rand_write_120s_qd32_repeat3,rand_write,3,results\external_ssd\sustained_rand_write_120s_qd32_repeat3\sustained_rand_write_120s_qd32_repeat3_run3.json
56042.0,56.042,148.84765625,38105.0,,sustained_rand_write_120s_qd32_repeat3,rand_write,3,results\external_ssd\sustained_rand_write_120s_qd32_repeat3\sustained_rand_write_120s_qd32_repeat3_run3.json
57000.0,57.0,,,418.546,sustained_rand_write_120s_qd32_repeat3,rand_write,3,results\external_ssd\sustained_rand_write_120s_qd32_repeat3\sustained_rand_write_120s_qd32_repeat3_run3.json
57043.0,57.043,153.6875,39344.0,,sustained_rand_write_120s_qd32_repeat3,rand_write,3,results\external_ssd\sustained_rand_write_120s_qd32_repeat3\sustained_rand_write_120s_qd32_repeat3_run3.json
58000.0,58.0,,,423.83,sustained_rand_write_120s_qd32_repeat3,rand_write,3,results\external_ssd\sustained_rand_write_120s_qd32_repeat3\sustained_rand_write_120s_qd32_repeat3_run3.json
58044.0,58.044,151.42578125,38768.0,,sustained_rand_write_120s_qd32_repeat3,rand_write,3,results\external_ssd\sustained_rand_write_120s_qd32_repeat3\sustained_rand_write_120s_qd32_repeat3_run3.json
59000.0,59.0,,,355.141,sustained_rand_write_120s_qd32_repeat3,rand_write,3,results\external_ssd\sustained_rand_write_120s_qd32_repeat3\sustained_rand_write_120s_qd32_repeat3_run3.json
59045.0,59.045,180.708984375,46261.0,,sustained_rand_write_120s_qd32_repeat3,rand_write,3,results\external_ssd\sustained_rand_write_120s_qd32_repeat3\sustained_rand_write_120s_qd32_repeat3_run3.json
60000.0,60.0,,,397.306,sustained_rand_write_120s_qd32_repeat3,rand_write,3,results\external_ssd\sustained_rand_write_120s_qd32_repeat3\sustained_rand_write_120s_qd32_repeat3_run3.json
60045.0,60.045,161.2421875,41278.0,,sustained_rand_write_120s_qd32_repeat3,rand_write,3,results\external_ssd\sustained_rand_write_120s_qd32_repeat3\sustained_rand_write_120s_qd32_repeat3_run3.json
61000.0,61.0,,,422.878,sustained_rand_write_120s_qd32_repeat3,rand_write,3,results\external_ssd\sustained_rand_write_120s_qd32_repeat3\sustained_rand_write_120s_qd32_repeat3_run3.json
61046.0,61.046,151.73046875,38843.0,,sustained_rand_write_120s_qd32_repeat3,rand_write,3,results\external_ssd\sustained_rand_write_120s_qd32_repeat3\sustained_rand_write_120s_qd32_repeat3_run3.json
62000.0,62.0,,,395.396,sustained_rand_write_120s_qd32_repeat3,rand_write,3,results\external_ssd\sustained_rand_write_120s_qd32_repeat3\sustained_rand_write_120s_qd32_repeat3_run3.json
62046.0,62.046,161.140625,41252.0,,sustained_rand_write_120s_qd32_repeat3,rand_write,3,results\external_ssd\sustained_rand_write_120s_qd32_repeat3\sustained_rand_write_120s_qd32_repeat3_run3.json
63000.0,63.0,,,447.347,sustained_rand_write_120s_qd32_repeat3,rand_write,3,results\external_ssd\sustained_rand_write_120s_qd32_repeat3\sustained_rand_write_120s_qd32_repeat3_run3.json
63047.0,63.047,142.8671875,36574.0,,sustained_rand_write_120s_qd32_repeat3,rand_write,3,results\external_ssd\sustained_rand_write_120s_qd32_repeat3\sustained_rand_write_120s_qd32_repeat3_run3.json
64000.0,64.0,,,446.262,sustained_rand_write_120s_qd32_repeat3,rand_write,3,results\external_ssd\sustained_rand_write_120s_qd32_repeat3\sustained_rand_write_120s_qd32_repeat3_run3.json
64047.0,64.047,143.88671875,36835.0,,sustained_rand_write_120s_qd32_repeat3,rand_write,3,results\external_ssd\sustained_rand_write_120s_qd32_repeat3\sustained_rand_write_120s_qd32_repeat3_run3.json
65000.0,65.0,,,454.375,sustained_rand_write_120s_qd32_repeat3,rand_write,3,results\external_ssd\sustained_rand_write_120s_qd32_repeat3\sustained_rand_write_120s_qd32_repeat3_run3.json
65048.0,65.048,140.8388671875,36054.0,,sustained_rand_write_120s_qd32_repeat3,rand_write,3,results\external_ssd\sustained_rand_write_120s_qd32_repeat3\sustained_rand_write_120s_qd32_repeat3_run3.json
66000.0,66.0,,,420.095,sustained_rand_write_120s_qd32_repeat3,rand_write,3,results\external_ssd\sustained_rand_write_120s_qd32_repeat3\sustained_rand_write_120s_qd32_repeat3_run3.json
66049.0,66.049,152.125,38944.0,,sustained_rand_write_120s_qd32_repeat3,rand_write,3,results\external_ssd\sustained_rand_write_120s_qd32_repeat3\sustained_rand_write_120s_qd32_repeat3_run3.json
67000.0,67.0,,,389.026,sustained_rand_write_120s_qd32_repeat3,rand_write,3,results\external_ssd\sustained_rand_write_120s_qd32_repeat3\sustained_rand_write_120s_qd32_repeat3_run3.json
67050.0,67.05,164.8779296875,42208.0,,sustained_rand_write_120s_qd32_repeat3,rand_write,3,results\external_ssd\sustained_rand_write_120s_qd32_repeat3\sustained_rand_write_120s_qd32_repeat3_run3.json
68000.0,68.0,,,392.901,sustained_rand_write_120s_qd32_repeat3,rand_write,3,results\external_ssd\sustained_rand_write_120s_qd32_repeat3\sustained_rand_write_120s_qd32_repeat3_run3.json
68050.0,68.05,162.3828125,41570.0,,sustained_rand_write_120s_qd32_repeat3,rand_write,3,results\external_ssd\sustained_rand_write_120s_qd32_repeat3\sustained_rand_write_120s_qd32_repeat3_run3.json
69000.0,69.0,,,382.423,sustained_rand_write_120s_qd32_repeat3,rand_write,3,results\external_ssd\sustained_rand_write_120s_qd32_repeat3\sustained_rand_write_120s_qd32_repeat3_run3.json
69050.0,69.05,169.40625,43368.0,,sustained_rand_write_120s_qd32_repeat3,rand_write,3,results\external_ssd\sustained_rand_write_120s_qd32_repeat3\sustained_rand_write_120s_qd32_repeat3_run3.json
70000.0,70.0,,,389.15,sustained_rand_write_120s_qd32_repeat3,rand_write,3,results\external_ssd\sustained_rand_write_120s_qd32_repeat3\sustained_rand_write_120s_qd32_repeat3_run3.json
70051.0,70.051,161.40625,41320.0,,sustained_rand_write_120s_qd32_repeat3,rand_write,3,results\external_ssd\sustained_rand_write_120s_qd32_repeat3\sustained_rand_write_120s_qd32_repeat3_run3.json
71000.0,71.0,,,426.213,sustained_rand_write_120s_qd32_repeat3,rand_write,3,results\external_ssd\sustained_rand_write_120s_qd32_repeat3\sustained_rand_write_120s_qd32_repeat3_run3.json
71051.0,71.051,149.57421875,38295.0,,sustained_rand_write_120s_qd32_repeat3,rand_write,3,results\external_ssd\sustained_rand_write_120s_qd32_repeat3\sustained_rand_write_120s_qd32_repeat3_run3.json
72000.0,72.0,,,502.869,sustained_rand_write_120s_qd32_repeat3,rand_write,3,results\external_ssd\sustained_rand_write_120s_qd32_repeat3\sustained_rand_write_120s_qd32_repeat3_run3.json
72052.0,72.052,123.7041015625,31666.0,,sustained_rand_write_120s_qd32_repeat3,rand_write,3,results\external_ssd\sustained_rand_write_120s_qd32_repeat3\sustained_rand_write_120s_qd32_repeat3_run3.json
73000.0,73.0,,,447.678,sustained_rand_write_120s_qd32_repeat3,rand_write,3,results\external_ssd\sustained_rand_write_120s_qd32_repeat3\sustained_rand_write_120s_qd32_repeat3_run3.json
73053.0,73.053,144.6474609375,37029.0,,sustained_rand_write_120s_qd32_repeat3,rand_write,3,results\external_ssd\sustained_rand_write_120s_qd32_repeat3\sustained_rand_write_120s_qd32_repeat3_run3.json
74000.0,74.0,,,487.045,sustained_rand_write_120s_qd32_repeat3,rand_write,3,results\external_ssd\sustained_rand_write_120s_qd32_repeat3\sustained_rand_write_120s_qd32_repeat3_run3.json
74053.0,74.053,129.82421875,33235.0,,sustained_rand_write_120s_qd32_repeat3,rand_write,3,results\external_ssd\sustained_rand_write_120s_qd32_repeat3\sustained_rand_write_120s_qd32_repeat3_run3.json
75000.0,75.0,,,381.771,sustained_rand_write_120s_qd32_repeat3,rand_write,3,results\external_ssd\sustained_rand_write_120s_qd32_repeat3\sustained_rand_write_120s_qd32_repeat3_run3.json
75053.0,75.053,169.02734375,43271.0,,sustained_rand_write_120s_qd32_repeat3,rand_write,3,results\external_ssd\sustained_rand_write_120s_qd32_repeat3\sustained_rand_write_120s_qd32_repeat3_run3.json
76000.0,76.0,,,391.981,sustained_rand_write_120s_qd32_repeat3,rand_write,3,results\external_ssd\sustained_rand_write_120s_qd32_repeat3\sustained_rand_write_120s_qd32_repeat3_run3.json
76054.0,76.054,162.1611328125,41513.0,,sustained_rand_write_120s_qd32_repeat3,rand_write,3,results\external_ssd\sustained_rand_write_120s_qd32_repeat3\sustained_rand_write_120s_qd32_repeat3_run3.json
77000.0,77.0,,,388.113,sustained_rand_write_120s_qd32_repeat3,rand_write,3,results\external_ssd\sustained_rand_write_120s_qd32_repeat3\sustained_rand_write_120s_qd32_repeat3_run3.json
77055.0,77.055,163.86328125,41949.0,,sustained_rand_write_120s_qd32_repeat3,rand_write,3,results\external_ssd\sustained_rand_write_120s_qd32_repeat3\sustained_rand_write_120s_qd32_repeat3_run3.json
78001.0,78.001,,,414.36,sustained_rand_write_120s_qd32_repeat3,rand_write,3,results\external_ssd\sustained_rand_write_120s_qd32_repeat3\sustained_rand_write_120s_qd32_repeat3_run3.json
78056.0,78.056,155.1796875,39726.0,,sustained_rand_write_120s_qd32_repeat3,rand_write,3,results\external_ssd\sustained_rand_write_120s_qd32_repeat3\sustained_rand_write_120s_qd32_repeat3_run3.json
79000.0,79.0,,,495.123,sustained_rand_write_120s_qd32_repeat3,rand_write,3,results\external_ssd\sustained_rand_write_120s_qd32_repeat3\sustained_rand_write_120s_qd32_repeat3_run3.json
79056.0,79.056,129.828125,33236.0,,sustained_rand_write_120s_qd32_repeat3,rand_write,3,results\external_ssd\sustained_rand_write_120s_qd32_repeat3\sustained_rand_write_120s_qd32_repeat3_run3.json
80000.0,80.0,,,424.592,sustained_rand_write_120s_qd32_repeat3,rand_write,3,results\external_ssd\sustained_rand_write_120s_qd32_repeat3\sustained_rand_write_120s_qd32_repeat3_run3.json
80057.0,80.057,150.84375,38616.0,,sustained_rand_write_120s_qd32_repeat3,rand_write,3,results\external_ssd\sustained_rand_write_120s_qd32_repeat3\sustained_rand_write_120s_qd32_repeat3_run3.json
81000.0,81.0,,,440.29,sustained_rand_write_120s_qd32_repeat3,rand_write,3,results\external_ssd\sustained_rand_write_120s_qd32_repeat3\sustained_rand_write_120s_qd32_repeat3_run3.json
81057.0,81.057,144.12109375,36895.0,,sustained_rand_write_120s_qd32_repeat3,rand_write,3,results\external_ssd\sustained_rand_write_120s_qd32_repeat3\sustained_rand_write_120s_qd32_repeat3_run3.json
82000.0,82.0,,,439.97,sustained_rand_write_120s_qd32_repeat3,rand_write,3,results\external_ssd\sustained_rand_write_120s_qd32_repeat3\sustained_rand_write_120s_qd32_repeat3_run3.json
82058.0,82.058,147.51953125,37765.0,,sustained_rand_write_120s_qd32_repeat3,rand_write,3,results\external_ssd\sustained_rand_write_120s_qd32_repeat3\sustained_rand_write_120s_qd32_repeat3_run3.json
83000.0,83.0,,,369.974,sustained_rand_write_120s_qd32_repeat3,rand_write,3,results\external_ssd\sustained_rand_write_120s_qd32_repeat3\sustained_rand_write_120s_qd32_repeat3_run3.json
83058.0,83.058,172.203125,44084.0,,sustained_rand_write_120s_qd32_repeat3,rand_write,3,results\external_ssd\sustained_rand_write_120s_qd32_repeat3\sustained_rand_write_120s_qd32_repeat3_run3.json
84000.0,84.0,,,387.734,sustained_rand_write_120s_qd32_repeat3,rand_write,3,results\external_ssd\sustained_rand_write_120s_qd32_repeat3\sustained_rand_write_120s_qd32_repeat3_run3.json
84059.0,84.059,164.078125,42004.0,,sustained_rand_write_120s_qd32_repeat3,rand_write,3,results\external_ssd\sustained_rand_write_120s_qd32_repeat3\sustained_rand_write_120s_qd32_repeat3_run3.json
85000.0,85.0,,,460.111,sustained_rand_write_120s_qd32_repeat3,rand_write,3,results\external_ssd\sustained_rand_write_120s_qd32_repeat3\sustained_rand_write_120s_qd32_repeat3_run3.json
85060.0,85.06,143.5322265625,36744.0,,sustained_rand_write_120s_qd32_repeat3,rand_write,3,results\external_ssd\sustained_rand_write_120s_qd32_repeat3\sustained_rand_write_120s_qd32_repeat3_run3.json
86000.0,86.0,,,385.834,sustained_rand_write_120s_qd32_repeat3,rand_write,3,results\external_ssd\sustained_rand_write_120s_qd32_repeat3\sustained_rand_write_120s_qd32_repeat3_run3.json
86060.0,86.06,162.6171875,41630.0,,sustained_rand_write_120s_qd32_repeat3,rand_write,3,results\external_ssd\sustained_rand_write_120s_qd32_repeat3\sustained_rand_write_120s_qd32_repeat3_run3.json
87000.0,87.0,,,460.202,sustained_rand_write_120s_qd32_repeat3,rand_write,3,results\external_ssd\sustained_rand_write_120s_qd32_repeat3\sustained_rand_write_120s_qd32_repeat3_run3.json
87061.0,87.061,139.10546875,35611.0,,sustained_rand_write_120s_qd32_repeat3,rand_write,3,results\external_ssd\sustained_rand_write_120s_qd32_repeat3\sustained_rand_write_120s_qd32_repeat3_run3.json
88000.0,88.0,,,454.148,sustained_rand_write_120s_qd32_repeat3,rand_write,3,results\external_ssd\sustained_rand_write_120s_qd32_repeat3\sustained_rand_write_120s_qd32_repeat3_run3.json
88061.0,88.061,139.96875,35832.0,,sustained_rand_write_120s_qd32_repeat3,rand_write,3,results\external_ssd\sustained_rand_write_120s_qd32_repeat3\sustained_rand_write_120s_qd32_repeat3_run3.json
89000.0,89.0,,,425.775,sustained_rand_write_120s_qd32_repeat3,rand_write,3,results\external_ssd\sustained_rand_write_120s_qd32_repeat3\sustained_rand_write_120s_qd32_repeat3_run3.json
89062.0,89.062,151.765625,38852.0,,sustained_rand_write_120s_qd32_repeat3,rand_write,3,results\external_ssd\sustained_rand_write_120s_qd32_repeat3\sustained_rand_write_120s_qd32_repeat3_run3.json
90000.0,90.0,,,421.668,sustained_rand_write_120s_qd32_repeat3,rand_write,3,results\external_ssd\sustained_rand_write_120s_qd32_repeat3\sustained_rand_write_120s_qd32_repeat3_run3.json
90063.0,90.063,151.83203125,38869.0,,sustained_rand_write_120s_qd32_repeat3,rand_write,3,results\external_ssd\sustained_rand_write_120s_qd32_repeat3\sustained_rand_write_120s_qd32_repeat3_run3.json
91000.0,91.0,,,388.203,sustained_rand_write_120s_qd32_repeat3,rand_write,3,results\external_ssd\sustained_rand_write_120s_qd32_repeat3\sustained_rand_write_120s_qd32_repeat3_run3.json
91063.0,91.063,162.55078125,41613.0,,sustained_rand_write_120s_qd32_repeat3,rand_write,3,results\external_ssd\sustained_rand_write_120s_qd32_repeat3\sustained_rand_write_120s_qd32_repeat3_run3.json
92000.0,92.0,,,420.349,sustained_rand_write_120s_qd32_repeat3,rand_write,3,results\external_ssd\sustained_rand_write_120s_qd32_repeat3\sustained_rand_write_120s_qd32_repeat3_run3.json
92064.0,92.064,154.5283203125,39559.0,,sustained_rand_write_120s_qd32_repeat3,rand_write,3,results\external_ssd\sustained_rand_write_120s_qd32_repeat3\sustained_rand_write_120s_qd32_repeat3_run3.json
93000.0,93.0,,,392.108,sustained_rand_write_120s_qd32_repeat3,rand_write,3,results\external_ssd\sustained_rand_write_120s_qd32_repeat3\sustained_rand_write_120s_qd32_repeat3_run3.json
93065.0,93.065,166.63671875,42659.0,,sustained_rand_write_120s_qd32_repeat3,rand_write,3,results\external_ssd\sustained_rand_write_120s_qd32_repeat3\sustained_rand_write_120s_qd32_repeat3_run3.json
94000.0,94.0,,,382.538,sustained_rand_write_120s_qd32_repeat3,rand_write,3,results\external_ssd\sustained_rand_write_120s_qd32_repeat3\sustained_rand_write_120s_qd32_repeat3_run3.json
94065.0,94.065,164.84765625,42201.0,,sustained_rand_write_120s_qd32_repeat3,rand_write,3,results\external_ssd\sustained_rand_write_120s_qd32_repeat3\sustained_rand_write_120s_qd32_repeat3_run3.json
95001.0,95.001,,,488.915,sustained_rand_write_120s_qd32_repeat3,rand_write,3,results\external_ssd\sustained_rand_write_120s_qd32_repeat3\sustained_rand_write_120s_qd32_repeat3_run3.json
95066.0,95.066,126.61328125,32413.0,,sustained_rand_write_120s_qd32_repeat3,rand_write,3,results\external_ssd\sustained_rand_write_120s_qd32_repeat3\sustained_rand_write_120s_qd32_repeat3_run3.json
96001.0,96.001,,,529.488,sustained_rand_write_120s_qd32_repeat3,rand_write,3,results\external_ssd\sustained_rand_write_120s_qd32_repeat3\sustained_rand_write_120s_qd32_repeat3_run3.json
96066.0,96.066,124.6171875,31902.0,,sustained_rand_write_120s_qd32_repeat3,rand_write,3,results\external_ssd\sustained_rand_write_120s_qd32_repeat3\sustained_rand_write_120s_qd32_repeat3_run3.json
97000.0,97.0,,,483.203,sustained_rand_write_120s_qd32_repeat3,rand_write,3,results\external_ssd\sustained_rand_write_120s_qd32_repeat3\sustained_rand_write_120s_qd32_repeat3_run3.json
97067.0,97.067,133.30859375,34127.0,,sustained_rand_write_120s_qd32_repeat3,rand_write,3,results\external_ssd\sustained_rand_write_120s_qd32_repeat3\sustained_rand_write_120s_qd32_repeat3_run3.json
98000.0,98.0,,,447.899,sustained_rand_write_120s_qd32_repeat3,rand_write,3,results\external_ssd\sustained_rand_write_120s_qd32_repeat3\sustained_rand_write_120s_qd32_repeat3_run3.json
98067.0,98.067,142.1171875,36382.0,,sustained_rand_write_120s_qd32_repeat3,rand_write,3,results\external_ssd\sustained_rand_write_120s_qd32_repeat3\sustained_rand_write_120s_qd32_repeat3_run3.json
99000.0,99.0,,,423.833,sustained_rand_write_120s_qd32_repeat3,rand_write,3,results\external_ssd\sustained_rand_write_120s_qd32_repeat3\sustained_rand_write_120s_qd32_repeat3_run3.json
99068.0,99.068,153.353515625,39258.0,,sustained_rand_write_120s_qd32_repeat3,rand_write,3,results\external_ssd\sustained_rand_write_120s_qd32_repeat3\sustained_rand_write_120s_qd32_repeat3_run3.json
100000.0,100.0,,,388.456,sustained_rand_write_120s_qd32_repeat3,rand_write,3,results\external_ssd\sustained_rand_write_120s_qd32_repeat3\sustained_rand_write_120s_qd32_repeat3_run3.json
100068.0,100.068,164.046875,41996.0,,sustained_rand_write_120s_qd32_repeat3,rand_write,3,results\external_ssd\sustained_rand_write_120s_qd32_repeat3\sustained_rand_write_120s_qd32_repeat3_run3.json
101000.0,101.0,,,412.913,sustained_rand_write_120s_qd32_repeat3,rand_write,3,results\external_ssd\sustained_rand_write_120s_qd32_repeat3\sustained_rand_write_120s_qd32_repeat3_run3.json
101069.0,101.069,154.66015625,39593.0,,sustained_rand_write_120s_qd32_repeat3,rand_write,3,results\external_ssd\sustained_rand_write_120s_qd32_repeat3\sustained_rand_write_120s_qd32_repeat3_run3.json
102000.0,102.0,,,395.323,sustained_rand_write_120s_qd32_repeat3,rand_write,3,results\external_ssd\sustained_rand_write_120s_qd32_repeat3\sustained_rand_write_120s_qd32_repeat3_run3.json
102070.0,102.07,159.015625,40708.0,,sustained_rand_write_120s_qd32_repeat3,rand_write,3,results\external_ssd\sustained_rand_write_120s_qd32_repeat3\sustained_rand_write_120s_qd32_repeat3_run3.json
103000.0,103.0,,,449.06,sustained_rand_write_120s_qd32_repeat3,rand_write,3,results\external_ssd\sustained_rand_write_120s_qd32_repeat3\sustained_rand_write_120s_qd32_repeat3_run3.json
103070.0,103.07,141.625,36256.0,,sustained_rand_write_120s_qd32_repeat3,rand_write,3,results\external_ssd\sustained_rand_write_120s_qd32_repeat3\sustained_rand_write_120s_qd32_repeat3_run3.json
104000.0,104.0,,,441.131,sustained_rand_write_120s_qd32_repeat3,rand_write,3,results\external_ssd\sustained_rand_write_120s_qd32_repeat3\sustained_rand_write_120s_qd32_repeat3_run3.json
104071.0,104.071,146.8828125,37602.0,,sustained_rand_write_120s_qd32_repeat3,rand_write,3,results\external_ssd\sustained_rand_write_120s_qd32_repeat3\sustained_rand_write_120s_qd32_repeat3_run3.json
105000.0,105.0,,,457.475,sustained_rand_write_120s_qd32_repeat3,rand_write,3,results\external_ssd\sustained_rand_write_120s_qd32_repeat3\sustained_rand_write_120s_qd32_repeat3_run3.json
105071.0,105.071,138.171875,35372.0,,sustained_rand_write_120s_qd32_repeat3,rand_write,3,results\external_ssd\sustained_rand_write_120s_qd32_repeat3\sustained_rand_write_120s_qd32_repeat3_run3.json
106000.0,106.0,,,508.114,sustained_rand_write_120s_qd32_repeat3,rand_write,3,results\external_ssd\sustained_rand_write_120s_qd32_repeat3\sustained_rand_write_120s_qd32_repeat3_run3.json
106072.0,106.072,124.69921875,31923.0,,sustained_rand_write_120s_qd32_repeat3,rand_write,3,results\external_ssd\sustained_rand_write_120s_qd32_repeat3\sustained_rand_write_120s_qd32_repeat3_run3.json
107000.0,107.0,,,474.457,sustained_rand_write_120s_qd32_repeat3,rand_write,3,results\external_ssd\sustained_rand_write_120s_qd32_repeat3\sustained_rand_write_120s_qd32_repeat3_run3.json
107073.0,107.073,134.322265625,34386.0,,sustained_rand_write_120s_qd32_repeat3,rand_write,3,results\external_ssd\sustained_rand_write_120s_qd32_repeat3\sustained_rand_write_120s_qd32_repeat3_run3.json
108000.0,108.0,,,482.243,sustained_rand_write_120s_qd32_repeat3,rand_write,3,results\external_ssd\sustained_rand_write_120s_qd32_repeat3\sustained_rand_write_120s_qd32_repeat3_run3.json
108073.0,108.073,133.5625,34192.0,,sustained_rand_write_120s_qd32_repeat3,rand_write,3,results\external_ssd\sustained_rand_write_120s_qd32_repeat3\sustained_rand_write_120s_qd32_repeat3_run3.json
109000.0,109.0,,,463.013,sustained_rand_write_120s_qd32_repeat3,rand_write,3,results\external_ssd\sustained_rand_write_120s_qd32_repeat3\sustained_rand_write_120s_qd32_repeat3_run3.json
109073.0,109.073,136.83203125,35029.0,,sustained_rand_write_120s_qd32_repeat3,rand_write,3,results\external_ssd\sustained_rand_write_120s_qd32_repeat3\sustained_rand_write_120s_qd32_repeat3_run3.json
110000.0,110.0,,,474.999,sustained_rand_write_120s_qd32_repeat3,rand_write,3,results\external_ssd\sustained_rand_write_120s_qd32_repeat3\sustained_rand_write_120s_qd32_repeat3_run3.json
110074.0,110.074,138.04296875,35339.0,,sustained_rand_write_120s_qd32_repeat3,rand_write,3,results\external_ssd\sustained_rand_write_120s_qd32_repeat3\sustained_rand_write_120s_qd32_repeat3_run3.json
111000.0,111.0,,,365.023,sustained_rand_write_120s_qd32_repeat3,rand_write,3,results\external_ssd\sustained_rand_write_120s_qd32_repeat3\sustained_rand_write_120s_qd32_repeat3_run3.json
111075.0,111.075,174.0009765625,44544.0,,sustained_rand_write_120s_qd32_repeat3,rand_write,3,results\external_ssd\sustained_rand_write_120s_qd32_repeat3\sustained_rand_write_120s_qd32_repeat3_run3.json
112000.0,112.0,,,403.213,sustained_rand_write_120s_qd32_repeat3,rand_write,3,results\external_ssd\sustained_rand_write_120s_qd32_repeat3\sustained_rand_write_120s_qd32_repeat3_run3.json
112075.0,112.075,159.84765625,40921.0,,sustained_rand_write_120s_qd32_repeat3,rand_write,3,results\external_ssd\sustained_rand_write_120s_qd32_repeat3\sustained_rand_write_120s_qd32_repeat3_run3.json
113000.0,113.0,,,399.671,sustained_rand_write_120s_qd32_repeat3,rand_write,3,results\external_ssd\sustained_rand_write_120s_qd32_repeat3\sustained_rand_write_120s_qd32_repeat3_run3.json
113076.0,113.076,160.6796875,41134.0,,sustained_rand_write_120s_qd32_repeat3,rand_write,3,results\external_ssd\sustained_rand_write_120s_qd32_repeat3\sustained_rand_write_120s_qd32_repeat3_run3.json
114000.0,114.0,,,408.679,sustained_rand_write_120s_qd32_repeat3,rand_write,3,results\external_ssd\sustained_rand_write_120s_qd32_repeat3\sustained_rand_write_120s_qd32_repeat3_run3.json
114077.0,114.077,154.013671875,39427.0,,sustained_rand_write_120s_qd32_repeat3,rand_write,3,results\external_ssd\sustained_rand_write_120s_qd32_repeat3\sustained_rand_write_120s_qd32_repeat3_run3.json
115000.0,115.0,,,454.992,sustained_rand_write_120s_qd32_repeat3,rand_write,3,results\external_ssd\sustained_rand_write_120s_qd32_repeat3\sustained_rand_write_120s_qd32_repeat3_run3.json
115078.0,115.078,140.54296875,35979.0,,sustained_rand_write_120s_qd32_repeat3,rand_write,3,results\external_ssd\sustained_rand_write_120s_qd32_repeat3\sustained_rand_write_120s_qd32_repeat3_run3.json
116000.0,116.0,,,417.524,sustained_rand_write_120s_qd32_repeat3,rand_write,3,results\external_ssd\sustained_rand_write_120s_qd32_repeat3\sustained_rand_write_120s_qd32_repeat3_run3.json
116079.0,116.079,154.328125,39508.0,,sustained_rand_write_120s_qd32_repeat3,rand_write,3,results\external_ssd\sustained_rand_write_120s_qd32_repeat3\sustained_rand_write_120s_qd32_repeat3_run3.json
117000.0,117.0,,,433.972,sustained_rand_write_120s_qd32_repeat3,rand_write,3,results\external_ssd\sustained_rand_write_120s_qd32_repeat3\sustained_rand_write_120s_qd32_repeat3_run3.json
117080.0,117.08,147.625,37792.0,,sustained_rand_write_120s_qd32_repeat3,rand_write,3,results\external_ssd\sustained_rand_write_120s_qd32_repeat3\sustained_rand_write_120s_qd32_repeat3_run3.json
118000.0,118.0,,,412.311,sustained_rand_write_120s_qd32_repeat3,rand_write,3,results\external_ssd\sustained_rand_write_120s_qd32_repeat3\sustained_rand_write_120s_qd32_repeat3_run3.json
118081.0,118.081,156.4248046875,40044.0,,sustained_rand_write_120s_qd32_repeat3,rand_write,3,results\external_ssd\sustained_rand_write_120s_qd32_repeat3\sustained_rand_write_120s_qd32_repeat3_run3.json
119000.0,119.0,,,360.407,sustained_rand_write_120s_qd32_repeat3,rand_write,3,results\external_ssd\sustained_rand_write_120s_qd32_repeat3\sustained_rand_write_120s_qd32_repeat3_run3.json
119081.0,119.081,180.765625,46276.0,,sustained_rand_write_120s_qd32_repeat3,rand_write,3,results\external_ssd\sustained_rand_write_120s_qd32_repeat3\sustained_rand_write_120s_qd32_repeat3_run3.json
120000.0,120.0,,,349.127,sustained_rand_write_120s_qd32_repeat3,rand_write,3,results\external_ssd\sustained_rand_write_120s_qd32_repeat3\sustained_rand_write_120s_qd32_repeat3_run3.json
120000.0,120.0,,,198.334,sustained_rand_write_120s_qd32_repeat3,rand_write,3,results\external_ssd\sustained_rand_write_120s_qd32_repeat3\sustained_rand_write_120s_qd32_repeat3_run3.json
120081.0,120.081,167.28515625,42825.0,,sustained_rand_write_120s_qd32_repeat3,rand_write,3,results\external_ssd\sustained_rand_write_120s_qd32_repeat3\sustained_rand_write_120s_qd32_repeat3_run3.json
1000.0,1.0,,,436.141,sustained_rand_write_300s_qd32_repeat3,rand_write,1,results\external_ssd\sustained_rand_write_300s_qd32_repeat3\sustained_rand_write_300s_qd32_repeat3_run1.json
1002.0,1.002,145.130859375,37153.0,,sustained_rand_write_300s_qd32_repeat3,rand_write,1,results\external_ssd\sustained_rand_write_300s_qd32_repeat3\sustained_rand_write_300s_qd32_repeat3_run1.json
2000.0,2.0,,,577.455,sustained_rand_write_300s_qd32_repeat3,rand_write,1,results\external_ssd\sustained_rand_write_300s_qd32_repeat3\sustained_rand_write_300s_qd32_repeat3_run1.json
2003.0,2.003,108.85546875,27867.0,,sustained_rand_write_300s_qd32_repeat3,rand_write,1,results\external_ssd\sustained_rand_write_300s_qd32_repeat3\sustained_rand_write_300s_qd32_repeat3_run1.json
3001.0,3.001,,,530.687,sustained_rand_write_300s_qd32_repeat3,rand_write,1,results\external_ssd\sustained_rand_write_300s_qd32_repeat3\sustained_rand_write_300s_qd32_repeat3_run1.json
3012.0,3.012,119.099609375,30489.0,,sustained_rand_write_300s_qd32_repeat3,rand_write,1,results\external_ssd\sustained_rand_write_300s_qd32_repeat3\sustained_rand_write_300s_qd32_repeat3_run1.json
4000.0,4.0,,,590.39,sustained_rand_write_300s_qd32_repeat3,rand_write,1,results\external_ssd\sustained_rand_write_300s_qd32_repeat3\sustained_rand_write_300s_qd32_repeat3_run1.json
4012.0,4.012,107.1142578125,27421.0,,sustained_rand_write_300s_qd32_repeat3,rand_write,1,results\external_ssd\sustained_rand_write_300s_qd32_repeat3\sustained_rand_write_300s_qd32_repeat3_run1.json
5000.0,5.0,,,591.75,sustained_rand_write_300s_qd32_repeat3,rand_write,1,results\external_ssd\sustained_rand_write_300s_qd32_repeat3\sustained_rand_write_300s_qd32_repeat3_run1.json
5013.0,5.013,106.2451171875,27198.0,,sustained_rand_write_300s_qd32_repeat3,rand_write,1,results\external_ssd\sustained_rand_write_300s_qd32_repeat3\sustained_rand_write_300s_qd32_repeat3_run1.json
6000.0,6.0,,,701.474,sustained_rand_write_300s_qd32_repeat3,rand_write,1,results\external_ssd\sustained_rand_write_300s_qd32_repeat3\sustained_rand_write_300s_qd32_repeat3_run1.json
6013.0,6.013,91.48828125,23421.0,,sustained_rand_write_300s_qd32_repeat3,rand_write,1,results\external_ssd\sustained_rand_write_300s_qd32_repeat3\sustained_rand_write_300s_qd32_repeat3_run1.json
7001.0,7.001,,,566.058,sustained_rand_write_300s_qd32_repeat3,rand_write,1,results\external_ssd\sustained_rand_write_300s_qd32_repeat3\sustained_rand_write_300s_qd32_repeat3_run1.json
7013.0,7.013,112.8203125,28882.0,,sustained_rand_write_300s_qd32_repeat3,rand_write,1,results\external_ssd\sustained_rand_write_300s_qd32_repeat3\sustained_rand_write_300s_qd32_repeat3_run1.json
8000.0,8.0,,,599.061,sustained_rand_write_300s_qd32_repeat3,rand_write,1,results\external_ssd\sustained_rand_write_300s_qd32_repeat3\sustained_rand_write_300s_qd32_repeat3_run1.json
8014.0,8.014,105.2578125,26946.0,,sustained_rand_write_300s_qd32_repeat3,rand_write,1,results\external_ssd\sustained_rand_write_300s_qd32_repeat3\sustained_rand_write_300s_qd32_repeat3_run1.json
9000.0,9.0,,,518.386,sustained_rand_write_300s_qd32_repeat3,rand_write,1,results\external_ssd\sustained_rand_write_300s_qd32_repeat3\sustained_rand_write_300s_qd32_repeat3_run1.json
9015.0,9.015,122.3984375,31334.0,,sustained_rand_write_300s_qd32_repeat3,rand_write,1,results\external_ssd\sustained_rand_write_300s_qd32_repeat3\sustained_rand_write_300s_qd32_repeat3_run1.json
10000.0,10.0,,,493.664,sustained_rand_write_300s_qd32_repeat3,rand_write,1,results\external_ssd\sustained_rand_write_300s_qd32_repeat3\sustained_rand_write_300s_qd32_repeat3_run1.json
10015.0,10.015,129.54296875,33163.0,,sustained_rand_write_300s_qd32_repeat3,rand_write,1,results\external_ssd\sustained_rand_write_300s_qd32_repeat3\sustained_rand_write_300s_qd32_repeat3_run1.json
11000.0,11.0,,,529.091,sustained_rand_write_300s_qd32_repeat3,rand_write,1,results\external_ssd\sustained_rand_write_300s_qd32_repeat3\sustained_rand_write_300s_qd32_repeat3_run1.json
11016.0,11.016,119.2783203125,30535.0,,sustained_rand_write_300s_qd32_repeat3,rand_write,1,results\external_ssd\sustained_rand_write_300s_qd32_repeat3\sustained_rand_write_300s_qd32_repeat3_run1.json
12000.0,12.0,,,525.403,sustained_rand_write_300s_qd32_repeat3,rand_write,1,results\external_ssd\sustained_rand_write_300s_qd32_repeat3\sustained_rand_write_300s_qd32_repeat3_run1.json
12017.0,12.017,121.20703125,31029.0,,sustained_rand_write_300s_qd32_repeat3,rand_write,1,results\external_ssd\sustained_rand_write_300s_qd32_repeat3\sustained_rand_write_300s_qd32_repeat3_run1.json
13000.0,13.0,,,484.277,sustained_rand_write_300s_qd32_repeat3,rand_write,1,results\external_ssd\sustained_rand_write_300s_qd32_repeat3\sustained_rand_write_300s_qd32_repeat3_run1.json
13017.0,13.017,130.98828125,33533.0,,sustained_rand_write_300s_qd32_repeat3,rand_write,1,results\external_ssd\sustained_rand_write_300s_qd32_repeat3\sustained_rand_write_300s_qd32_repeat3_run1.json
14000.0,14.0,,,420.541,sustained_rand_write_300s_qd32_repeat3,rand_write,1,results\external_ssd\sustained_rand_write_300s_qd32_repeat3\sustained_rand_write_300s_qd32_repeat3_run1.json
14017.0,14.017,152.703125,39092.0,,sustained_rand_write_300s_qd32_repeat3,rand_write,1,results\external_ssd\sustained_rand_write_300s_qd32_repeat3\sustained_rand_write_300s_qd32_repeat3_run1.json
15000.0,15.0,,,443.25,sustained_rand_write_300s_qd32_repeat3,rand_write,1,results\external_ssd\sustained_rand_write_300s_qd32_repeat3\sustained_rand_write_300s_qd32_repeat3_run1.json
15018.0,15.018,143.81640625,36817.0,,sustained_rand_write_300s_qd32_repeat3,rand_write,1,results\external_ssd\sustained_rand_write_300s_qd32_repeat3\sustained_rand_write_300s_qd32_repeat3_run1.json
16000.0,16.0,,,418.321,sustained_rand_write_300s_qd32_repeat3,rand_write,1,results\external_ssd\sustained_rand_write_300s_qd32_repeat3\sustained_rand_write_300s_qd32_repeat3_run1.json
16018.0,16.018,156.19140625,39985.0,,sustained_rand_write_300s_qd32_repeat3,rand_write,1,results\external_ssd\sustained_rand_write_300s_qd32_repeat3\sustained_rand_write_300s_qd32_repeat3_run1.json
17000.0,17.0,,,397.786,sustained_rand_write_300s_qd32_repeat3,rand_write,1,results\external_ssd\sustained_rand_write_300s_qd32_repeat3\sustained_rand_write_300s_qd32_repeat3_run1.json
17020.0,17.02,160.3623046875,41052.0,,sustained_rand_write_300s_qd32_repeat3,rand_write,1,results\external_ssd\sustained_rand_write_300s_qd32_repeat3\sustained_rand_write_300s_qd32_repeat3_run1.json
18000.0,18.0,,,482.271,sustained_rand_write_300s_qd32_repeat3,rand_write,1,results\external_ssd\sustained_rand_write_300s_qd32_repeat3\sustained_rand_write_300s_qd32_repeat3_run1.json
18021.0,18.021,130.591796875,33431.0,,sustained_rand_write_300s_qd32_repeat3,rand_write,1,results\external_ssd\sustained_rand_write_300s_qd32_repeat3\sustained_rand_write_300s_qd32_repeat3_run1.json
19000.0,19.0,,,521.775,sustained_rand_write_300s_qd32_repeat3,rand_write,1,results\external_ssd\sustained_rand_write_300s_qd32_repeat3\sustained_rand_write_300s_qd32_repeat3_run1.json
19021.0,19.021,121.37890625,31073.0,,sustained_rand_write_300s_qd32_repeat3,rand_write,1,results\external_ssd\sustained_rand_write_300s_qd32_repeat3\sustained_rand_write_300s_qd32_repeat3_run1.json
20000.0,20.0,,,588.694,sustained_rand_write_300s_qd32_repeat3,rand_write,1,results\external_ssd\sustained_rand_write_300s_qd32_repeat3\sustained_rand_write_300s_qd32_repeat3_run1.json
20022.0,20.022,106.265625,27204.0,,sustained_rand_write_300s_qd32_repeat3,rand_write,1,results\external_ssd\sustained_rand_write_300s_qd32_repeat3\sustained_rand_write_300s_qd32_repeat3_run1.json
21000.0,21.0,,,545.556,sustained_rand_write_300s_qd32_repeat3,rand_write,1,results\external_ssd\sustained_rand_write_300s_qd32_repeat3\sustained_rand_write_300s_qd32_repeat3_run1.json
21022.0,21.022,116.1640625,29738.0,,sustained_rand_write_300s_qd32_repeat3,rand_write,1,results\external_ssd\sustained_rand_write_300s_qd32_repeat3\sustained_rand_write_300s_qd32_repeat3_run1.json
22000.0,22.0,,,467.576,sustained_rand_write_300s_qd32_repeat3,rand_write,1,results\external_ssd\sustained_rand_write_300s_qd32_repeat3\sustained_rand_write_300s_qd32_repeat3_run1.json
22023.0,22.023,136.140625,34852.0,,sustained_rand_write_300s_qd32_repeat3,rand_write,1,results\external_ssd\sustained_rand_write_300s_qd32_repeat3\sustained_rand_write_300s_qd32_repeat3_run1.json
23000.0,23.0,,,485.158,sustained_rand_write_300s_qd32_repeat3,rand_write,1,results\external_ssd\sustained_rand_write_300s_qd32_repeat3\sustained_rand_write_300s_qd32_repeat3_run1.json
23023.0,23.023,130.4296875,33390.0,,sustained_rand_write_300s_qd32_repeat3,rand_write,1,results\external_ssd\sustained_rand_write_300s_qd32_repeat3\sustained_rand_write_300s_qd32_repeat3_run1.json
24000.0,24.0,,,501.74,sustained_rand_write_300s_qd32_repeat3,rand_write,1,results\external_ssd\sustained_rand_write_300s_qd32_repeat3\sustained_rand_write_300s_qd32_repeat3_run1.json
24024.0,24.024,127.0703125,32530.0,,sustained_rand_write_300s_qd32_repeat3,rand_write,1,results\external_ssd\sustained_rand_write_300s_qd32_repeat3\sustained_rand_write_300s_qd32_repeat3_run1.json
25000.0,25.0,,,476.703,sustained_rand_write_300s_qd32_repeat3,rand_write,1,results\external_ssd\sustained_rand_write_300s_qd32_repeat3\sustained_rand_write_300s_qd32_repeat3_run1.json
25024.0,25.024,133.65234375,34215.0,,sustained_rand_write_300s_qd32_repeat3,rand_write,1,results\external_ssd\sustained_rand_write_300s_qd32_repeat3\sustained_rand_write_300s_qd32_repeat3_run1.json
26000.0,26.0,,,465.292,sustained_rand_write_300s_qd32_repeat3,rand_write,1,results\external_ssd\sustained_rand_write_300s_qd32_repeat3\sustained_rand_write_300s_qd32_repeat3_run1.json
26025.0,26.025,136.71875,35000.0,,sustained_rand_write_300s_qd32_repeat3,rand_write,1,results\external_ssd\sustained_rand_write_300s_qd32_repeat3\sustained_rand_write_300s_qd32_repeat3_run1.json
27000.0,27.0,,,529.052,sustained_rand_write_300s_qd32_repeat3,rand_write,1,results\external_ssd\sustained_rand_write_300s_qd32_repeat3\sustained_rand_write_300s_qd32_repeat3_run1.json
27026.0,27.026,120.609375,30876.0,,sustained_rand_write_300s_qd32_repeat3,rand_write,1,results\external_ssd\sustained_rand_write_300s_qd32_repeat3\sustained_rand_write_300s_qd32_repeat3_run1.json
28001.0,28.001,,,490.535,sustained_rand_write_300s_qd32_repeat3,rand_write,1,results\external_ssd\sustained_rand_write_300s_qd32_repeat3\sustained_rand_write_300s_qd32_repeat3_run1.json
28026.0,28.026,128.828125,32980.0,,sustained_rand_write_300s_qd32_repeat3,rand_write,1,results\external_ssd\sustained_rand_write_300s_qd32_repeat3\sustained_rand_write_300s_qd32_repeat3_run1.json
29001.0,29.001,,,491.113,sustained_rand_write_300s_qd32_repeat3,rand_write,1,results\external_ssd\sustained_rand_write_300s_qd32_repeat3\sustained_rand_write_300s_qd32_repeat3_run1.json
29027.0,29.027,129.046875,33044.0,,sustained_rand_write_300s_qd32_repeat3,rand_write,1,results\external_ssd\sustained_rand_write_300s_qd32_repeat3\sustained_rand_write_300s_qd32_repeat3_run1.json
30000.0,30.0,,,532.008,sustained_rand_write_300s_qd32_repeat3,rand_write,1,results\external_ssd\sustained_rand_write_300s_qd32_repeat3\sustained_rand_write_300s_qd32_repeat3_run1.json
30027.0,30.027,119.56640625,30608.0,,sustained_rand_write_300s_qd32_repeat3,rand_write,1,results\external_ssd\sustained_rand_write_300s_qd32_repeat3\sustained_rand_write_300s_qd32_repeat3_run1.json
31000.0,31.0,,,748.494,sustained_rand_write_300s_qd32_repeat3,rand_write,1,results\external_ssd\sustained_rand_write_300s_qd32_repeat3\sustained_rand_write_300s_qd32_repeat3_run1.json
31028.0,31.028,89.453125,22900.0,,sustained_rand_write_300s_qd32_repeat3,rand_write,1,results\external_ssd\sustained_rand_write_300s_qd32_repeat3\sustained_rand_write_300s_qd32_repeat3_run1.json
32000.0,32.0,,,733.73,sustained_rand_write_300s_qd32_repeat3,rand_write,1,results\external_ssd\sustained_rand_write_300s_qd32_repeat3\sustained_rand_write_300s_qd32_repeat3_run1.json
32033.0,32.033,83.802734375,21453.0,,sustained_rand_write_300s_qd32_repeat3,rand_write,1,results\external_ssd\sustained_rand_write_300s_qd32_repeat3\sustained_rand_write_300s_qd32_repeat3_run1.json
33000.0,33.0,,,562.34,sustained_rand_write_300s_qd32_repeat3,rand_write,1,results\external_ssd\sustained_rand_write_300s_qd32_repeat3\sustained_rand_write_300s_qd32_repeat3_run1.json
33033.0,33.033,116.67578125,29869.0,,sustained_rand_write_300s_qd32_repeat3,rand_write,1,results\external_ssd\sustained_rand_write_300s_qd32_repeat3\sustained_rand_write_300s_qd32_repeat3_run1.json
34000.0,34.0,,,410.488,sustained_rand_write_300s_qd32_repeat3,rand_write,1,results\external_ssd\sustained_rand_write_300s_qd32_repeat3\sustained_rand_write_300s_qd32_repeat3_run1.json
34033.0,34.033,155.828125,39892.0,,sustained_rand_write_300s_qd32_repeat3,rand_write,1,results\external_ssd\sustained_rand_write_300s_qd32_repeat3\sustained_rand_write_300s_qd32_repeat3_run1.json
35000.0,35.0,,,374.68,sustained_rand_write_300s_qd32_repeat3,rand_write,1,results\external_ssd\sustained_rand_write_300s_qd32_repeat3\sustained_rand_write_300s_qd32_repeat3_run1.json
35034.0,35.034,171.34375,43864.0,,sustained_rand_write_300s_qd32_repeat3,rand_write,1,results\external_ssd\sustained_rand_write_300s_qd32_repeat3\sustained_rand_write_300s_qd32_repeat3_run1.json
36000.0,36.0,,,416.887,sustained_rand_write_300s_qd32_repeat3,rand_write,1,results\external_ssd\sustained_rand_write_300s_qd32_repeat3\sustained_rand_write_300s_qd32_repeat3_run1.json
36034.0,36.034,150.50390625,38529.0,,sustained_rand_write_300s_qd32_repeat3,rand_write,1,results\external_ssd\sustained_rand_write_300s_qd32_repeat3\sustained_rand_write_300s_qd32_repeat3_run1.json
37000.0,37.0,,,578.034,sustained_rand_write_300s_qd32_repeat3,rand_write,1,results\external_ssd\sustained_rand_write_300s_qd32_repeat3\sustained_rand_write_300s_qd32_repeat3_run1.json
37065.0,37.065,107.5087890625,27522.0,,sustained_rand_write_300s_qd32_repeat3,rand_write,1,results\external_ssd\sustained_rand_write_300s_qd32_repeat3\sustained_rand_write_300s_qd32_repeat3_run1.json
38000.0,38.0,,,609.285,sustained_rand_write_300s_qd32_repeat3,rand_write,1,results\external_ssd\sustained_rand_write_300s_qd32_repeat3\sustained_rand_write_300s_qd32_repeat3_run1.json
38065.0,38.065,104.41796875,26731.0,,sustained_rand_write_300s_qd32_repeat3,rand_write,1,results\external_ssd\sustained_rand_write_300s_qd32_repeat3\sustained_rand_write_300s_qd32_repeat3_run1.json
39000.0,39.0,,,471.63,sustained_rand_write_300s_qd32_repeat3,rand_write,1,results\external_ssd\sustained_rand_write_300s_qd32_repeat3\sustained_rand_write_300s_qd32_repeat3_run1.json
39066.0,39.066,135.2470703125,34623.0,,sustained_rand_write_300s_qd32_repeat3,rand_write,1,results\external_ssd\sustained_rand_write_300s_qd32_repeat3\sustained_rand_write_300s_qd32_repeat3_run1.json
40000.0,40.0,,,555.73,sustained_rand_write_300s_qd32_repeat3,rand_write,1,results\external_ssd\sustained_rand_write_300s_qd32_repeat3\sustained_rand_write_300s_qd32_repeat3_run1.json
40066.0,40.066,113.62109375,29087.0,,sustained_rand_write_300s_qd32_repeat3,rand_write,1,results\external_ssd\sustained_rand_write_300s_qd32_repeat3\sustained_rand_write_300s_qd32_repeat3_run1.json
41000.0,41.0,,,519.28,sustained_rand_write_300s_qd32_repeat3,rand_write,1,results\external_ssd\sustained_rand_write_300s_qd32_repeat3\sustained_rand_write_300s_qd32_repeat3_run1.json
41066.0,41.066,121.859375,31196.0,,sustained_rand_write_300s_qd32_repeat3,rand_write,1,results\external_ssd\sustained_rand_write_300s_qd32_repeat3\sustained_rand_write_300s_qd32_repeat3_run1.json
42000.0,42.0,,,407.525,sustained_rand_write_300s_qd32_repeat3,rand_write,1,results\external_ssd\sustained_rand_write_300s_qd32_repeat3\sustained_rand_write_300s_qd32_repeat3_run1.json
42066.0,42.066,162.8515625,41690.0,,sustained_rand_write_300s_qd32_repeat3,rand_write,1,results\external_ssd\sustained_rand_write_300s_qd32_repeat3\sustained_rand_write_300s_qd32_repeat3_run1.json
43000.0,43.0,,,376.016,sustained_rand_write_300s_qd32_repeat3,rand_write,1,results\external_ssd\sustained_rand_write_300s_qd32_repeat3\sustained_rand_write_300s_qd32_repeat3_run1.json
43067.0,43.067,165.7109375,42422.0,,sustained_rand_write_300s_qd32_repeat3,rand_write,1,results\external_ssd\sustained_rand_write_300s_qd32_repeat3\sustained_rand_write_300s_qd32_repeat3_run1.json
44000.0,44.0,,,423.682,sustained_rand_write_300s_qd32_repeat3,rand_write,1,results\external_ssd\sustained_rand_write_300s_qd32_repeat3\sustained_rand_write_300s_qd32_repeat3_run1.json
44068.0,44.068,151.0087890625,38658.0,,sustained_rand_write_300s_qd32_repeat3,rand_write,1,results\external_ssd\sustained_rand_write_300s_qd32_repeat3\sustained_rand_write_300s_qd32_repeat3_run1.json
45001.0,45.001,,,507.951,sustained_rand_write_300s_qd32_repeat3,rand_write,1,results\external_ssd\sustained_rand_write_300s_qd32_repeat3\sustained_rand_write_300s_qd32_repeat3_run1.json
45069.0,45.069,131.66015625,33705.0,,sustained_rand_write_300s_qd32_repeat3,rand_write,1,results\external_ssd\sustained_rand_write_300s_qd32_repeat3\sustained_rand_write_300s_qd32_repeat3_run1.json
46000.0,46.0,,,426.92,sustained_rand_write_300s_qd32_repeat3,rand_write,1,results\external_ssd\sustained_rand_write_300s_qd32_repeat3\sustained_rand_write_300s_qd32_repeat3_run1.json
46069.0,46.069,148.31640625,37969.0,,sustained_rand_write_300s_qd32_repeat3,rand_write,1,results\external_ssd\sustained_rand_write_300s_qd32_repeat3\sustained_rand_write_300s_qd32_repeat3_run1.json
47000.0,47.0,,,487.617,sustained_rand_write_300s_qd32_repeat3,rand_write,1,results\external_ssd\sustained_rand_write_300s_qd32_repeat3\sustained_rand_write_300s_qd32_repeat3_run1.json
47071.0,47.071,130.712890625,33462.0,,sustained_rand_write_300s_qd32_repeat3,rand_write,1,results\external_ssd\sustained_rand_write_300s_qd32_repeat3\sustained_rand_write_300s_qd32_repeat3_run1.json
48000.0,48.0,,,530.539,sustained_rand_write_300s_qd32_repeat3,rand_write,1,results\external_ssd\sustained_rand_write_300s_qd32_repeat3\sustained_rand_write_300s_qd32_repeat3_run1.json
48071.0,48.071,118.06640625,30225.0,,sustained_rand_write_300s_qd32_repeat3,rand_write,1,results\external_ssd\sustained_rand_write_300s_qd32_repeat3\sustained_rand_write_300s_qd32_repeat3_run1.json
49000.0,49.0,,,583.268,sustained_rand_write_300s_qd32_repeat3,rand_write,1,results\external_ssd\sustained_rand_write_300s_qd32_repeat3\sustained_rand_write_300s_qd32_repeat3_run1.json
49072.0,49.072,110.548828125,28300.0,,sustained_rand_write_300s_qd32_repeat3,rand_write,1,results\external_ssd\sustained_rand_write_300s_qd32_repeat3\sustained_rand_write_300s_qd32_repeat3_run1.json
50000.0,50.0,,,541.51,sustained_rand_write_300s_qd32_repeat3,rand_write,1,results\external_ssd\sustained_rand_write_300s_qd32_repeat3\sustained_rand_write_300s_qd32_repeat3_run1.json
50072.0,50.072,116.671875,29868.0,,sustained_rand_write_300s_qd32_repeat3,rand_write,1,results\external_ssd\sustained_rand_write_300s_qd32_repeat3\sustained_rand_write_300s_qd32_repeat3_run1.json
51000.0,51.0,,,504.235,sustained_rand_write_300s_qd32_repeat3,rand_write,1,results\external_ssd\sustained_rand_write_300s_qd32_repeat3\sustained_rand_write_300s_qd32_repeat3_run1.json
51073.0,51.073,126.951171875,32499.0,,sustained_rand_write_300s_qd32_repeat3,rand_write,1,results\external_ssd\sustained_rand_write_300s_qd32_repeat3\sustained_rand_write_300s_qd32_repeat3_run1.json
52000.0,52.0,,,455.332,sustained_rand_write_300s_qd32_repeat3,rand_write,1,results\external_ssd\sustained_rand_write_300s_qd32_repeat3\sustained_rand_write_300s_qd32_repeat3_run1.json
52073.0,52.073,139.73828125,35773.0,,sustained_rand_write_300s_qd32_repeat3,rand_write,1,results\external_ssd\sustained_rand_write_300s_qd32_repeat3\sustained_rand_write_300s_qd32_repeat3_run1.json
53001.0,53.001,,,627.35,sustained_rand_write_300s_qd32_repeat3,rand_write,1,results\external_ssd\sustained_rand_write_300s_qd32_repeat3\sustained_rand_write_300s_qd32_repeat3_run1.json
53073.0,53.073,95.12109375,24351.0,,sustained_rand_write_300s_qd32_repeat3,rand_write,1,results\external_ssd\sustained_rand_write_300s_qd32_repeat3\sustained_rand_write_300s_qd32_repeat3_run1.json
54000.0,54.0,,,843.255,sustained_rand_write_300s_qd32_repeat3,rand_write,1,results\external_ssd\sustained_rand_write_300s_qd32_repeat3\sustained_rand_write_300s_qd32_repeat3_run1.json
54074.0,54.074,76.953125,19700.0,,sustained_rand_write_300s_qd32_repeat3,rand_write,1,results\external_ssd\sustained_rand_write_300s_qd32_repeat3\sustained_rand_write_300s_qd32_repeat3_run1.json
55000.0,55.0,,,728.488,sustained_rand_write_300s_qd32_repeat3,rand_write,1,results\external_ssd\sustained_rand_write_300s_qd32_repeat3\sustained_rand_write_300s_qd32_repeat3_run1.json
55074.0,55.074,92.91796875,23787.0,,sustained_rand_write_300s_qd32_repeat3,rand_write,1,results\external_ssd\sustained_rand_write_300s_qd32_repeat3\sustained_rand_write_300s_qd32_repeat3_run1.json
56001.0,56.001,,,546.408,sustained_rand_write_300s_qd32_repeat3,rand_write,1,results\external_ssd\sustained_rand_write_300s_qd32_repeat3\sustained_rand_write_300s_qd32_repeat3_run1.json
56075.0,56.075,115.20703125,29493.0,,sustained_rand_write_300s_qd32_repeat3,rand_write,1,results\external_ssd\sustained_rand_write_300s_qd32_repeat3\sustained_rand_write_300s_qd32_repeat3_run1.json
57000.0,57.0,,,559.138,sustained_rand_write_300s_qd32_repeat3,rand_write,1,results\external_ssd\sustained_rand_write_300s_qd32_repeat3\sustained_rand_write_300s_qd32_repeat3_run1.json
57075.0,57.075,112.96484375,28919.0,,sustained_rand_write_300s_qd32_repeat3,rand_write,1,results\external_ssd\sustained_rand_write_300s_qd32_repeat3\sustained_rand_write_300s_qd32_repeat3_run1.json
58000.0,58.0,,,525.961,sustained_rand_write_300s_qd32_repeat3,rand_write,1,results\external_ssd\sustained_rand_write_300s_qd32_repeat3\sustained_rand_write_300s_qd32_repeat3_run1.json
58075.0,58.075,122.55078125,31373.0,,sustained_rand_write_300s_qd32_repeat3,rand_write,1,results\external_ssd\sustained_rand_write_300s_qd32_repeat3\sustained_rand_write_300s_qd32_repeat3_run1.json
59000.0,59.0,,,501.246,sustained_rand_write_300s_qd32_repeat3,rand_write,1,results\external_ssd\sustained_rand_write_300s_qd32_repeat3\sustained_rand_write_300s_qd32_repeat3_run1.json
59076.0,59.076,126.1484375,32294.0,,sustained_rand_write_300s_qd32_repeat3,rand_write,1,results\external_ssd\sustained_rand_write_300s_qd32_repeat3\sustained_rand_write_300s_qd32_repeat3_run1.json
60000.0,60.0,,,451.175,sustained_rand_write_300s_qd32_repeat3,rand_write,1,results\external_ssd\sustained_rand_write_300s_qd32_repeat3\sustained_rand_write_300s_qd32_repeat3_run1.json
60076.0,60.076,143.29296875,36683.0,,sustained_rand_write_300s_qd32_repeat3,rand_write,1,results\external_ssd\sustained_rand_write_300s_qd32_repeat3\sustained_rand_write_300s_qd32_repeat3_run1.json
61000.0,61.0,,,504.583,sustained_rand_write_300s_qd32_repeat3,rand_write,1,results\external_ssd\sustained_rand_write_300s_qd32_repeat3\sustained_rand_write_300s_qd32_repeat3_run1.json
61077.0,61.077,123.54296875,31627.0,,sustained_rand_write_300s_qd32_repeat3,rand_write,1,results\external_ssd\sustained_rand_write_300s_qd32_repeat3\sustained_rand_write_300s_qd32_repeat3_run1.json
62001.0,62.001,,,509.283,sustained_rand_write_300s_qd32_repeat3,rand_write,1,results\external_ssd\sustained_rand_write_300s_qd32_repeat3\sustained_rand_write_300s_qd32_repeat3_run1.json
62078.0,62.078,124.26953125,31813.0,,sustained_rand_write_300s_qd32_repeat3,rand_write,1,results\external_ssd\sustained_rand_write_300s_qd32_repeat3\sustained_rand_write_300s_qd32_repeat3_run1.json
63000.0,63.0,,,477.747,sustained_rand_write_300s_qd32_repeat3,rand_write,1,results\external_ssd\sustained_rand_write_300s_qd32_repeat3\sustained_rand_write_300s_qd32_repeat3_run1.json
63078.0,63.078,135.7109375,34742.0,,sustained_rand_write_300s_qd32_repeat3,rand_write,1,results\external_ssd\sustained_rand_write_300s_qd32_repeat3\sustained_rand_write_300s_qd32_repeat3_run1.json
64000.0,64.0,,,495.095,sustained_rand_write_300s_qd32_repeat3,rand_write,1,results\external_ssd\sustained_rand_write_300s_qd32_repeat3\sustained_rand_write_300s_qd32_repeat3_run1.json
64078.0,64.078,126.91015625,32489.0,,sustained_rand_write_300s_qd32_repeat3,rand_write,1,results\external_ssd\sustained_rand_write_300s_qd32_repeat3\sustained_rand_write_300s_qd32_repeat3_run1.json
65000.0,65.0,,,619.87,sustained_rand_write_300s_qd32_repeat3,rand_write,1,results\external_ssd\sustained_rand_write_300s_qd32_repeat3\sustained_rand_write_300s_qd32_repeat3_run1.json
65079.0,65.079,95.0859375,24342.0,,sustained_rand_write_300s_qd32_repeat3,rand_write,1,results\external_ssd\sustained_rand_write_300s_qd32_repeat3\sustained_rand_write_300s_qd32_repeat3_run1.json
66000.0,66.0,,,622.969,sustained_rand_write_300s_qd32_repeat3,rand_write,1,results\external_ssd\sustained_rand_write_300s_qd32_repeat3\sustained_rand_write_300s_qd32_repeat3_run1.json
66079.0,66.079,102.6640625,26282.0,,sustained_rand_write_300s_qd32_repeat3,rand_write,1,results\external_ssd\sustained_rand_write_300s_qd32_repeat3\sustained_rand_write_300s_qd32_repeat3_run1.json
67000.0,67.0,,,713.267,sustained_rand_write_300s_qd32_repeat3,rand_write,1,results\external_ssd\sustained_rand_write_300s_qd32_repeat3\sustained_rand_write_300s_qd32_repeat3_run1.json
67080.0,67.08,88.921875,22764.0,,sustained_rand_write_300s_qd32_repeat3,rand_write,1,results\external_ssd\sustained_rand_write_300s_qd32_repeat3\sustained_rand_write_300s_qd32_repeat3_run1.json
68000.0,68.0,,,540.502,sustained_rand_write_300s_qd32_repeat3,rand_write,1,results\external_ssd\sustained_rand_write_300s_qd32_repeat3\sustained_rand_write_300s_qd32_repeat3_run1.json
68080.0,68.08,120.47265625,30841.0,,sustained_rand_write_300s_qd32_repeat3,rand_write,1,results\external_ssd\sustained_rand_write_300s_qd32_repeat3\sustained_rand_write_300s_qd32_repeat3_run1.json
69000.0,69.0,,,466.645,sustained_rand_write_300s_qd32_repeat3,rand_write,1,results\external_ssd\sustained_rand_write_300s_qd32_repeat3\sustained_rand_write_300s_qd32_repeat3_run1.json
69080.0,69.08,136.984375,35068.0,,sustained_rand_write_300s_qd32_repeat3,rand_write,1,results\external_ssd\sustained_rand_write_300s_qd32_repeat3\sustained_rand_write_300s_qd32_repeat3_run1.json
70000.0,70.0,,,398.125,sustained_rand_write_300s_qd32_repeat3,rand_write,1,results\external_ssd\sustained_rand_write_300s_qd32_repeat3\sustained_rand_write_300s_qd32_repeat3_run1.json
70080.0,70.08,163.0078125,41730.0,,sustained_rand_write_300s_qd32_repeat3,rand_write,1,results\external_ssd\sustained_rand_write_300s_qd32_repeat3\sustained_rand_write_300s_qd32_repeat3_run1.json
71000.0,71.0,,,420.493,sustained_rand_write_300s_qd32_repeat3,rand_write,1,results\external_ssd\sustained_rand_write_300s_qd32_repeat3\sustained_rand_write_300s_qd32_repeat3_run1.json
71081.0,71.081,149.90625,38376.0,,sustained_rand_write_300s_qd32_repeat3,rand_write,1,results\external_ssd\sustained_rand_write_300s_qd32_repeat3\sustained_rand_write_300s_qd32_repeat3_run1.json
72000.0,72.0,,,405.679,sustained_rand_write_300s_qd32_repeat3,rand_write,1,results\external_ssd\sustained_rand_write_300s_qd32_repeat3\sustained_rand_write_300s_qd32_repeat3_run1.json
72081.0,72.081,157.42578125,40301.0,,sustained_rand_write_300s_qd32_repeat3,rand_write,1,results\external_ssd\sustained_rand_write_300s_qd32_repeat3\sustained_rand_write_300s_qd32_repeat3_run1.json
73000.0,73.0,,,424.133,sustained_rand_write_300s_qd32_repeat3,rand_write,1,results\external_ssd\sustained_rand_write_300s_qd32_repeat3\sustained_rand_write_300s_qd32_repeat3_run1.json
73082.0,73.082,151.49609375,38783.0,,sustained_rand_write_300s_qd32_repeat3,rand_write,1,results\external_ssd\sustained_rand_write_300s_qd32_repeat3\sustained_rand_write_300s_qd32_repeat3_run1.json
74000.0,74.0,,,423.973,sustained_rand_write_300s_qd32_repeat3,rand_write,1,results\external_ssd\sustained_rand_write_300s_qd32_repeat3\sustained_rand_write_300s_qd32_repeat3_run1.json
74082.0,74.082,149.51953125,38277.0,,sustained_rand_write_300s_qd32_repeat3,rand_write,1,results\external_ssd\sustained_rand_write_300s_qd32_repeat3\sustained_rand_write_300s_qd32_repeat3_run1.json
75000.0,75.0,,,450.614,sustained_rand_write_300s_qd32_repeat3,rand_write,1,results\external_ssd\sustained_rand_write_300s_qd32_repeat3\sustained_rand_write_300s_qd32_repeat3_run1.json
75083.0,75.083,138.9501953125,35571.0,,sustained_rand_write_300s_qd32_repeat3,rand_write,1,results\external_ssd\sustained_rand_write_300s_qd32_repeat3\sustained_rand_write_300s_qd32_repeat3_run1.json
76000.0,76.0,,,477.453,sustained_rand_write_300s_qd32_repeat3,rand_write,1,results\external_ssd\sustained_rand_write_300s_qd32_repeat3\sustained_rand_write_300s_qd32_repeat3_run1.json
76083.0,76.083,132.3125,33872.0,,sustained_rand_write_300s_qd32_repeat3,rand_write,1,results\external_ssd\sustained_rand_write_300s_qd32_repeat3\sustained_rand_write_300s_qd32_repeat3_run1.json
77000.0,77.0,,,496.138,sustained_rand_write_300s_qd32_repeat3,rand_write,1,results\external_ssd\sustained_rand_write_300s_qd32_repeat3\sustained_rand_write_300s_qd32_repeat3_run1.json
77084.0,77.084,129.3623046875,33116.0,,sustained_rand_write_300s_qd32_repeat3,rand_write,1,results\external_ssd\sustained_rand_write_300s_qd32_repeat3\sustained_rand_write_300s_qd32_repeat3_run1.json
78001.0,78.001,,,553.611,sustained_rand_write_300s_qd32_repeat3,rand_write,1,results\external_ssd\sustained_rand_write_300s_qd32_repeat3\sustained_rand_write_300s_qd32_repeat3_run1.json
78085.0,78.085,111.7109375,28598.0,,sustained_rand_write_300s_qd32_repeat3,rand_write,1,results\external_ssd\sustained_rand_write_300s_qd32_repeat3\sustained_rand_write_300s_qd32_repeat3_run1.json
79000.0,79.0,,,557.989,sustained_rand_write_300s_qd32_repeat3,rand_write,1,results\external_ssd\sustained_rand_write_300s_qd32_repeat3\sustained_rand_write_300s_qd32_repeat3_run1.json
79085.0,79.085,115.71484375,29623.0,,sustained_rand_write_300s_qd32_repeat3,rand_write,1,results\external_ssd\sustained_rand_write_300s_qd32_repeat3\sustained_rand_write_300s_qd32_repeat3_run1.json
80000.0,80.0,,,556.211,sustained_rand_write_300s_qd32_repeat3,rand_write,1,results\external_ssd\sustained_rand_write_300s_qd32_repeat3\sustained_rand_write_300s_qd32_repeat3_run1.json
80086.0,80.086,113.234375,28988.0,,sustained_rand_write_300s_qd32_repeat3,rand_write,1,results\external_ssd\sustained_rand_write_300s_qd32_repeat3\sustained_rand_write_300s_qd32_repeat3_run1.json
81001.0,81.001,,,500.371,sustained_rand_write_300s_qd32_repeat3,rand_write,1,results\external_ssd\sustained_rand_write_300s_qd32_repeat3\sustained_rand_write_300s_qd32_repeat3_run1.json
81087.0,81.087,125.28125,32072.0,,sustained_rand_write_300s_qd32_repeat3,rand_write,1,results\external_ssd\sustained_rand_write_300s_qd32_repeat3\sustained_rand_write_300s_qd32_repeat3_run1.json
82000.0,82.0,,,494.858,sustained_rand_write_300s_qd32_repeat3,rand_write,1,results\external_ssd\sustained_rand_write_300s_qd32_repeat3\sustained_rand_write_300s_qd32_repeat3_run1.json
82087.0,82.087,129.98046875,33275.0,,sustained_rand_write_300s_qd32_repeat3,rand_write,1,results\external_ssd\sustained_rand_write_300s_qd32_repeat3\sustained_rand_write_300s_qd32_repeat3_run1.json
83000.0,83.0,,,484.489,sustained_rand_write_300s_qd32_repeat3,rand_write,1,results\external_ssd\sustained_rand_write_300s_qd32_repeat3\sustained_rand_write_300s_qd32_repeat3_run1.json
83088.0,83.088,135.0517578125,34573.0,,sustained_rand_write_300s_qd32_repeat3,rand_write,1,results\external_ssd\sustained_rand_write_300s_qd32_repeat3\sustained_rand_write_300s_qd32_repeat3_run1.json
84000.0,84.0,,,486.318,sustained_rand_write_300s_qd32_repeat3,rand_write,1,results\external_ssd\sustained_rand_write_300s_qd32_repeat3\sustained_rand_write_300s_qd32_repeat3_run1.json
84089.0,84.089,128.5,32896.0,,sustained_rand_write_300s_qd32_repeat3,rand_write,1,results\external_ssd\sustained_rand_write_300s_qd32_repeat3\sustained_rand_write_300s_qd32_repeat3_run1.json
85000.0,85.0,,,480.615,sustained_rand_write_300s_qd32_repeat3,rand_write,1,results\external_ssd\sustained_rand_write_300s_qd32_repeat3\sustained_rand_write_300s_qd32_repeat3_run1.json
85089.0,85.089,132.59765625,33945.0,,sustained_rand_write_300s_qd32_repeat3,rand_write,1,results\external_ssd\sustained_rand_write_300s_qd32_repeat3\sustained_rand_write_300s_qd32_repeat3_run1.json
86000.0,86.0,,,655.514,sustained_rand_write_300s_qd32_repeat3,rand_write,1,results\external_ssd\sustained_rand_write_300s_qd32_repeat3\sustained_rand_write_300s_qd32_repeat3_run1.json
86090.0,86.09,94.0,24064.0,,sustained_rand_write_300s_qd32_repeat3,rand_write,1,results\external_ssd\sustained_rand_write_300s_qd32_repeat3\sustained_rand_write_300s_qd32_repeat3_run1.json
87000.0,87.0,,,517.658,sustained_rand_write_300s_qd32_repeat3,rand_write,1,results\external_ssd\sustained_rand_write_300s_qd32_repeat3\sustained_rand_write_300s_qd32_repeat3_run1.json
87090.0,87.09,126.16796875,32299.0,,sustained_rand_write_300s_qd32_repeat3,rand_write,1,results\external_ssd\sustained_rand_write_300s_qd32_repeat3\sustained_rand_write_300s_qd32_repeat3_run1.json
88000.0,88.0,,,528.179,sustained_rand_write_300s_qd32_repeat3,rand_write,1,results\external_ssd\sustained_rand_write_300s_qd32_repeat3\sustained_rand_write_300s_qd32_repeat3_run1.json
88091.0,88.091,118.294921875,30283.0,,sustained_rand_write_300s_qd32_repeat3,rand_write,1,results\external_ssd\sustained_rand_write_300s_qd32_repeat3\sustained_rand_write_300s_qd32_repeat3_run1.json
89000.0,89.0,,,498.055,sustained_rand_write_300s_qd32_repeat3,rand_write,1,results\external_ssd\sustained_rand_write_300s_qd32_repeat3\sustained_rand_write_300s_qd32_repeat3_run1.json
89092.0,89.092,127.9609375,32758.0,,sustained_rand_write_300s_qd32_repeat3,rand_write,1,results\external_ssd\sustained_rand_write_300s_qd32_repeat3\sustained_rand_write_300s_qd32_repeat3_run1.json
90000.0,90.0,,,492.295,sustained_rand_write_300s_qd32_repeat3,rand_write,1,results\external_ssd\sustained_rand_write_300s_qd32_repeat3\sustained_rand_write_300s_qd32_repeat3_run1.json
90092.0,90.092,128.70703125,32949.0,,sustained_rand_write_300s_qd32_repeat3,rand_write,1,results\external_ssd\sustained_rand_write_300s_qd32_repeat3\sustained_rand_write_300s_qd32_repeat3_run1.json
91000.0,91.0,,,488.318,sustained_rand_write_300s_qd32_repeat3,rand_write,1,results\external_ssd\sustained_rand_write_300s_qd32_repeat3\sustained_rand_write_300s_qd32_repeat3_run1.json
91092.0,91.092,131.58203125,33685.0,,sustained_rand_write_300s_qd32_repeat3,rand_write,1,results\external_ssd\sustained_rand_write_300s_qd32_repeat3\sustained_rand_write_300s_qd32_repeat3_run1.json
92000.0,92.0,,,498.289,sustained_rand_write_300s_qd32_repeat3,rand_write,1,results\external_ssd\sustained_rand_write_300s_qd32_repeat3\sustained_rand_write_300s_qd32_repeat3_run1.json
92093.0,92.093,126.46875,32376.0,,sustained_rand_write_300s_qd32_repeat3,rand_write,1,results\external_ssd\sustained_rand_write_300s_qd32_repeat3\sustained_rand_write_300s_qd32_repeat3_run1.json
93000.0,93.0,,,532.591,sustained_rand_write_300s_qd32_repeat3,rand_write,1,results\external_ssd\sustained_rand_write_300s_qd32_repeat3\sustained_rand_write_300s_qd32_repeat3_run1.json
93093.0,93.093,116.7890625,29898.0,,sustained_rand_write_300s_qd32_repeat3,rand_write,1,results\external_ssd\sustained_rand_write_300s_qd32_repeat3\sustained_rand_write_300s_qd32_repeat3_run1.json
94001.0,94.001,,,830.509,sustained_rand_write_300s_qd32_repeat3,rand_write,1,results\external_ssd\sustained_rand_write_300s_qd32_repeat3\sustained_rand_write_300s_qd32_repeat3_run1.json
94093.0,94.093,79.4765625,20346.0,,sustained_rand_write_300s_qd32_repeat3,rand_write,1,results\external_ssd\sustained_rand_write_300s_qd32_repeat3\sustained_rand_write_300s_qd32_repeat3_run1.json
95000.0,95.0,,,678.062,sustained_rand_write_300s_qd32_repeat3,rand_write,1,results\external_ssd\sustained_rand_write_300s_qd32_repeat3\sustained_rand_write_300s_qd32_repeat3_run1.json
95094.0,95.094,91.0078125,23298.0,,sustained_rand_write_300s_qd32_repeat3,rand_write,1,results\external_ssd\sustained_rand_write_300s_qd32_repeat3\sustained_rand_write_300s_qd32_repeat3_run1.json
96000.0,96.0,,,679.468,sustained_rand_write_300s_qd32_repeat3,rand_write,1,results\external_ssd\sustained_rand_write_300s_qd32_repeat3\sustained_rand_write_300s_qd32_repeat3_run1.json
96094.0,96.094,96.58203125,24725.0,,sustained_rand_write_300s_qd32_repeat3,rand_write,1,results\external_ssd\sustained_rand_write_300s_qd32_repeat3\sustained_rand_write_300s_qd32_repeat3_run1.json
97000.0,97.0,,,607.921,sustained_rand_write_300s_qd32_repeat3,rand_write,1,results\external_ssd\sustained_rand_write_300s_qd32_repeat3\sustained_rand_write_300s_qd32_repeat3_run1.json
97095.0,97.095,105.09375,26904.0,,sustained_rand_write_300s_qd32_repeat3,rand_write,1,results\external_ssd\sustained_rand_write_300s_qd32_repeat3\sustained_rand_write_300s_qd32_repeat3_run1.json
98000.0,98.0,,,671.83,sustained_rand_write_300s_qd32_repeat3,rand_write,1,results\external_ssd\sustained_rand_write_300s_qd32_repeat3\sustained_rand_write_300s_qd32_repeat3_run1.json
98095.0,98.095,94.61328125,24221.0,,sustained_rand_write_300s_qd32_repeat3,rand_write,1,results\external_ssd\sustained_rand_write_300s_qd32_repeat3\sustained_rand_write_300s_qd32_repeat3_run1.json
99000.0,99.0,,,743.355,sustained_rand_write_300s_qd32_repeat3,rand_write,1,results\external_ssd\sustained_rand_write_300s_qd32_repeat3\sustained_rand_write_300s_qd32_repeat3_run1.json
99095.0,99.095,87.35546875,22363.0,,sustained_rand_write_300s_qd32_repeat3,rand_write,1,results\external_ssd\sustained_rand_write_300s_qd32_repeat3\sustained_rand_write_300s_qd32_repeat3_run1.json
100000.0,100.0,,,676.005,sustained_rand_write_300s_qd32_repeat3,rand_write,1,results\external_ssd\sustained_rand_write_300s_qd32_repeat3\sustained_rand_write_300s_qd32_repeat3_run1.json
100095.0,100.095,94.1796875,24110.0,,sustained_rand_write_300s_qd32_repeat3,rand_write,1,results\external_ssd\sustained_rand_write_300s_qd32_repeat3\sustained_rand_write_300s_qd32_repeat3_run1.json
101000.0,101.0,,,691.232,sustained_rand_write_300s_qd32_repeat3,rand_write,1,results\external_ssd\sustained_rand_write_300s_qd32_repeat3\sustained_rand_write_300s_qd32_repeat3_run1.json
101096.0,101.096,94.79296875,24267.0,,sustained_rand_write_300s_qd32_repeat3,rand_write,1,results\external_ssd\sustained_rand_write_300s_qd32_repeat3\sustained_rand_write_300s_qd32_repeat3_run1.json
102000.0,102.0,,,610.846,sustained_rand_write_300s_qd32_repeat3,rand_write,1,results\external_ssd\sustained_rand_write_300s_qd32_repeat3\sustained_rand_write_300s_qd32_repeat3_run1.json
102097.0,102.097,104.625,26784.0,,sustained_rand_write_300s_qd32_repeat3,rand_write,1,results\external_ssd\sustained_rand_write_300s_qd32_repeat3\sustained_rand_write_300s_qd32_repeat3_run1.json
103000.0,103.0,,,738.299,sustained_rand_write_300s_qd32_repeat3,rand_write,1,results\external_ssd\sustained_rand_write_300s_qd32_repeat3\sustained_rand_write_300s_qd32_repeat3_run1.json
103097.0,103.097,82.90625,21224.0,,sustained_rand_write_300s_qd32_repeat3,rand_write,1,results\external_ssd\sustained_rand_write_300s_qd32_repeat3\sustained_rand_write_300s_qd32_repeat3_run1.json
104000.0,104.0,,,695.169,sustained_rand_write_300s_qd32_repeat3,rand_write,1,results\external_ssd\sustained_rand_write_300s_qd32_repeat3\sustained_rand_write_300s_qd32_repeat3_run1.json
104098.0,104.098,94.82421875,24275.0,,sustained_rand_write_300s_qd32_repeat3,rand_write,1,results\external_ssd\sustained_rand_write_300s_qd32_repeat3\sustained_rand_write_300s_qd32_repeat3_run1.json
105001.0,105.001,,,685.941,sustained_rand_write_300s_qd32_repeat3,rand_write,1,results\external_ssd\sustained_rand_write_300s_qd32_repeat3\sustained_rand_write_300s_qd32_repeat3_run1.json
105098.0,105.098,89.828125,22996.0,,sustained_rand_write_300s_qd32_repeat3,rand_write,1,results\external_ssd\sustained_rand_write_300s_qd32_repeat3\sustained_rand_write_300s_qd32_repeat3_run1.json
106000.0,106.0,,,705.436,sustained_rand_write_300s_qd32_repeat3,rand_write,1,results\external_ssd\sustained_rand_write_300s_qd32_repeat3\sustained_rand_write_300s_qd32_repeat3_run1.json
106099.0,106.099,93.5390625,23946.0,,sustained_rand_write_300s_qd32_repeat3,rand_write,1,results\external_ssd\sustained_rand_write_300s_qd32_repeat3\sustained_rand_write_300s_qd32_repeat3_run1.json
107000.0,107.0,,,601.491,sustained_rand_write_300s_qd32_repeat3,rand_write,1,results\external_ssd\sustained_rand_write_300s_qd32_repeat3\sustained_rand_write_300s_qd32_repeat3_run1.json
107100.0,107.1,103.392578125,26468.0,,sustained_rand_write_300s_qd32_repeat3,rand_write,1,results\external_ssd\sustained_rand_write_300s_qd32_repeat3\sustained_rand_write_300s_qd32_repeat3_run1.json
108000.0,108.0,,,687.005,sustained_rand_write_300s_qd32_repeat3,rand_write,1,results\external_ssd\sustained_rand_write_300s_qd32_repeat3\sustained_rand_write_300s_qd32_repeat3_run1.json
108100.0,108.1,92.01953125,23557.0,,sustained_rand_write_300s_qd32_repeat3,rand_write,1,results\external_ssd\sustained_rand_write_300s_qd32_repeat3\sustained_rand_write_300s_qd32_repeat3_run1.json
109000.0,109.0,,,605.0,sustained_rand_write_300s_qd32_repeat3,rand_write,1,results\external_ssd\sustained_rand_write_300s_qd32_repeat3\sustained_rand_write_300s_qd32_repeat3_run1.json
109101.0,109.101,108.1328125,27682.0,,sustained_rand_write_300s_qd32_repeat3,rand_write,1,results\external_ssd\sustained_rand_write_300s_qd32_repeat3\sustained_rand_write_300s_qd32_repeat3_run1.json
110000.0,110.0,,,697.509,sustained_rand_write_300s_qd32_repeat3,rand_write,1,results\external_ssd\sustained_rand_write_300s_qd32_repeat3\sustained_rand_write_300s_qd32_repeat3_run1.json
110101.0,110.101,91.296875,23372.0,,sustained_rand_write_300s_qd32_repeat3,rand_write,1,results\external_ssd\sustained_rand_write_300s_qd32_repeat3\sustained_rand_write_300s_qd32_repeat3_run1.json
111011.0,111.011,,,590.724,sustained_rand_write_300s_qd32_repeat3,rand_write,1,results\external_ssd\sustained_rand_write_300s_qd32_repeat3\sustained_rand_write_300s_qd32_repeat3_run1.json
111103.0,111.103,100.0712890625,25618.0,,sustained_rand_write_300s_qd32_repeat3,rand_write,1,results\external_ssd\sustained_rand_write_300s_qd32_repeat3\sustained_rand_write_300s_qd32_repeat3_run1.json
112000.0,112.0,,,661.766,sustained_rand_write_300s_qd32_repeat3,rand_write,1,results\external_ssd\sustained_rand_write_300s_qd32_repeat3\sustained_rand_write_300s_qd32_repeat3_run1.json
112103.0,112.103,106.3359375,27222.0,,sustained_rand_write_300s_qd32_repeat3,rand_write,1,results\external_ssd\sustained_rand_write_300s_qd32_repeat3\sustained_rand_write_300s_qd32_repeat3_run1.json
113000.0,113.0,,,490.942,sustained_rand_write_300s_qd32_repeat3,rand_write,1,results\external_ssd\sustained_rand_write_300s_qd32_repeat3\sustained_rand_write_300s_qd32_repeat3_run1.json
113104.0,113.104,130.09765625,33305.0,,sustained_rand_write_300s_qd32_repeat3,rand_write,1,results\external_ssd\sustained_rand_write_300s_qd32_repeat3\sustained_rand_write_300s_qd32_repeat3_run1.json
114000.0,114.0,,,605.373,sustained_rand_write_300s_qd32_repeat3,rand_write,1,results\external_ssd\sustained_rand_write_300s_qd32_repeat3\sustained_rand_write_300s_qd32_repeat3_run1.json
114104.0,114.104,98.1640625,25130.0,,sustained_rand_write_300s_qd32_repeat3,rand_write,1,results\external_ssd\sustained_rand_write_300s_qd32_repeat3\sustained_rand_write_300s_qd32_repeat3_run1.json
115000.0,115.0,,,565.909,sustained_rand_write_300s_qd32_repeat3,rand_write,1,results\external_ssd\sustained_rand_write_300s_qd32_repeat3\sustained_rand_write_300s_qd32_repeat3_run1.json
115105.0,115.105,118.77734375,30407.0,,sustained_rand_write_300s_qd32_repeat3,rand_write,1,results\external_ssd\sustained_rand_write_300s_qd32_repeat3\sustained_rand_write_300s_qd32_repeat3_run1.json
116000.0,116.0,,,646.74,sustained_rand_write_300s_qd32_repeat3,rand_write,1,results\external_ssd\sustained_rand_write_300s_qd32_repeat3\sustained_rand_write_300s_qd32_repeat3_run1.json
116106.0,116.106,101.828125,26068.0,,sustained_rand_write_300s_qd32_repeat3,rand_write,1,results\external_ssd\sustained_rand_write_300s_qd32_repeat3\sustained_rand_write_300s_qd32_repeat3_run1.json
117000.0,117.0,,,537.227,sustained_rand_write_300s_qd32_repeat3,rand_write,1,results\external_ssd\sustained_rand_write_300s_qd32_repeat3\sustained_rand_write_300s_qd32_repeat3_run1.json
117107.0,117.107,113.125,28960.0,,sustained_rand_write_300s_qd32_repeat3,rand_write,1,results\external_ssd\sustained_rand_write_300s_qd32_repeat3\sustained_rand_write_300s_qd32_repeat3_run1.json
118000.0,118.0,,,654.097,sustained_rand_write_300s_qd32_repeat3,rand_write,1,results\external_ssd\sustained_rand_write_300s_qd32_repeat3\sustained_rand_write_300s_qd32_repeat3_run1.json
118107.0,118.107,101.11328125,25885.0,,sustained_rand_write_300s_qd32_repeat3,rand_write,1,results\external_ssd\sustained_rand_write_300s_qd32_repeat3\sustained_rand_write_300s_qd32_repeat3_run1.json
119000.0,119.0,,,711.518,sustained_rand_write_300s_qd32_repeat3,rand_write,1,results\external_ssd\sustained_rand_write_300s_qd32_repeat3\sustained_rand_write_300s_qd32_repeat3_run1.json
119108.0,119.108,91.05859375,23311.0,,sustained_rand_write_300s_qd32_repeat3,rand_write,1,results\external_ssd\sustained_rand_write_300s_qd32_repeat3\sustained_rand_write_300s_qd32_repeat3_run1.json
120000.0,120.0,,,619.438,sustained_rand_write_300s_qd32_repeat3,rand_write,1,results\external_ssd\sustained_rand_write_300s_qd32_repeat3\sustained_rand_write_300s_qd32_repeat3_run1.json
120108.0,120.108,103.68359375,26543.0,,sustained_rand_write_300s_qd32_repeat3,rand_write,1,results\external_ssd\sustained_rand_write_300s_qd32_repeat3\sustained_rand_write_300s_qd32_repeat3_run1.json
121000.0,121.0,,,567.146,sustained_rand_write_300s_qd32_repeat3,rand_write,1,results\external_ssd\sustained_rand_write_300s_qd32_repeat3\sustained_rand_write_300s_qd32_repeat3_run1.json
121109.0,121.109,111.48828125,28541.0,,sustained_rand_write_300s_qd32_repeat3,rand_write,1,results\external_ssd\sustained_rand_write_300s_qd32_repeat3\sustained_rand_write_300s_qd32_repeat3_run1.json
122000.0,122.0,,,491.551,sustained_rand_write_300s_qd32_repeat3,rand_write,1,results\external_ssd\sustained_rand_write_300s_qd32_repeat3\sustained_rand_write_300s_qd32_repeat3_run1.json
122110.0,122.11,129.5234375,33158.0,,sustained_rand_write_300s_qd32_repeat3,rand_write,1,results\external_ssd\sustained_rand_write_300s_qd32_repeat3\sustained_rand_write_300s_qd32_repeat3_run1.json
123000.0,123.0,,,687.782,sustained_rand_write_300s_qd32_repeat3,rand_write,1,results\external_ssd\sustained_rand_write_300s_qd32_repeat3\sustained_rand_write_300s_qd32_repeat3_run1.json
123110.0,123.11,88.8984375,22758.0,,sustained_rand_write_300s_qd32_repeat3,rand_write,1,results\external_ssd\sustained_rand_write_300s_qd32_repeat3\sustained_rand_write_300s_qd32_repeat3_run1.json
124000.0,124.0,,,705.951,sustained_rand_write_300s_qd32_repeat3,rand_write,1,results\external_ssd\sustained_rand_write_300s_qd32_repeat3\sustained_rand_write_300s_qd32_repeat3_run1.json
124110.0,124.11,90.0546875,23054.0,,sustained_rand_write_300s_qd32_repeat3,rand_write,1,results\external_ssd\sustained_rand_write_300s_qd32_repeat3\sustained_rand_write_300s_qd32_repeat3_run1.json
125000.0,125.0,,,748.505,sustained_rand_write_300s_qd32_repeat3,rand_write,1,results\external_ssd\sustained_rand_write_300s_qd32_repeat3\sustained_rand_write_300s_qd32_repeat3_run1.json
125111.0,125.111,80.3515625,20570.0,,sustained_rand_write_300s_qd32_repeat3,rand_write,1,results\external_ssd\sustained_rand_write_300s_qd32_repeat3\sustained_rand_write_300s_qd32_repeat3_run1.json
126000.0,126.0,,,853.0,sustained_rand_write_300s_qd32_repeat3,rand_write,1,results\external_ssd\sustained_rand_write_300s_qd32_repeat3\sustained_rand_write_300s_qd32_repeat3_run1.json
126112.0,126.112,75.376953125,19296.0,,sustained_rand_write_300s_qd32_repeat3,rand_write,1,results\external_ssd\sustained_rand_write_300s_qd32_repeat3\sustained_rand_write_300s_qd32_repeat3_run1.json
127010.0,127.01,,,635.552,sustained_rand_write_300s_qd32_repeat3,rand_write,1,results\external_ssd\sustained_rand_write_300s_qd32_repeat3\sustained_rand_write_300s_qd32_repeat3_run1.json
127113.0,127.113,98.666015625,25258.0,,sustained_rand_write_300s_qd32_repeat3,rand_write,1,results\external_ssd\sustained_rand_write_300s_qd32_repeat3\sustained_rand_write_300s_qd32_repeat3_run1.json
128000.0,128.0,,,765.558,sustained_rand_write_300s_qd32_repeat3,rand_write,1,results\external_ssd\sustained_rand_write_300s_qd32_repeat3\sustained_rand_write_300s_qd32_repeat3_run1.json
128114.0,128.114,84.8095703125,21711.0,,sustained_rand_write_300s_qd32_repeat3,rand_write,1,results\external_ssd\sustained_rand_write_300s_qd32_repeat3\sustained_rand_write_300s_qd32_repeat3_run1.json
129000.0,129.0,,,680.132,sustained_rand_write_300s_qd32_repeat3,rand_write,1,results\external_ssd\sustained_rand_write_300s_qd32_repeat3\sustained_rand_write_300s_qd32_repeat3_run1.json
129115.0,129.115,95.451171875,24435.0,,sustained_rand_write_300s_qd32_repeat3,rand_write,1,results\external_ssd\sustained_rand_write_300s_qd32_repeat3\sustained_rand_write_300s_qd32_repeat3_run1.json
130001.0,130.001,,,698.925,sustained_rand_write_300s_qd32_repeat3,rand_write,1,results\external_ssd\sustained_rand_write_300s_qd32_repeat3\sustained_rand_write_300s_qd32_repeat3_run1.json
130116.0,130.116,95.474609375,24441.0,,sustained_rand_write_300s_qd32_repeat3,rand_write,1,results\external_ssd\sustained_rand_write_300s_qd32_repeat3\sustained_rand_write_300s_qd32_repeat3_run1.json
131000.0,131.0,,,605.099,sustained_rand_write_300s_qd32_repeat3,rand_write,1,results\external_ssd\sustained_rand_write_300s_qd32_repeat3\sustained_rand_write_300s_qd32_repeat3_run1.json
131117.0,131.117,102.2333984375,26171.0,,sustained_rand_write_300s_qd32_repeat3,rand_write,1,results\external_ssd\sustained_rand_write_300s_qd32_repeat3\sustained_rand_write_300s_qd32_repeat3_run1.json
132000.0,132.0,,,626.521,sustained_rand_write_300s_qd32_repeat3,rand_write,1,results\external_ssd\sustained_rand_write_300s_qd32_repeat3\sustained_rand_write_300s_qd32_repeat3_run1.json
132118.0,132.118,102.4912109375,26237.0,,sustained_rand_write_300s_qd32_repeat3,rand_write,1,results\external_ssd\sustained_rand_write_300s_qd32_repeat3\sustained_rand_write_300s_qd32_repeat3_run1.json
133000.0,133.0,,,521.036,sustained_rand_write_300s_qd32_repeat3,rand_write,1,results\external_ssd\sustained_rand_write_300s_qd32_repeat3\sustained_rand_write_300s_qd32_repeat3_run1.json
133118.0,133.118,124.03125,31752.0,,sustained_rand_write_300s_qd32_repeat3,rand_write,1,results\external_ssd\sustained_rand_write_300s_qd32_repeat3\sustained_rand_write_300s_qd32_repeat3_run1.json
134000.0,134.0,,,559.755,sustained_rand_write_300s_qd32_repeat3,rand_write,1,results\external_ssd\sustained_rand_write_300s_qd32_repeat3\sustained_rand_write_300s_qd32_repeat3_run1.json
134118.0,134.118,108.59765625,27801.0,,sustained_rand_write_300s_qd32_repeat3,rand_write,1,results\external_ssd\sustained_rand_write_300s_qd32_repeat3\sustained_rand_write_300s_qd32_repeat3_run1.json
135000.0,135.0,,,585.014,sustained_rand_write_300s_qd32_repeat3,rand_write,1,results\external_ssd\sustained_rand_write_300s_qd32_repeat3\sustained_rand_write_300s_qd32_repeat3_run1.json
135118.0,135.118,109.171875,27948.0,,sustained_rand_write_300s_qd32_repeat3,rand_write,1,results\external_ssd\sustained_rand_write_300s_qd32_repeat3\sustained_rand_write_300s_qd32_repeat3_run1.json
136001.0,136.001,,,592.405,sustained_rand_write_300s_qd32_repeat3,rand_write,1,results\external_ssd\sustained_rand_write_300s_qd32_repeat3\sustained_rand_write_300s_qd32_repeat3_run1.json
136119.0,136.119,104.97265625,26873.0,,sustained_rand_write_300s_qd32_repeat3,rand_write,1,results\external_ssd\sustained_rand_write_300s_qd32_repeat3\sustained_rand_write_300s_qd32_repeat3_run1.json
137000.0,137.0,,,554.41,sustained_rand_write_300s_qd32_repeat3,rand_write,1,results\external_ssd\sustained_rand_write_300s_qd32_repeat3\sustained_rand_write_300s_qd32_repeat3_run1.json
137119.0,137.119,116.62109375,29855.0,,sustained_rand_write_300s_qd32_repeat3,rand_write,1,results\external_ssd\sustained_rand_write_300s_qd32_repeat3\sustained_rand_write_300s_qd32_repeat3_run1.json
138000.0,138.0,,,537.969,sustained_rand_write_300s_qd32_repeat3,rand_write,1,results\external_ssd\sustained_rand_write_300s_qd32_repeat3\sustained_rand_write_300s_qd32_repeat3_run1.json
138120.0,138.12,119.98828125,30717.0,,sustained_rand_write_300s_qd32_repeat3,rand_write,1,results\external_ssd\sustained_rand_write_300s_qd32_repeat3\sustained_rand_write_300s_qd32_repeat3_run1.json
139000.0,139.0,,,499.623,sustained_rand_write_300s_qd32_repeat3,rand_write,1,results\external_ssd\sustained_rand_write_300s_qd32_repeat3\sustained_rand_write_300s_qd32_repeat3_run1.json
139120.0,139.12,125.94921875,32243.0,,sustained_rand_write_300s_qd32_repeat3,rand_write,1,results\external_ssd\sustained_rand_write_300s_qd32_repeat3\sustained_rand_write_300s_qd32_repeat3_run1.json
140000.0,140.0,,,485.062,sustained_rand_write_300s_qd32_repeat3,rand_write,1,results\external_ssd\sustained_rand_write_300s_qd32_repeat3\sustained_rand_write_300s_qd32_repeat3_run1.json
140121.0,140.121,135.2119140625,34614.0,,sustained_rand_write_300s_qd32_repeat3,rand_write,1,results\external_ssd\sustained_rand_write_300s_qd32_repeat3\sustained_rand_write_300s_qd32_repeat3_run1.json
141000.0,141.0,,,434.515,sustained_rand_write_300s_qd32_repeat3,rand_write,1,results\external_ssd\sustained_rand_write_300s_qd32_repeat3\sustained_rand_write_300s_qd32_repeat3_run1.json
141122.0,141.122,143.87890625,36833.0,,sustained_rand_write_300s_qd32_repeat3,rand_write,1,results\external_ssd\sustained_rand_write_300s_qd32_repeat3\sustained_rand_write_300s_qd32_repeat3_run1.json
142000.0,142.0,,,478.591,sustained_rand_write_300s_qd32_repeat3,rand_write,1,results\external_ssd\sustained_rand_write_300s_qd32_repeat3\sustained_rand_write_300s_qd32_repeat3_run1.json
142122.0,142.122,131.95703125,33781.0,,sustained_rand_write_300s_qd32_repeat3,rand_write,1,results\external_ssd\sustained_rand_write_300s_qd32_repeat3\sustained_rand_write_300s_qd32_repeat3_run1.json
143000.0,143.0,,,453.78,sustained_rand_write_300s_qd32_repeat3,rand_write,1,results\external_ssd\sustained_rand_write_300s_qd32_repeat3\sustained_rand_write_300s_qd32_repeat3_run1.json
143124.0,143.124,140.7021484375,36019.0,,sustained_rand_write_300s_qd32_repeat3,rand_write,1,results\external_ssd\sustained_rand_write_300s_qd32_repeat3\sustained_rand_write_300s_qd32_repeat3_run1.json
144000.0,144.0,,,464.928,sustained_rand_write_300s_qd32_repeat3,rand_write,1,results\external_ssd\sustained_rand_write_300s_qd32_repeat3\sustained_rand_write_300s_qd32_repeat3_run1.json
144125.0,144.125,138.9384765625,35568.0,,sustained_rand_write_300s_qd32_repeat3,rand_write,1,results\external_ssd\sustained_rand_write_300s_qd32_repeat3\sustained_rand_write_300s_qd32_repeat3_run1.json
145000.0,145.0,,,496.173,sustained_rand_write_300s_qd32_repeat3,rand_write,1,results\external_ssd\sustained_rand_write_300s_qd32_repeat3\sustained_rand_write_300s_qd32_repeat3_run1.json
145125.0,145.125,124.2265625,31802.0,,sustained_rand_write_300s_qd32_repeat3,rand_write,1,results\external_ssd\sustained_rand_write_300s_qd32_repeat3\sustained_rand_write_300s_qd32_repeat3_run1.json
146000.0,146.0,,,456.436,sustained_rand_write_300s_qd32_repeat3,rand_write,1,results\external_ssd\sustained_rand_write_300s_qd32_repeat3\sustained_rand_write_300s_qd32_repeat3_run1.json
146125.0,146.125,141.5,36224.0,,sustained_rand_write_300s_qd32_repeat3,rand_write,1,results\external_ssd\sustained_rand_write_300s_qd32_repeat3\sustained_rand_write_300s_qd32_repeat3_run1.json
147001.0,147.001,,,477.818,sustained_rand_write_300s_qd32_repeat3,rand_write,1,results\external_ssd\sustained_rand_write_300s_qd32_repeat3\sustained_rand_write_300s_qd32_repeat3_run1.json
147126.0,147.126,130.708984375,33461.0,,sustained_rand_write_300s_qd32_repeat3,rand_write,1,results\external_ssd\sustained_rand_write_300s_qd32_repeat3\sustained_rand_write_300s_qd32_repeat3_run1.json
148000.0,148.0,,,457.191,sustained_rand_write_300s_qd32_repeat3,rand_write,1,results\external_ssd\sustained_rand_write_300s_qd32_repeat3\sustained_rand_write_300s_qd32_repeat3_run1.json
148127.0,148.127,138.984375,35580.0,,sustained_rand_write_300s_qd32_repeat3,rand_write,1,results\external_ssd\sustained_rand_write_300s_qd32_repeat3\sustained_rand_write_300s_qd32_repeat3_run1.json
149000.0,149.0,,,492.081,sustained_rand_write_300s_qd32_repeat3,rand_write,1,results\external_ssd\sustained_rand_write_300s_qd32_repeat3\sustained_rand_write_300s_qd32_repeat3_run1.json
149128.0,149.128,132.36328125,33885.0,,sustained_rand_write_300s_qd32_repeat3,rand_write,1,results\external_ssd\sustained_rand_write_300s_qd32_repeat3\sustained_rand_write_300s_qd32_repeat3_run1.json
150000.0,150.0,,,419.362,sustained_rand_write_300s_qd32_repeat3,rand_write,1,results\external_ssd\sustained_rand_write_300s_qd32_repeat3\sustained_rand_write_300s_qd32_repeat3_run1.json
150129.0,150.129,157.20703125,40245.0,,sustained_rand_write_300s_qd32_repeat3,rand_write,1,results\external_ssd\sustained_rand_write_300s_qd32_repeat3\sustained_rand_write_300s_qd32_repeat3_run1.json
151000.0,151.0,,,376.515,sustained_rand_write_300s_qd32_repeat3,rand_write,1,results\external_ssd\sustained_rand_write_300s_qd32_repeat3\sustained_rand_write_300s_qd32_repeat3_run1.json
151129.0,151.129,169.515625,43396.0,,sustained_rand_write_300s_qd32_repeat3,rand_write,1,results\external_ssd\sustained_rand_write_300s_qd32_repeat3\sustained_rand_write_300s_qd32_repeat3_run1.json
152000.0,152.0,,,361.187,sustained_rand_write_300s_qd32_repeat3,rand_write,1,results\external_ssd\sustained_rand_write_300s_qd32_repeat3\sustained_rand_write_300s_qd32_repeat3_run1.json
152130.0,152.13,177.7939453125,45515.0,,sustained_rand_write_300s_qd32_repeat3,rand_write,1,results\external_ssd\sustained_rand_write_300s_qd32_repeat3\sustained_rand_write_300s_qd32_repeat3_run1.json
153000.0,153.0,,,339.21,sustained_rand_write_300s_qd32_repeat3,rand_write,1,results\external_ssd\sustained_rand_write_300s_qd32_repeat3\sustained_rand_write_300s_qd32_repeat3_run1.json
153132.0,153.132,187.5693359375,48017.0,,sustained_rand_write_300s_qd32_repeat3,rand_write,1,results\external_ssd\sustained_rand_write_300s_qd32_repeat3\sustained_rand_write_300s_qd32_repeat3_run1.json
154000.0,154.0,,,412.208,sustained_rand_write_300s_qd32_repeat3,rand_write,1,results\external_ssd\sustained_rand_write_300s_qd32_repeat3\sustained_rand_write_300s_qd32_repeat3_run1.json
154132.0,154.132,149.8359375,38358.0,,sustained_rand_write_300s_qd32_repeat3,rand_write,1,results\external_ssd\sustained_rand_write_300s_qd32_repeat3\sustained_rand_write_300s_qd32_repeat3_run1.json
155000.0,155.0,,,491.655,sustained_rand_write_300s_qd32_repeat3,rand_write,1,results\external_ssd\sustained_rand_write_300s_qd32_repeat3\sustained_rand_write_300s_qd32_repeat3_run1.json
155133.0,155.133,127.96484375,32759.0,,sustained_rand_write_300s_qd32_repeat3,rand_write,1,results\external_ssd\sustained_rand_write_300s_qd32_repeat3\sustained_rand_write_300s_qd32_repeat3_run1.json
156000.0,156.0,,,447.924,sustained_rand_write_300s_qd32_repeat3,rand_write,1,results\external_ssd\sustained_rand_write_300s_qd32_repeat3\sustained_rand_write_300s_qd32_repeat3_run1.json
156134.0,156.134,146.384765625,37474.0,,sustained_rand_write_300s_qd32_repeat3,rand_write,1,results\external_ssd\sustained_rand_write_300s_qd32_repeat3\sustained_rand_write_300s_qd32_repeat3_run1.json
157000.0,157.0,,,471.438,sustained_rand_write_300s_qd32_repeat3,rand_write,1,results\external_ssd\sustained_rand_write_300s_qd32_repeat3\sustained_rand_write_300s_qd32_repeat3_run1.json
157134.0,157.134,132.26171875,33859.0,,sustained_rand_write_300s_qd32_repeat3,rand_write,1,results\external_ssd\sustained_rand_write_300s_qd32_repeat3\sustained_rand_write_300s_qd32_repeat3_run1.json
158000.0,158.0,,,439.783,sustained_rand_write_300s_qd32_repeat3,rand_write,1,results\external_ssd\sustained_rand_write_300s_qd32_repeat3\sustained_rand_write_300s_qd32_repeat3_run1.json
158135.0,158.135,146.177734375,37421.0,,sustained_rand_write_300s_qd32_repeat3,rand_write,1,results\external_ssd\sustained_rand_write_300s_qd32_repeat3\sustained_rand_write_300s_qd32_repeat3_run1.json
159000.0,159.0,,,471.832,sustained_rand_write_300s_qd32_repeat3,rand_write,1,results\external_ssd\sustained_rand_write_300s_qd32_repeat3\sustained_rand_write_300s_qd32_repeat3_run1.json
159136.0,159.136,134.10546875,34331.0,,sustained_rand_write_300s_qd32_repeat3,rand_write,1,results\external_ssd\sustained_rand_write_300s_qd32_repeat3\sustained_rand_write_300s_qd32_repeat3_run1.json
160000.0,160.0,,,425.798,sustained_rand_write_300s_qd32_repeat3,rand_write,1,results\external_ssd\sustained_rand_write_300s_qd32_repeat3\sustained_rand_write_300s_qd32_repeat3_run1.json
160136.0,160.136,146.73046875,37563.0,,sustained_rand_write_300s_qd32_repeat3,rand_write,1,results\external_ssd\sustained_rand_write_300s_qd32_repeat3\sustained_rand_write_300s_qd32_repeat3_run1.json
161000.0,161.0,,,490.698,sustained_rand_write_300s_qd32_repeat3,rand_write,1,results\external_ssd\sustained_rand_write_300s_qd32_repeat3\sustained_rand_write_300s_qd32_repeat3_run1.json
161136.0,161.136,135.33984375,34647.0,,sustained_rand_write_300s_qd32_repeat3,rand_write,1,results\external_ssd\sustained_rand_write_300s_qd32_repeat3\sustained_rand_write_300s_qd32_repeat3_run1.json
162000.0,162.0,,,439.343,sustained_rand_write_300s_qd32_repeat3,rand_write,1,results\external_ssd\sustained_rand_write_300s_qd32_repeat3\sustained_rand_write_300s_qd32_repeat3_run1.json
162137.0,162.137,139.2236328125,35641.0,,sustained_rand_write_300s_qd32_repeat3,rand_write,1,results\external_ssd\sustained_rand_write_300s_qd32_repeat3\sustained_rand_write_300s_qd32_repeat3_run1.json
163000.0,163.0,,,477.995,sustained_rand_write_300s_qd32_repeat3,rand_write,1,results\external_ssd\sustained_rand_write_300s_qd32_repeat3\sustained_rand_write_300s_qd32_repeat3_run1.json
163138.0,163.138,137.4521484375,35187.0,,sustained_rand_write_300s_qd32_repeat3,rand_write,1,results\external_ssd\sustained_rand_write_300s_qd32_repeat3\sustained_rand_write_300s_qd32_repeat3_run1.json
164001.0,164.001,,,474.82,sustained_rand_write_300s_qd32_repeat3,rand_write,1,results\external_ssd\sustained_rand_write_300s_qd32_repeat3\sustained_rand_write_300s_qd32_repeat3_run1.json
164138.0,164.138,132.89453125,34021.0,,sustained_rand_write_300s_qd32_repeat3,rand_write,1,results\external_ssd\sustained_rand_write_300s_qd32_repeat3\sustained_rand_write_300s_qd32_repeat3_run1.json
165000.0,165.0,,,448.486,sustained_rand_write_300s_qd32_repeat3,rand_write,1,results\external_ssd\sustained_rand_write_300s_qd32_repeat3\sustained_rand_write_300s_qd32_repeat3_run1.json
165139.0,165.139,142.4140625,36458.0,,sustained_rand_write_300s_qd32_repeat3,rand_write,1,results\external_ssd\sustained_rand_write_300s_qd32_repeat3\sustained_rand_write_300s_qd32_repeat3_run1.json
166000.0,166.0,,,456.629,sustained_rand_write_300s_qd32_repeat3,rand_write,1,results\external_ssd\sustained_rand_write_300s_qd32_repeat3\sustained_rand_write_300s_qd32_repeat3_run1.json
166139.0,166.139,137.40625,35176.0,,sustained_rand_write_300s_qd32_repeat3,rand_write,1,results\external_ssd\sustained_rand_write_300s_qd32_repeat3\sustained_rand_write_300s_qd32_repeat3_run1.json
167000.0,167.0,,,462.137,sustained_rand_write_300s_qd32_repeat3,rand_write,1,results\external_ssd\sustained_rand_write_300s_qd32_repeat3\sustained_rand_write_300s_qd32_repeat3_run1.json
167139.0,167.139,139.5390625,35722.0,,sustained_rand_write_300s_qd32_repeat3,rand_write,1,results\external_ssd\sustained_rand_write_300s_qd32_repeat3\sustained_rand_write_300s_qd32_repeat3_run1.json
168000.0,168.0,,,508.772,sustained_rand_write_300s_qd32_repeat3,rand_write,1,results\external_ssd\sustained_rand_write_300s_qd32_repeat3\sustained_rand_write_300s_qd32_repeat3_run1.json
168140.0,168.14,121.26953125,31045.0,,sustained_rand_write_300s_qd32_repeat3,rand_write,1,results\external_ssd\sustained_rand_write_300s_qd32_repeat3\sustained_rand_write_300s_qd32_repeat3_run1.json
169000.0,169.0,,,474.311,sustained_rand_write_300s_qd32_repeat3,rand_write,1,results\external_ssd\sustained_rand_write_300s_qd32_repeat3\sustained_rand_write_300s_qd32_repeat3_run1.json
169140.0,169.14,136.76953125,35013.0,,sustained_rand_write_300s_qd32_repeat3,rand_write,1,results\external_ssd\sustained_rand_write_300s_qd32_repeat3\sustained_rand_write_300s_qd32_repeat3_run1.json
170000.0,170.0,,,453.269,sustained_rand_write_300s_qd32_repeat3,rand_write,1,results\external_ssd\sustained_rand_write_300s_qd32_repeat3\sustained_rand_write_300s_qd32_repeat3_run1.json
170141.0,170.141,142.287109375,36428.0,,sustained_rand_write_300s_qd32_repeat3,rand_write,1,results\external_ssd\sustained_rand_write_300s_qd32_repeat3\sustained_rand_write_300s_qd32_repeat3_run1.json
171000.0,171.0,,,462.658,sustained_rand_write_300s_qd32_repeat3,rand_write,1,results\external_ssd\sustained_rand_write_300s_qd32_repeat3\sustained_rand_write_300s_qd32_repeat3_run1.json
171141.0,171.141,136.15625,34853.0,,sustained_rand_write_300s_qd32_repeat3,rand_write,1,results\external_ssd\sustained_rand_write_300s_qd32_repeat3\sustained_rand_write_300s_qd32_repeat3_run1.json
172000.0,172.0,,,437.523,sustained_rand_write_300s_qd32_repeat3,rand_write,1,results\external_ssd\sustained_rand_write_300s_qd32_repeat3\sustained_rand_write_300s_qd32_repeat3_run1.json
172142.0,172.142,145.609375,37276.0,,sustained_rand_write_300s_qd32_repeat3,rand_write,1,results\external_ssd\sustained_rand_write_300s_qd32_repeat3\sustained_rand_write_300s_qd32_repeat3_run1.json
173001.0,173.001,,,463.654,sustained_rand_write_300s_qd32_repeat3,rand_write,1,results\external_ssd\sustained_rand_write_300s_qd32_repeat3\sustained_rand_write_300s_qd32_repeat3_run1.json
173143.0,173.143,133.876953125,34272.0,,sustained_rand_write_300s_qd32_repeat3,rand_write,1,results\external_ssd\sustained_rand_write_300s_qd32_repeat3\sustained_rand_write_300s_qd32_repeat3_run1.json
174000.0,174.0,,,453.971,sustained_rand_write_300s_qd32_repeat3,rand_write,1,results\external_ssd\sustained_rand_write_300s_qd32_repeat3\sustained_rand_write_300s_qd32_repeat3_run1.json
174143.0,174.143,139.26953125,35653.0,,sustained_rand_write_300s_qd32_repeat3,rand_write,1,results\external_ssd\sustained_rand_write_300s_qd32_repeat3\sustained_rand_write_300s_qd32_repeat3_run1.json
175000.0,175.0,,,560.895,sustained_rand_write_300s_qd32_repeat3,rand_write,1,results\external_ssd\sustained_rand_write_300s_qd32_repeat3\sustained_rand_write_300s_qd32_repeat3_run1.json
175144.0,175.144,112.94921875,28915.0,,sustained_rand_write_300s_qd32_repeat3,rand_write,1,results\external_ssd\sustained_rand_write_300s_qd32_repeat3\sustained_rand_write_300s_qd32_repeat3_run1.json
176001.0,176.001,,,537.711,sustained_rand_write_300s_qd32_repeat3,rand_write,1,results\external_ssd\sustained_rand_write_300s_qd32_repeat3\sustained_rand_write_300s_qd32_repeat3_run1.json
176144.0,176.144,117.546875,30092.0,,sustained_rand_write_300s_qd32_repeat3,rand_write,1,results\external_ssd\sustained_rand_write_300s_qd32_repeat3\sustained_rand_write_300s_qd32_repeat3_run1.json
177000.0,177.0,,,542.521,sustained_rand_write_300s_qd32_repeat3,rand_write,1,results\external_ssd\sustained_rand_write_300s_qd32_repeat3\sustained_rand_write_300s_qd32_repeat3_run1.json
177145.0,177.145,117.7568359375,30145.0,,sustained_rand_write_300s_qd32_repeat3,rand_write,1,results\external_ssd\sustained_rand_write_300s_qd32_repeat3\sustained_rand_write_300s_qd32_repeat3_run1.json
178000.0,178.0,,,421.057,sustained_rand_write_300s_qd32_repeat3,rand_write,1,results\external_ssd\sustained_rand_write_300s_qd32_repeat3\sustained_rand_write_300s_qd32_repeat3_run1.json
178146.0,178.146,158.984375,40700.0,,sustained_rand_write_300s_qd32_repeat3,rand_write,1,results\external_ssd\sustained_rand_write_300s_qd32_repeat3\sustained_rand_write_300s_qd32_repeat3_run1.json
179000.0,179.0,,,405.998,sustained_rand_write_300s_qd32_repeat3,rand_write,1,results\external_ssd\sustained_rand_write_300s_qd32_repeat3\sustained_rand_write_300s_qd32_repeat3_run1.json
179146.0,179.146,156.70703125,40117.0,,sustained_rand_write_300s_qd32_repeat3,rand_write,1,results\external_ssd\sustained_rand_write_300s_qd32_repeat3\sustained_rand_write_300s_qd32_repeat3_run1.json
180000.0,180.0,,,366.326,sustained_rand_write_300s_qd32_repeat3,rand_write,1,results\external_ssd\sustained_rand_write_300s_qd32_repeat3\sustained_rand_write_300s_qd32_repeat3_run1.json
180147.0,180.147,175.7919921875,45002.0,,sustained_rand_write_300s_qd32_repeat3,rand_write,1,results\external_ssd\sustained_rand_write_300s_qd32_repeat3\sustained_rand_write_300s_qd32_repeat3_run1.json
181000.0,181.0,,,387.842,sustained_rand_write_300s_qd32_repeat3,rand_write,1,results\external_ssd\sustained_rand_write_300s_qd32_repeat3\sustained_rand_write_300s_qd32_repeat3_run1.json
181147.0,181.147,166.5546875,42638.0,,sustained_rand_write_300s_qd32_repeat3,rand_write,1,results\external_ssd\sustained_rand_write_300s_qd32_repeat3\sustained_rand_write_300s_qd32_repeat3_run1.json
182000.0,182.0,,,426.382,sustained_rand_write_300s_qd32_repeat3,rand_write,1,results\external_ssd\sustained_rand_write_300s_qd32_repeat3\sustained_rand_write_300s_qd32_repeat3_run1.json
182147.0,182.147,142.71875,36536.0,,sustained_rand_write_300s_qd32_repeat3,rand_write,1,results\external_ssd\sustained_rand_write_300s_qd32_repeat3\sustained_rand_write_300s_qd32_repeat3_run1.json
183000.0,183.0,,,482.691,sustained_rand_write_300s_qd32_repeat3,rand_write,1,results\external_ssd\sustained_rand_write_300s_qd32_repeat3\sustained_rand_write_300s_qd32_repeat3_run1.json
183147.0,183.147,131.88671875,33763.0,,sustained_rand_write_300s_qd32_repeat3,rand_write,1,results\external_ssd\sustained_rand_write_300s_qd32_repeat3\sustained_rand_write_300s_qd32_repeat3_run1.json
184000.0,184.0,,,447.628,sustained_rand_write_300s_qd32_repeat3,rand_write,1,results\external_ssd\sustained_rand_write_300s_qd32_repeat3\sustained_rand_write_300s_qd32_repeat3_run1.json
184148.0,184.148,139.72265625,35769.0,,sustained_rand_write_300s_qd32_repeat3,rand_write,1,results\external_ssd\sustained_rand_write_300s_qd32_repeat3\sustained_rand_write_300s_qd32_repeat3_run1.json
185000.0,185.0,,,489.182,sustained_rand_write_300s_qd32_repeat3,rand_write,1,results\external_ssd\sustained_rand_write_300s_qd32_repeat3\sustained_rand_write_300s_qd32_repeat3_run1.json
185149.0,185.149,130.07421875,33299.0,,sustained_rand_write_300s_qd32_repeat3,rand_write,1,results\external_ssd\sustained_rand_write_300s_qd32_repeat3\sustained_rand_write_300s_qd32_repeat3_run1.json
186000.0,186.0,,,487.409,sustained_rand_write_300s_qd32_repeat3,rand_write,1,results\external_ssd\sustained_rand_write_300s_qd32_repeat3\sustained_rand_write_300s_qd32_repeat3_run1.json
186149.0,186.149,128.7265625,32954.0,,sustained_rand_write_300s_qd32_repeat3,rand_write,1,results\external_ssd\sustained_rand_write_300s_qd32_repeat3\sustained_rand_write_300s_qd32_repeat3_run1.json
187000.0,187.0,,,479.695,sustained_rand_write_300s_qd32_repeat3,rand_write,1,results\external_ssd\sustained_rand_write_300s_qd32_repeat3\sustained_rand_write_300s_qd32_repeat3_run1.json
187149.0,187.149,137.5546875,35214.0,,sustained_rand_write_300s_qd32_repeat3,rand_write,1,results\external_ssd\sustained_rand_write_300s_qd32_repeat3\sustained_rand_write_300s_qd32_repeat3_run1.json
188000.0,188.0,,,422.235,sustained_rand_write_300s_qd32_repeat3,rand_write,1,results\external_ssd\sustained_rand_write_300s_qd32_repeat3\sustained_rand_write_300s_qd32_repeat3_run1.json
188150.0,188.15,152.23046875,38971.0,,sustained_rand_write_300s_qd32_repeat3,rand_write,1,results\external_ssd\sustained_rand_write_300s_qd32_repeat3\sustained_rand_write_300s_qd32_repeat3_run1.json
189000.0,189.0,,,469.018,sustained_rand_write_300s_qd32_repeat3,rand_write,1,results\external_ssd\sustained_rand_write_300s_qd32_repeat3\sustained_rand_write_300s_qd32_repeat3_run1.json
189151.0,189.151,134.521484375,34437.0,,sustained_rand_write_300s_qd32_repeat3,rand_write,1,results\external_ssd\sustained_rand_write_300s_qd32_repeat3\sustained_rand_write_300s_qd32_repeat3_run1.json
190000.0,190.0,,,424.113,sustained_rand_write_300s_qd32_repeat3,rand_write,1,results\external_ssd\sustained_rand_write_300s_qd32_repeat3\sustained_rand_write_300s_qd32_repeat3_run1.json
190151.0,190.151,149.87109375,38367.0,,sustained_rand_write_300s_qd32_repeat3,rand_write,1,results\external_ssd\sustained_rand_write_300s_qd32_repeat3\sustained_rand_write_300s_qd32_repeat3_run1.json
191000.0,191.0,,,406.778,sustained_rand_write_300s_qd32_repeat3,rand_write,1,results\external_ssd\sustained_rand_write_300s_qd32_repeat3\sustained_rand_write_300s_qd32_repeat3_run1.json
191152.0,191.152,163.1171875,41758.0,,sustained_rand_write_300s_qd32_repeat3,rand_write,1,results\external_ssd\sustained_rand_write_300s_qd32_repeat3\sustained_rand_write_300s_qd32_repeat3_run1.json
192000.0,192.0,,,384.524,sustained_rand_write_300s_qd32_repeat3,rand_write,1,results\external_ssd\sustained_rand_write_300s_qd32_repeat3\sustained_rand_write_300s_qd32_repeat3_run1.json
192152.0,192.152,161.6806640625,41390.0,,sustained_rand_write_300s_qd32_repeat3,rand_write,1,results\external_ssd\sustained_rand_write_300s_qd32_repeat3\sustained_rand_write_300s_qd32_repeat3_run1.json
193000.0,193.0,,,381.408,sustained_rand_write_300s_qd32_repeat3,rand_write,1,results\external_ssd\sustained_rand_write_300s_qd32_repeat3\sustained_rand_write_300s_qd32_repeat3_run1.json
193152.0,193.152,167.51171875,42883.0,,sustained_rand_write_300s_qd32_repeat3,rand_write,1,results\external_ssd\sustained_rand_write_300s_qd32_repeat3\sustained_rand_write_300s_qd32_repeat3_run1.json
194000.0,194.0,,,417.961,sustained_rand_write_300s_qd32_repeat3,rand_write,1,results\external_ssd\sustained_rand_write_300s_qd32_repeat3\sustained_rand_write_300s_qd32_repeat3_run1.json
194153.0,194.153,147.9453125,37874.0,,sustained_rand_write_300s_qd32_repeat3,rand_write,1,results\external_ssd\sustained_rand_write_300s_qd32_repeat3\sustained_rand_write_300s_qd32_repeat3_run1.json
195000.0,195.0,,,468.768,sustained_rand_write_300s_qd32_repeat3,rand_write,1,results\external_ssd\sustained_rand_write_300s_qd32_repeat3\sustained_rand_write_300s_qd32_repeat3_run1.json
195152.0,195.152,137.53125,35208.0,,sustained_rand_write_300s_qd32_repeat3,rand_write,1,results\external_ssd\sustained_rand_write_300s_qd32_repeat3\sustained_rand_write_300s_qd32_repeat3_run1.json
196000.0,196.0,,,460.701,sustained_rand_write_300s_qd32_repeat3,rand_write,1,results\external_ssd\sustained_rand_write_300s_qd32_repeat3\sustained_rand_write_300s_qd32_repeat3_run1.json
196152.0,196.152,138.05859375,35343.0,,sustained_rand_write_300s_qd32_repeat3,rand_write,1,results\external_ssd\sustained_rand_write_300s_qd32_repeat3\sustained_rand_write_300s_qd32_repeat3_run1.json
197000.0,197.0,,,465.136,sustained_rand_write_300s_qd32_repeat3,rand_write,1,results\external_ssd\sustained_rand_write_300s_qd32_repeat3\sustained_rand_write_300s_qd32_repeat3_run1.json
197152.0,197.152,135.8046875,34766.0,,sustained_rand_write_300s_qd32_repeat3,rand_write,1,results\external_ssd\sustained_rand_write_300s_qd32_repeat3\sustained_rand_write_300s_qd32_repeat3_run1.json
198000.0,198.0,,,519.966,sustained_rand_write_300s_qd32_repeat3,rand_write,1,results\external_ssd\sustained_rand_write_300s_qd32_repeat3\sustained_rand_write_300s_qd32_repeat3_run1.json
198152.0,198.152,121.0234375,30982.0,,sustained_rand_write_300s_qd32_repeat3,rand_write,1,results\external_ssd\sustained_rand_write_300s_qd32_repeat3\sustained_rand_write_300s_qd32_repeat3_run1.json
199000.0,199.0,,,510.61,sustained_rand_write_300s_qd32_repeat3,rand_write,1,results\external_ssd\sustained_rand_write_300s_qd32_repeat3\sustained_rand_write_300s_qd32_repeat3_run1.json
199153.0,199.153,124.13671875,31779.0,,sustained_rand_write_300s_qd32_repeat3,rand_write,1,results\external_ssd\sustained_rand_write_300s_qd32_repeat3\sustained_rand_write_300s_qd32_repeat3_run1.json
200000.0,200.0,,,518.392,sustained_rand_write_300s_qd32_repeat3,rand_write,1,results\external_ssd\sustained_rand_write_300s_qd32_repeat3\sustained_rand_write_300s_qd32_repeat3_run1.json
200153.0,200.153,126.63671875,32419.0,,sustained_rand_write_300s_qd32_repeat3,rand_write,1,results\external_ssd\sustained_rand_write_300s_qd32_repeat3\sustained_rand_write_300s_qd32_repeat3_run1.json
201000.0,201.0,,,471.544,sustained_rand_write_300s_qd32_repeat3,rand_write,1,results\external_ssd\sustained_rand_write_300s_qd32_repeat3\sustained_rand_write_300s_qd32_repeat3_run1.json
201151.0,201.151,131.955078125,33780.0,,sustained_rand_write_300s_qd32_repeat3,rand_write,1,results\external_ssd\sustained_rand_write_300s_qd32_repeat3\sustained_rand_write_300s_qd32_repeat3_run1.json
202000.0,202.0,,,456.993,sustained_rand_write_300s_qd32_repeat3,rand_write,1,results\external_ssd\sustained_rand_write_300s_qd32_repeat3\sustained_rand_write_300s_qd32_repeat3_run1.json
202152.0,202.152,136.3046875,34894.0,,sustained_rand_write_300s_qd32_repeat3,rand_write,1,results\external_ssd\sustained_rand_write_300s_qd32_repeat3\sustained_rand_write_300s_qd32_repeat3_run1.json
203000.0,203.0,,,427.944,sustained_rand_write_300s_qd32_repeat3,rand_write,1,results\external_ssd\sustained_rand_write_300s_qd32_repeat3\sustained_rand_write_300s_qd32_repeat3_run1.json
203152.0,203.152,152.1943359375,38961.0,,sustained_rand_write_300s_qd32_repeat3,rand_write,1,results\external_ssd\sustained_rand_write_300s_qd32_repeat3\sustained_rand_write_300s_qd32_repeat3_run1.json
204000.0,204.0,,,442.153,sustained_rand_write_300s_qd32_repeat3,rand_write,1,results\external_ssd\sustained_rand_write_300s_qd32_repeat3\sustained_rand_write_300s_qd32_repeat3_run1.json
204152.0,204.152,142.82421875,36563.0,,sustained_rand_write_300s_qd32_repeat3,rand_write,1,results\external_ssd\sustained_rand_write_300s_qd32_repeat3\sustained_rand_write_300s_qd32_repeat3_run1.json
205000.0,205.0,,,440.968,sustained_rand_write_300s_qd32_repeat3,rand_write,1,results\external_ssd\sustained_rand_write_300s_qd32_repeat3\sustained_rand_write_300s_qd32_repeat3_run1.json
205152.0,205.152,146.1220703125,37407.0,,sustained_rand_write_300s_qd32_repeat3,rand_write,1,results\external_ssd\sustained_rand_write_300s_qd32_repeat3\sustained_rand_write_300s_qd32_repeat3_run1.json
206000.0,206.0,,,488.875,sustained_rand_write_300s_qd32_repeat3,rand_write,1,results\external_ssd\sustained_rand_write_300s_qd32_repeat3\sustained_rand_write_300s_qd32_repeat3_run1.json
206153.0,206.153,128.21484375,32823.0,,sustained_rand_write_300s_qd32_repeat3,rand_write,1,results\external_ssd\sustained_rand_write_300s_qd32_repeat3\sustained_rand_write_300s_qd32_repeat3_run1.json
207000.0,207.0,,,474.942,sustained_rand_write_300s_qd32_repeat3,rand_write,1,results\external_ssd\sustained_rand_write_300s_qd32_repeat3\sustained_rand_write_300s_qd32_repeat3_run1.json
207152.0,207.152,138.0439453125,35339.0,,sustained_rand_write_300s_qd32_repeat3,rand_write,1,results\external_ssd\sustained_rand_write_300s_qd32_repeat3\sustained_rand_write_300s_qd32_repeat3_run1.json
208000.0,208.0,,,491.483,sustained_rand_write_300s_qd32_repeat3,rand_write,1,results\external_ssd\sustained_rand_write_300s_qd32_repeat3\sustained_rand_write_300s_qd32_repeat3_run1.json
208153.0,208.153,130.0078125,33282.0,,sustained_rand_write_300s_qd32_repeat3,rand_write,1,results\external_ssd\sustained_rand_write_300s_qd32_repeat3\sustained_rand_write_300s_qd32_repeat3_run1.json
209000.0,209.0,,,449.772,sustained_rand_write_300s_qd32_repeat3,rand_write,1,results\external_ssd\sustained_rand_write_300s_qd32_repeat3\sustained_rand_write_300s_qd32_repeat3_run1.json
209153.0,209.153,137.2578125,35138.0,,sustained_rand_write_300s_qd32_repeat3,rand_write,1,results\external_ssd\sustained_rand_write_300s_qd32_repeat3\sustained_rand_write_300s_qd32_repeat3_run1.json
210000.0,210.0,,,465.371,sustained_rand_write_300s_qd32_repeat3,rand_write,1,results\external_ssd\sustained_rand_write_300s_qd32_repeat3\sustained_rand_write_300s_qd32_repeat3_run1.json
210152.0,210.152,136.6240234375,34975.0,,sustained_rand_write_300s_qd32_repeat3,rand_write,1,results\external_ssd\sustained_rand_write_300s_qd32_repeat3\sustained_rand_write_300s_qd32_repeat3_run1.json
211000.0,211.0,,,462.113,sustained_rand_write_300s_qd32_repeat3,rand_write,1,results\external_ssd\sustained_rand_write_300s_qd32_repeat3\sustained_rand_write_300s_qd32_repeat3_run1.json
211153.0,211.153,136.9482421875,35058.0,,sustained_rand_write_300s_qd32_repeat3,rand_write,1,results\external_ssd\sustained_rand_write_300s_qd32_repeat3\sustained_rand_write_300s_qd32_repeat3_run1.json
212000.0,212.0,,,487.226,sustained_rand_write_300s_qd32_repeat3,rand_write,1,results\external_ssd\sustained_rand_write_300s_qd32_repeat3\sustained_rand_write_300s_qd32_repeat3_run1.json
212152.0,212.152,133.05859375,34063.0,,sustained_rand_write_300s_qd32_repeat3,rand_write,1,results\external_ssd\sustained_rand_write_300s_qd32_repeat3\sustained_rand_write_300s_qd32_repeat3_run1.json
213000.0,213.0,,,465.54,sustained_rand_write_300s_qd32_repeat3,rand_write,1,results\external_ssd\sustained_rand_write_300s_qd32_repeat3\sustained_rand_write_300s_qd32_repeat3_run1.json
213152.0,213.152,135.59765625,34713.0,,sustained_rand_write_300s_qd32_repeat3,rand_write,1,results\external_ssd\sustained_rand_write_300s_qd32_repeat3\sustained_rand_write_300s_qd32_repeat3_run1.json
214000.0,214.0,,,486.636,sustained_rand_write_300s_qd32_repeat3,rand_write,1,results\external_ssd\sustained_rand_write_300s_qd32_repeat3\sustained_rand_write_300s_qd32_repeat3_run1.json
214153.0,214.153,132.23046875,33851.0,,sustained_rand_write_300s_qd32_repeat3,rand_write,1,results\external_ssd\sustained_rand_write_300s_qd32_repeat3\sustained_rand_write_300s_qd32_repeat3_run1.json
215000.0,215.0,,,448.213,sustained_rand_write_300s_qd32_repeat3,rand_write,1,results\external_ssd\sustained_rand_write_300s_qd32_repeat3\sustained_rand_write_300s_qd32_repeat3_run1.json
215153.0,215.153,140.54296875,35979.0,,sustained_rand_write_300s_qd32_repeat3,rand_write,1,results\external_ssd\sustained_rand_write_300s_qd32_repeat3\sustained_rand_write_300s_qd32_repeat3_run1.json
216000.0,216.0,,,442.123,sustained_rand_write_300s_qd32_repeat3,rand_write,1,results\external_ssd\sustained_rand_write_300s_qd32_repeat3\sustained_rand_write_300s_qd32_repeat3_run1.json
216152.0,216.152,146.1259765625,37408.0,,sustained_rand_write_300s_qd32_repeat3,rand_write,1,results\external_ssd\sustained_rand_write_300s_qd32_repeat3\sustained_rand_write_300s_qd32_repeat3_run1.json
217000.0,217.0,,,468.891,sustained_rand_write_300s_qd32_repeat3,rand_write,1,results\external_ssd\sustained_rand_write_300s_qd32_repeat3\sustained_rand_write_300s_qd32_repeat3_run1.json
217153.0,217.153,133.74609375,34239.0,,sustained_rand_write_300s_qd32_repeat3,rand_write,1,results\external_ssd\sustained_rand_write_300s_qd32_repeat3\sustained_rand_write_300s_qd32_repeat3_run1.json
218000.0,218.0,,,456.879,sustained_rand_write_300s_qd32_repeat3,rand_write,1,results\external_ssd\sustained_rand_write_300s_qd32_repeat3\sustained_rand_write_300s_qd32_repeat3_run1.json
218153.0,218.153,140.80078125,36045.0,,sustained_rand_write_300s_qd32_repeat3,rand_write,1,results\external_ssd\sustained_rand_write_300s_qd32_repeat3\sustained_rand_write_300s_qd32_repeat3_run1.json
219000.0,219.0,,,464.935,sustained_rand_write_300s_qd32_repeat3,rand_write,1,results\external_ssd\sustained_rand_write_300s_qd32_repeat3\sustained_rand_write_300s_qd32_repeat3_run1.json
219153.0,219.153,137.42578125,35181.0,,sustained_rand_write_300s_qd32_repeat3,rand_write,1,results\external_ssd\sustained_rand_write_300s_qd32_repeat3\sustained_rand_write_300s_qd32_repeat3_run1.json
220000.0,220.0,,,468.803,sustained_rand_write_300s_qd32_repeat3,rand_write,1,results\external_ssd\sustained_rand_write_300s_qd32_repeat3\sustained_rand_write_300s_qd32_repeat3_run1.json
220153.0,220.153,133.5,34176.0,,sustained_rand_write_300s_qd32_repeat3,rand_write,1,results\external_ssd\sustained_rand_write_300s_qd32_repeat3\sustained_rand_write_300s_qd32_repeat3_run1.json
221000.0,221.0,,,444.622,sustained_rand_write_300s_qd32_repeat3,rand_write,1,results\external_ssd\sustained_rand_write_300s_qd32_repeat3\sustained_rand_write_300s_qd32_repeat3_run1.json
221152.0,221.152,143.9990234375,36863.0,,sustained_rand_write_300s_qd32_repeat3,rand_write,1,results\external_ssd\sustained_rand_write_300s_qd32_repeat3\sustained_rand_write_300s_qd32_repeat3_run1.json
222000.0,222.0,,,435.615,sustained_rand_write_300s_qd32_repeat3,rand_write,1,results\external_ssd\sustained_rand_write_300s_qd32_repeat3\sustained_rand_write_300s_qd32_repeat3_run1.json
222152.0,222.152,147.5078125,37762.0,,sustained_rand_write_300s_qd32_repeat3,rand_write,1,results\external_ssd\sustained_rand_write_300s_qd32_repeat3\sustained_rand_write_300s_qd32_repeat3_run1.json
223000.0,223.0,,,424.025,sustained_rand_write_300s_qd32_repeat3,rand_write,1,results\external_ssd\sustained_rand_write_300s_qd32_repeat3\sustained_rand_write_300s_qd32_repeat3_run1.json
223152.0,223.152,150.2275390625,38458.0,,sustained_rand_write_300s_qd32_repeat3,rand_write,1,results\external_ssd\sustained_rand_write_300s_qd32_repeat3\sustained_rand_write_300s_qd32_repeat3_run1.json
224000.0,224.0,,,384.438,sustained_rand_write_300s_qd32_repeat3,rand_write,1,results\external_ssd\sustained_rand_write_300s_qd32_repeat3\sustained_rand_write_300s_qd32_repeat3_run1.json
224153.0,224.153,167.74609375,42943.0,,sustained_rand_write_300s_qd32_repeat3,rand_write,1,results\external_ssd\sustained_rand_write_300s_qd32_repeat3\sustained_rand_write_300s_qd32_repeat3_run1.json
225000.0,225.0,,,386.719,sustained_rand_write_300s_qd32_repeat3,rand_write,1,results\external_ssd\sustained_rand_write_300s_qd32_repeat3\sustained_rand_write_300s_qd32_repeat3_run1.json
225152.0,225.152,169.0673828125,43281.0,,sustained_rand_write_300s_qd32_repeat3,rand_write,1,results\external_ssd\sustained_rand_write_300s_qd32_repeat3\sustained_rand_write_300s_qd32_repeat3_run1.json
226000.0,226.0,,,447.128,sustained_rand_write_300s_qd32_repeat3,rand_write,1,results\external_ssd\sustained_rand_write_300s_qd32_repeat3\sustained_rand_write_300s_qd32_repeat3_run1.json
226152.0,226.152,134.70703125,34485.0,,sustained_rand_write_300s_qd32_repeat3,rand_write,1,results\external_ssd\sustained_rand_write_300s_qd32_repeat3\sustained_rand_write_300s_qd32_repeat3_run1.json
227000.0,227.0,,,433.509,sustained_rand_write_300s_qd32_repeat3,rand_write,1,results\external_ssd\sustained_rand_write_300s_qd32_repeat3\sustained_rand_write_300s_qd32_repeat3_run1.json
227153.0,227.153,151.6953125,38834.0,,sustained_rand_write_300s_qd32_repeat3,rand_write,1,results\external_ssd\sustained_rand_write_300s_qd32_repeat3\sustained_rand_write_300s_qd32_repeat3_run1.json
228000.0,228.0,,,500.916,sustained_rand_write_300s_qd32_repeat3,rand_write,1,results\external_ssd\sustained_rand_write_300s_qd32_repeat3\sustained_rand_write_300s_qd32_repeat3_run1.json
228153.0,228.153,121.671875,31148.0,,sustained_rand_write_300s_qd32_repeat3,rand_write,1,results\external_ssd\sustained_rand_write_300s_qd32_repeat3\sustained_rand_write_300s_qd32_repeat3_run1.json
229000.0,229.0,,,509.223,sustained_rand_write_300s_qd32_repeat3,rand_write,1,results\external_ssd\sustained_rand_write_300s_qd32_repeat3\sustained_rand_write_300s_qd32_repeat3_run1.json
229153.0,229.153,121.7890625,31178.0,,sustained_rand_write_300s_qd32_repeat3,rand_write,1,results\external_ssd\sustained_rand_write_300s_qd32_repeat3\sustained_rand_write_300s_qd32_repeat3_run1.json
230000.0,230.0,,,561.466,sustained_rand_write_300s_qd32_repeat3,rand_write,1,results\external_ssd\sustained_rand_write_300s_qd32_repeat3\sustained_rand_write_300s_qd32_repeat3_run1.json
230154.0,230.154,115.40234375,29543.0,,sustained_rand_write_300s_qd32_repeat3,rand_write,1,results\external_ssd\sustained_rand_write_300s_qd32_repeat3\sustained_rand_write_300s_qd32_repeat3_run1.json
231000.0,231.0,,,473.244,sustained_rand_write_300s_qd32_repeat3,rand_write,1,results\external_ssd\sustained_rand_write_300s_qd32_repeat3\sustained_rand_write_300s_qd32_repeat3_run1.json
231153.0,231.153,134.998046875,34559.0,,sustained_rand_write_300s_qd32_repeat3,rand_write,1,results\external_ssd\sustained_rand_write_300s_qd32_repeat3\sustained_rand_write_300s_qd32_repeat3_run1.json
232000.0,232.0,,,458.522,sustained_rand_write_300s_qd32_repeat3,rand_write,1,results\external_ssd\sustained_rand_write_300s_qd32_repeat3\sustained_rand_write_300s_qd32_repeat3_run1.json
232154.0,232.154,141.5341796875,36232.0,,sustained_rand_write_300s_qd32_repeat3,rand_write,1,results\external_ssd\sustained_rand_write_300s_qd32_repeat3\sustained_rand_write_300s_qd32_repeat3_run1.json
233000.0,233.0,,,438.885,sustained_rand_write_300s_qd32_repeat3,rand_write,1,results\external_ssd\sustained_rand_write_300s_qd32_repeat3\sustained_rand_write_300s_qd32_repeat3_run1.json
233153.0,233.153,142.2490234375,36415.0,,sustained_rand_write_300s_qd32_repeat3,rand_write,1,results\external_ssd\sustained_rand_write_300s_qd32_repeat3\sustained_rand_write_300s_qd32_repeat3_run1.json
234000.0,234.0,,,481.9,sustained_rand_write_300s_qd32_repeat3,rand_write,1,results\external_ssd\sustained_rand_write_300s_qd32_repeat3\sustained_rand_write_300s_qd32_repeat3_run1.json
234153.0,234.153,136.03515625,34825.0,,sustained_rand_write_300s_qd32_repeat3,rand_write,1,results\external_ssd\sustained_rand_write_300s_qd32_repeat3\sustained_rand_write_300s_qd32_repeat3_run1.json
235000.0,235.0,,,451.985,sustained_rand_write_300s_qd32_repeat3,rand_write,1,results\external_ssd\sustained_rand_write_300s_qd32_repeat3\sustained_rand_write_300s_qd32_repeat3_run1.json
235153.0,235.153,137.50390625,35201.0,,sustained_rand_write_300s_qd32_repeat3,rand_write,1,results\external_ssd\sustained_rand_write_300s_qd32_repeat3\sustained_rand_write_300s_qd32_repeat3_run1.json
236000.0,236.0,,,414.458,sustained_rand_write_300s_qd32_repeat3,rand_write,1,results\external_ssd\sustained_rand_write_300s_qd32_repeat3\sustained_rand_write_300s_qd32_repeat3_run1.json
236152.0,236.152,160.6015625,41114.0,,sustained_rand_write_300s_qd32_repeat3,rand_write,1,results\external_ssd\sustained_rand_write_300s_qd32_repeat3\sustained_rand_write_300s_qd32_repeat3_run1.json
237000.0,237.0,,,405.676,sustained_rand_write_300s_qd32_repeat3,rand_write,1,results\external_ssd\sustained_rand_write_300s_qd32_repeat3\sustained_rand_write_300s_qd32_repeat3_run1.json
237154.0,237.154,151.5859375,38806.0,,sustained_rand_write_300s_qd32_repeat3,rand_write,1,results\external_ssd\sustained_rand_write_300s_qd32_repeat3\sustained_rand_write_300s_qd32_repeat3_run1.json
238000.0,238.0,,,393.988,sustained_rand_write_300s_qd32_repeat3,rand_write,1,results\external_ssd\sustained_rand_write_300s_qd32_repeat3\sustained_rand_write_300s_qd32_repeat3_run1.json
238154.0,238.154,166.5390625,42634.0,,sustained_rand_write_300s_qd32_repeat3,rand_write,1,results\external_ssd\sustained_rand_write_300s_qd32_repeat3\sustained_rand_write_300s_qd32_repeat3_run1.json
239000.0,239.0,,,434.074,sustained_rand_write_300s_qd32_repeat3,rand_write,1,results\external_ssd\sustained_rand_write_300s_qd32_repeat3\sustained_rand_write_300s_qd32_repeat3_run1.json
239153.0,239.153,149.8369140625,38358.0,,sustained_rand_write_300s_qd32_repeat3,rand_write,1,results\external_ssd\sustained_rand_write_300s_qd32_repeat3\sustained_rand_write_300s_qd32_repeat3_run1.json
240000.0,240.0,,,409.807,sustained_rand_write_300s_qd32_repeat3,rand_write,1,results\external_ssd\sustained_rand_write_300s_qd32_repeat3\sustained_rand_write_300s_qd32_repeat3_run1.json
240153.0,240.153,146.65625,37544.0,,sustained_rand_write_300s_qd32_repeat3,rand_write,1,results\external_ssd\sustained_rand_write_300s_qd32_repeat3\sustained_rand_write_300s_qd32_repeat3_run1.json
241000.0,241.0,,,464.506,sustained_rand_write_300s_qd32_repeat3,rand_write,1,results\external_ssd\sustained_rand_write_300s_qd32_repeat3\sustained_rand_write_300s_qd32_repeat3_run1.json
241153.0,241.153,141.890625,36324.0,,sustained_rand_write_300s_qd32_repeat3,rand_write,1,results\external_ssd\sustained_rand_write_300s_qd32_repeat3\sustained_rand_write_300s_qd32_repeat3_run1.json
242000.0,242.0,,,472.542,sustained_rand_write_300s_qd32_repeat3,rand_write,1,results\external_ssd\sustained_rand_write_300s_qd32_repeat3\sustained_rand_write_300s_qd32_repeat3_run1.json
242153.0,242.153,128.3828125,32866.0,,sustained_rand_write_300s_qd32_repeat3,rand_write,1,results\external_ssd\sustained_rand_write_300s_qd32_repeat3\sustained_rand_write_300s_qd32_repeat3_run1.json
243000.0,243.0,,,523.139,sustained_rand_write_300s_qd32_repeat3,rand_write,1,results\external_ssd\sustained_rand_write_300s_qd32_repeat3\sustained_rand_write_300s_qd32_repeat3_run1.json
243152.0,243.152,121.921875,31212.0,,sustained_rand_write_300s_qd32_repeat3,rand_write,1,results\external_ssd\sustained_rand_write_300s_qd32_repeat3\sustained_rand_write_300s_qd32_repeat3_run1.json
244000.0,244.0,,,685.868,sustained_rand_write_300s_qd32_repeat3,rand_write,1,results\external_ssd\sustained_rand_write_300s_qd32_repeat3\sustained_rand_write_300s_qd32_repeat3_run1.json
244153.0,244.153,93.58203125,23957.0,,sustained_rand_write_300s_qd32_repeat3,rand_write,1,results\external_ssd\sustained_rand_write_300s_qd32_repeat3\sustained_rand_write_300s_qd32_repeat3_run1.json
245000.0,245.0,,,634.969,sustained_rand_write_300s_qd32_repeat3,rand_write,1,results\external_ssd\sustained_rand_write_300s_qd32_repeat3\sustained_rand_write_300s_qd32_repeat3_run1.json
245153.0,245.153,94.7783203125,24263.0,,sustained_rand_write_300s_qd32_repeat3,rand_write,1,results\external_ssd\sustained_rand_write_300s_qd32_repeat3\sustained_rand_write_300s_qd32_repeat3_run1.json
246000.0,246.0,,,644.422,sustained_rand_write_300s_qd32_repeat3,rand_write,1,results\external_ssd\sustained_rand_write_300s_qd32_repeat3\sustained_rand_write_300s_qd32_repeat3_run1.json
246153.0,246.153,103.83984375,26583.0,,sustained_rand_write_300s_qd32_repeat3,rand_write,1,results\external_ssd\sustained_rand_write_300s_qd32_repeat3\sustained_rand_write_300s_qd32_repeat3_run1.json
247000.0,247.0,,,515.114,sustained_rand_write_300s_qd32_repeat3,rand_write,1,results\external_ssd\sustained_rand_write_300s_qd32_repeat3\sustained_rand_write_300s_qd32_repeat3_run1.json
247153.0,247.153,126.3837890625,32354.0,,sustained_rand_write_300s_qd32_repeat3,rand_write,1,results\external_ssd\sustained_rand_write_300s_qd32_repeat3\sustained_rand_write_300s_qd32_repeat3_run1.json
248000.0,248.0,,,467.487,sustained_rand_write_300s_qd32_repeat3,rand_write,1,results\external_ssd\sustained_rand_write_300s_qd32_repeat3\sustained_rand_write_300s_qd32_repeat3_run1.json
248153.0,248.153,129.48828125,33149.0,,sustained_rand_write_300s_qd32_repeat3,rand_write,1,results\external_ssd\sustained_rand_write_300s_qd32_repeat3\sustained_rand_write_300s_qd32_repeat3_run1.json
249000.0,249.0,,,473.755,sustained_rand_write_300s_qd32_repeat3,rand_write,1,results\external_ssd\sustained_rand_write_300s_qd32_repeat3\sustained_rand_write_300s_qd32_repeat3_run1.json
249153.0,249.153,136.84765625,35033.0,,sustained_rand_write_300s_qd32_repeat3,rand_write,1,results\external_ssd\sustained_rand_write_300s_qd32_repeat3\sustained_rand_write_300s_qd32_repeat3_run1.json
250000.0,250.0,,,498.025,sustained_rand_write_300s_qd32_repeat3,rand_write,1,results\external_ssd\sustained_rand_write_300s_qd32_repeat3\sustained_rand_write_300s_qd32_repeat3_run1.json
250154.0,250.154,125.7919921875,32202.0,,sustained_rand_write_300s_qd32_repeat3,rand_write,1,results\external_ssd\sustained_rand_write_300s_qd32_repeat3\sustained_rand_write_300s_qd32_repeat3_run1.json
251000.0,251.0,,,458.39,sustained_rand_write_300s_qd32_repeat3,rand_write,1,results\external_ssd\sustained_rand_write_300s_qd32_repeat3\sustained_rand_write_300s_qd32_repeat3_run1.json
251153.0,251.153,139.193359375,35633.0,,sustained_rand_write_300s_qd32_repeat3,rand_write,1,results\external_ssd\sustained_rand_write_300s_qd32_repeat3\sustained_rand_write_300s_qd32_repeat3_run1.json
252000.0,252.0,,,468.349,sustained_rand_write_300s_qd32_repeat3,rand_write,1,results\external_ssd\sustained_rand_write_300s_qd32_repeat3\sustained_rand_write_300s_qd32_repeat3_run1.json
252153.0,252.153,140.09375,35864.0,,sustained_rand_write_300s_qd32_repeat3,rand_write,1,results\external_ssd\sustained_rand_write_300s_qd32_repeat3\sustained_rand_write_300s_qd32_repeat3_run1.json
253000.0,253.0,,,470.53,sustained_rand_write_300s_qd32_repeat3,rand_write,1,results\external_ssd\sustained_rand_write_300s_qd32_repeat3\sustained_rand_write_300s_qd32_repeat3_run1.json
253154.0,253.154,134.76953125,34501.0,,sustained_rand_write_300s_qd32_repeat3,rand_write,1,results\external_ssd\sustained_rand_write_300s_qd32_repeat3\sustained_rand_write_300s_qd32_repeat3_run1.json
254000.0,254.0,,,480.83,sustained_rand_write_300s_qd32_repeat3,rand_write,1,results\external_ssd\sustained_rand_write_300s_qd32_repeat3\sustained_rand_write_300s_qd32_repeat3_run1.json
254153.0,254.153,129.24609375,33087.0,,sustained_rand_write_300s_qd32_repeat3,rand_write,1,results\external_ssd\sustained_rand_write_300s_qd32_repeat3\sustained_rand_write_300s_qd32_repeat3_run1.json
255000.0,255.0,,,475.387,sustained_rand_write_300s_qd32_repeat3,rand_write,1,results\external_ssd\sustained_rand_write_300s_qd32_repeat3\sustained_rand_write_300s_qd32_repeat3_run1.json
255154.0,255.154,136.58984375,34967.0,,sustained_rand_write_300s_qd32_repeat3,rand_write,1,results\external_ssd\sustained_rand_write_300s_qd32_repeat3\sustained_rand_write_300s_qd32_repeat3_run1.json
256000.0,256.0,,,460.756,sustained_rand_write_300s_qd32_repeat3,rand_write,1,results\external_ssd\sustained_rand_write_300s_qd32_repeat3\sustained_rand_write_300s_qd32_repeat3_run1.json
256153.0,256.153,137.37890625,35169.0,,sustained_rand_write_300s_qd32_repeat3,rand_write,1,results\external_ssd\sustained_rand_write_300s_qd32_repeat3\sustained_rand_write_300s_qd32_repeat3_run1.json
257000.0,257.0,,,461.359,sustained_rand_write_300s_qd32_repeat3,rand_write,1,results\external_ssd\sustained_rand_write_300s_qd32_repeat3\sustained_rand_write_300s_qd32_repeat3_run1.json
257153.0,257.153,136.69140625,34993.0,,sustained_rand_write_300s_qd32_repeat3,rand_write,1,results\external_ssd\sustained_rand_write_300s_qd32_repeat3\sustained_rand_write_300s_qd32_repeat3_run1.json
258000.0,258.0,,,543.744,sustained_rand_write_300s_qd32_repeat3,rand_write,1,results\external_ssd\sustained_rand_write_300s_qd32_repeat3\sustained_rand_write_300s_qd32_repeat3_run1.json
258154.0,258.154,114.4375,29296.0,,sustained_rand_write_300s_qd32_repeat3,rand_write,1,results\external_ssd\sustained_rand_write_300s_qd32_repeat3\sustained_rand_write_300s_qd32_repeat3_run1.json
259000.0,259.0,,,548.101,sustained_rand_write_300s_qd32_repeat3,rand_write,1,results\external_ssd\sustained_rand_write_300s_qd32_repeat3\sustained_rand_write_300s_qd32_repeat3_run1.json
259153.0,259.153,112.267578125,28740.0,,sustained_rand_write_300s_qd32_repeat3,rand_write,1,results\external_ssd\sustained_rand_write_300s_qd32_repeat3\sustained_rand_write_300s_qd32_repeat3_run1.json
260000.0,260.0,,,576.223,sustained_rand_write_300s_qd32_repeat3,rand_write,1,results\external_ssd\sustained_rand_write_300s_qd32_repeat3\sustained_rand_write_300s_qd32_repeat3_run1.json
260153.0,260.153,117.10546875,29979.0,,sustained_rand_write_300s_qd32_repeat3,rand_write,1,results\external_ssd\sustained_rand_write_300s_qd32_repeat3\sustained_rand_write_300s_qd32_repeat3_run1.json
261000.0,261.0,,,466.113,sustained_rand_write_300s_qd32_repeat3,rand_write,1,results\external_ssd\sustained_rand_write_300s_qd32_repeat3\sustained_rand_write_300s_qd32_repeat3_run1.json
261154.0,261.154,136.16015625,34857.0,,sustained_rand_write_300s_qd32_repeat3,rand_write,1,results\external_ssd\sustained_rand_write_300s_qd32_repeat3\sustained_rand_write_300s_qd32_repeat3_run1.json
262000.0,262.0,,,500.86,sustained_rand_write_300s_qd32_repeat3,rand_write,1,results\external_ssd\sustained_rand_write_300s_qd32_repeat3\sustained_rand_write_300s_qd32_repeat3_run1.json
262154.0,262.154,127.40234375,32615.0,,sustained_rand_write_300s_qd32_repeat3,rand_write,1,results\external_ssd\sustained_rand_write_300s_qd32_repeat3\sustained_rand_write_300s_qd32_repeat3_run1.json
263001.0,263.001,,,436.143,sustained_rand_write_300s_qd32_repeat3,rand_write,1,results\external_ssd\sustained_rand_write_300s_qd32_repeat3\sustained_rand_write_300s_qd32_repeat3_run1.json
263153.0,263.153,148.3271484375,37971.0,,sustained_rand_write_300s_qd32_repeat3,rand_write,1,results\external_ssd\sustained_rand_write_300s_qd32_repeat3\sustained_rand_write_300s_qd32_repeat3_run1.json
264000.0,264.0,,,424.564,sustained_rand_write_300s_qd32_repeat3,rand_write,1,results\external_ssd\sustained_rand_write_300s_qd32_repeat3\sustained_rand_write_300s_qd32_repeat3_run1.json
264154.0,264.154,149.97265625,38393.0,,sustained_rand_write_300s_qd32_repeat3,rand_write,1,results\external_ssd\sustained_rand_write_300s_qd32_repeat3\sustained_rand_write_300s_qd32_repeat3_run1.json
265000.0,265.0,,,467.567,sustained_rand_write_300s_qd32_repeat3,rand_write,1,results\external_ssd\sustained_rand_write_300s_qd32_repeat3\sustained_rand_write_300s_qd32_repeat3_run1.json
265154.0,265.154,132.09765625,33817.0,,sustained_rand_write_300s_qd32_repeat3,rand_write,1,results\external_ssd\sustained_rand_write_300s_qd32_repeat3\sustained_rand_write_300s_qd32_repeat3_run1.json
266000.0,266.0,,,492.538,sustained_rand_write_300s_qd32_repeat3,rand_write,1,results\external_ssd\sustained_rand_write_300s_qd32_repeat3\sustained_rand_write_300s_qd32_repeat3_run1.json
266154.0,266.154,130.40625,33384.0,,sustained_rand_write_300s_qd32_repeat3,rand_write,1,results\external_ssd\sustained_rand_write_300s_qd32_repeat3\sustained_rand_write_300s_qd32_repeat3_run1.json
267000.0,267.0,,,487.077,sustained_rand_write_300s_qd32_repeat3,rand_write,1,results\external_ssd\sustained_rand_write_300s_qd32_repeat3\sustained_rand_write_300s_qd32_repeat3_run1.json
267153.0,267.153,128.2255859375,32825.0,,sustained_rand_write_300s_qd32_repeat3,rand_write,1,results\external_ssd\sustained_rand_write_300s_qd32_repeat3\sustained_rand_write_300s_qd32_repeat3_run1.json
268000.0,268.0,,,493.956,sustained_rand_write_300s_qd32_repeat3,rand_write,1,results\external_ssd\sustained_rand_write_300s_qd32_repeat3\sustained_rand_write_300s_qd32_repeat3_run1.json
268154.0,268.154,132.58203125,33941.0,,sustained_rand_write_300s_qd32_repeat3,rand_write,1,results\external_ssd\sustained_rand_write_300s_qd32_repeat3\sustained_rand_write_300s_qd32_repeat3_run1.json
269000.0,269.0,,,480.462,sustained_rand_write_300s_qd32_repeat3,rand_write,1,results\external_ssd\sustained_rand_write_300s_qd32_repeat3\sustained_rand_write_300s_qd32_repeat3_run1.json
269154.0,269.154,126.2939453125,32331.0,,sustained_rand_write_300s_qd32_repeat3,rand_write,1,results\external_ssd\sustained_rand_write_300s_qd32_repeat3\sustained_rand_write_300s_qd32_repeat3_run1.json
270000.0,270.0,,,486.853,sustained_rand_write_300s_qd32_repeat3,rand_write,1,results\external_ssd\sustained_rand_write_300s_qd32_repeat3\sustained_rand_write_300s_qd32_repeat3_run1.json
270154.0,270.154,134.40625,34408.0,,sustained_rand_write_300s_qd32_repeat3,rand_write,1,results\external_ssd\sustained_rand_write_300s_qd32_repeat3\sustained_rand_write_300s_qd32_repeat3_run1.json
271000.0,271.0,,,479.824,sustained_rand_write_300s_qd32_repeat3,rand_write,1,results\external_ssd\sustained_rand_write_300s_qd32_repeat3\sustained_rand_write_300s_qd32_repeat3_run1.json
271154.0,271.154,132.2685546875,33860.0,,sustained_rand_write_300s_qd32_repeat3,rand_write,1,results\external_ssd\sustained_rand_write_300s_qd32_repeat3\sustained_rand_write_300s_qd32_repeat3_run1.json
272000.0,272.0,,,451.294,sustained_rand_write_300s_qd32_repeat3,rand_write,1,results\external_ssd\sustained_rand_write_300s_qd32_repeat3\sustained_rand_write_300s_qd32_repeat3_run1.json
272154.0,272.154,147.515625,37764.0,,sustained_rand_write_300s_qd32_repeat3,rand_write,1,results\external_ssd\sustained_rand_write_300s_qd32_repeat3\sustained_rand_write_300s_qd32_repeat3_run1.json
273000.0,273.0,,,462.96,sustained_rand_write_300s_qd32_repeat3,rand_write,1,results\external_ssd\sustained_rand_write_300s_qd32_repeat3\sustained_rand_write_300s_qd32_repeat3_run1.json
273155.0,273.155,131.8359375,33750.0,,sustained_rand_write_300s_qd32_repeat3,rand_write,1,results\external_ssd\sustained_rand_write_300s_qd32_repeat3\sustained_rand_write_300s_qd32_repeat3_run1.json
274001.0,274.001,,,507.478,sustained_rand_write_300s_qd32_repeat3,rand_write,1,results\external_ssd\sustained_rand_write_300s_qd32_repeat3\sustained_rand_write_300s_qd32_repeat3_run1.json
274154.0,274.154,124.013671875,31747.0,,sustained_rand_write_300s_qd32_repeat3,rand_write,1,results\external_ssd\sustained_rand_write_300s_qd32_repeat3\sustained_rand_write_300s_qd32_repeat3_run1.json
275000.0,275.0,,,594.791,sustained_rand_write_300s_qd32_repeat3,rand_write,1,results\external_ssd\sustained_rand_write_300s_qd32_repeat3\sustained_rand_write_300s_qd32_repeat3_run1.json
275155.0,275.155,107.26171875,27459.0,,sustained_rand_write_300s_qd32_repeat3,rand_write,1,results\external_ssd\sustained_rand_write_300s_qd32_repeat3\sustained_rand_write_300s_qd32_repeat3_run1.json
276000.0,276.0,,,471.354,sustained_rand_write_300s_qd32_repeat3,rand_write,1,results\external_ssd\sustained_rand_write_300s_qd32_repeat3\sustained_rand_write_300s_qd32_repeat3_run1.json
276155.0,276.155,142.2890625,36426.0,,sustained_rand_write_300s_qd32_repeat3,rand_write,1,results\external_ssd\sustained_rand_write_300s_qd32_repeat3\sustained_rand_write_300s_qd32_repeat3_run1.json
277000.0,277.0,,,507.823,sustained_rand_write_300s_qd32_repeat3,rand_write,1,results\external_ssd\sustained_rand_write_300s_qd32_repeat3\sustained_rand_write_300s_qd32_repeat3_run1.json
277154.0,277.154,126.2275390625,32314.0,,sustained_rand_write_300s_qd32_repeat3,rand_write,1,results\external_ssd\sustained_rand_write_300s_qd32_repeat3\sustained_rand_write_300s_qd32_repeat3_run1.json
278001.0,278.001,,,487.739,sustained_rand_write_300s_qd32_repeat3,rand_write,1,results\external_ssd\sustained_rand_write_300s_qd32_repeat3\sustained_rand_write_300s_qd32_repeat3_run1.json
278155.0,278.155,121.671875,31148.0,,sustained_rand_write_300s_qd32_repeat3,rand_write,1,results\external_ssd\sustained_rand_write_300s_qd32_repeat3\sustained_rand_write_300s_qd32_repeat3_run1.json
279000.0,279.0,,,483.996,sustained_rand_write_300s_qd32_repeat3,rand_write,1,results\external_ssd\sustained_rand_write_300s_qd32_repeat3\sustained_rand_write_300s_qd32_repeat3_run1.json
279154.0,279.154,140.2998046875,35916.0,,sustained_rand_write_300s_qd32_repeat3,rand_write,1,results\external_ssd\sustained_rand_write_300s_qd32_repeat3\sustained_rand_write_300s_qd32_repeat3_run1.json
280000.0,280.0,,,420.724,sustained_rand_write_300s_qd32_repeat3,rand_write,1,results\external_ssd\sustained_rand_write_300s_qd32_repeat3\sustained_rand_write_300s_qd32_repeat3_run1.json
280154.0,280.154,152.24609375,38975.0,,sustained_rand_write_300s_qd32_repeat3,rand_write,1,results\external_ssd\sustained_rand_write_300s_qd32_repeat3\sustained_rand_write_300s_qd32_repeat3_run1.json
281000.0,281.0,,,479.136,sustained_rand_write_300s_qd32_repeat3,rand_write,1,results\external_ssd\sustained_rand_write_300s_qd32_repeat3\sustained_rand_write_300s_qd32_repeat3_run1.json
281154.0,281.154,135.47265625,34684.0,,sustained_rand_write_300s_qd32_repeat3,rand_write,1,results\external_ssd\sustained_rand_write_300s_qd32_repeat3\sustained_rand_write_300s_qd32_repeat3_run1.json
282000.0,282.0,,,406.841,sustained_rand_write_300s_qd32_repeat3,rand_write,1,results\external_ssd\sustained_rand_write_300s_qd32_repeat3\sustained_rand_write_300s_qd32_repeat3_run1.json
282154.0,282.154,163.21875,41783.0,,sustained_rand_write_300s_qd32_repeat3,rand_write,1,results\external_ssd\sustained_rand_write_300s_qd32_repeat3\sustained_rand_write_300s_qd32_repeat3_run1.json
283000.0,283.0,,,332.095,sustained_rand_write_300s_qd32_repeat3,rand_write,1,results\external_ssd\sustained_rand_write_300s_qd32_repeat3\sustained_rand_write_300s_qd32_repeat3_run1.json
283154.0,283.154,191.0888671875,48918.0,,sustained_rand_write_300s_qd32_repeat3,rand_write,1,results\external_ssd\sustained_rand_write_300s_qd32_repeat3\sustained_rand_write_300s_qd32_repeat3_run1.json
284000.0,284.0,,,388.212,sustained_rand_write_300s_qd32_repeat3,rand_write,1,results\external_ssd\sustained_rand_write_300s_qd32_repeat3\sustained_rand_write_300s_qd32_repeat3_run1.json
284154.0,284.154,167.03125,42760.0,,sustained_rand_write_300s_qd32_repeat3,rand_write,1,results\external_ssd\sustained_rand_write_300s_qd32_repeat3\sustained_rand_write_300s_qd32_repeat3_run1.json
285000.0,285.0,,,359.033,sustained_rand_write_300s_qd32_repeat3,rand_write,1,results\external_ssd\sustained_rand_write_300s_qd32_repeat3\sustained_rand_write_300s_qd32_repeat3_run1.json
285154.0,285.154,175.92578125,45037.0,,sustained_rand_write_300s_qd32_repeat3,rand_write,1,results\external_ssd\sustained_rand_write_300s_qd32_repeat3\sustained_rand_write_300s_qd32_repeat3_run1.json
286000.0,286.0,,,411.954,sustained_rand_write_300s_qd32_repeat3,rand_write,1,results\external_ssd\sustained_rand_write_300s_qd32_repeat3\sustained_rand_write_300s_qd32_repeat3_run1.json
286155.0,286.155,139.0830078125,35605.0,,sustained_rand_write_300s_qd32_repeat3,rand_write,1,results\external_ssd\sustained_rand_write_300s_qd32_repeat3\sustained_rand_write_300s_qd32_repeat3_run1.json
287000.0,287.0,,,455.11,sustained_rand_write_300s_qd32_repeat3,rand_write,1,results\external_ssd\sustained_rand_write_300s_qd32_repeat3\sustained_rand_write_300s_qd32_repeat3_run1.json
287154.0,287.154,148.6328125,38050.0,,sustained_rand_write_300s_qd32_repeat3,rand_write,1,results\external_ssd\sustained_rand_write_300s_qd32_repeat3\sustained_rand_write_300s_qd32_repeat3_run1.json
288000.0,288.0,,,469.169,sustained_rand_write_300s_qd32_repeat3,rand_write,1,results\external_ssd\sustained_rand_write_300s_qd32_repeat3\sustained_rand_write_300s_qd32_repeat3_run1.json
288154.0,288.154,133.0625,34064.0,,sustained_rand_write_300s_qd32_repeat3,rand_write,1,results\external_ssd\sustained_rand_write_300s_qd32_repeat3\sustained_rand_write_300s_qd32_repeat3_run1.json
289000.0,289.0,,,522.623,sustained_rand_write_300s_qd32_repeat3,rand_write,1,results\external_ssd\sustained_rand_write_300s_qd32_repeat3\sustained_rand_write_300s_qd32_repeat3_run1.json
289155.0,289.155,113.703125,29108.0,,sustained_rand_write_300s_qd32_repeat3,rand_write,1,results\external_ssd\sustained_rand_write_300s_qd32_repeat3\sustained_rand_write_300s_qd32_repeat3_run1.json
290000.0,290.0,,,588.071,sustained_rand_write_300s_qd32_repeat3,rand_write,1,results\external_ssd\sustained_rand_write_300s_qd32_repeat3\sustained_rand_write_300s_qd32_repeat3_run1.json
290155.0,290.155,109.8515625,28122.0,,sustained_rand_write_300s_qd32_repeat3,rand_write,1,results\external_ssd\sustained_rand_write_300s_qd32_repeat3\sustained_rand_write_300s_qd32_repeat3_run1.json
291000.0,291.0,,,521.726,sustained_rand_write_300s_qd32_repeat3,rand_write,1,results\external_ssd\sustained_rand_write_300s_qd32_repeat3\sustained_rand_write_300s_qd32_repeat3_run1.json
291154.0,291.154,133.1953125,34098.0,,sustained_rand_write_300s_qd32_repeat3,rand_write,1,results\external_ssd\sustained_rand_write_300s_qd32_repeat3\sustained_rand_write_300s_qd32_repeat3_run1.json
292000.0,292.0,,,458.895,sustained_rand_write_300s_qd32_repeat3,rand_write,1,results\external_ssd\sustained_rand_write_300s_qd32_repeat3\sustained_rand_write_300s_qd32_repeat3_run1.json
292155.0,292.155,135.4306640625,34670.0,,sustained_rand_write_300s_qd32_repeat3,rand_write,1,results\external_ssd\sustained_rand_write_300s_qd32_repeat3\sustained_rand_write_300s_qd32_repeat3_run1.json
293000.0,293.0,,,488.926,sustained_rand_write_300s_qd32_repeat3,rand_write,1,results\external_ssd\sustained_rand_write_300s_qd32_repeat3\sustained_rand_write_300s_qd32_repeat3_run1.json
293154.0,293.154,125.3984375,32102.0,,sustained_rand_write_300s_qd32_repeat3,rand_write,1,results\external_ssd\sustained_rand_write_300s_qd32_repeat3\sustained_rand_write_300s_qd32_repeat3_run1.json
294000.0,294.0,,,532.585,sustained_rand_write_300s_qd32_repeat3,rand_write,1,results\external_ssd\sustained_rand_write_300s_qd32_repeat3\sustained_rand_write_300s_qd32_repeat3_run1.json
294154.0,294.154,122.88671875,31459.0,,sustained_rand_write_300s_qd32_repeat3,rand_write,1,results\external_ssd\sustained_rand_write_300s_qd32_repeat3\sustained_rand_write_300s_qd32_repeat3_run1.json
295000.0,295.0,,,437.044,sustained_rand_write_300s_qd32_repeat3,rand_write,1,results\external_ssd\sustained_rand_write_300s_qd32_repeat3\sustained_rand_write_300s_qd32_repeat3_run1.json
295155.0,295.155,142.640625,36516.0,,sustained_rand_write_300s_qd32_repeat3,rand_write,1,results\external_ssd\sustained_rand_write_300s_qd32_repeat3\sustained_rand_write_300s_qd32_repeat3_run1.json
296000.0,296.0,,,565.989,sustained_rand_write_300s_qd32_repeat3,rand_write,1,results\external_ssd\sustained_rand_write_300s_qd32_repeat3\sustained_rand_write_300s_qd32_repeat3_run1.json
296155.0,296.155,111.0859375,28438.0,,sustained_rand_write_300s_qd32_repeat3,rand_write,1,results\external_ssd\sustained_rand_write_300s_qd32_repeat3\sustained_rand_write_300s_qd32_repeat3_run1.json
297000.0,297.0,,,508.638,sustained_rand_write_300s_qd32_repeat3,rand_write,1,results\external_ssd\sustained_rand_write_300s_qd32_repeat3\sustained_rand_write_300s_qd32_repeat3_run1.json
297155.0,297.155,128.7890625,32970.0,,sustained_rand_write_300s_qd32_repeat3,rand_write,1,results\external_ssd\sustained_rand_write_300s_qd32_repeat3\sustained_rand_write_300s_qd32_repeat3_run1.json
298000.0,298.0,,,510.837,sustained_rand_write_300s_qd32_repeat3,rand_write,1,results\external_ssd\sustained_rand_write_300s_qd32_repeat3\sustained_rand_write_300s_qd32_repeat3_run1.json
298155.0,298.155,121.875,31200.0,,sustained_rand_write_300s_qd32_repeat3,rand_write,1,results\external_ssd\sustained_rand_write_300s_qd32_repeat3\sustained_rand_write_300s_qd32_repeat3_run1.json
299000.0,299.0,,,430.819,sustained_rand_write_300s_qd32_repeat3,rand_write,1,results\external_ssd\sustained_rand_write_300s_qd32_repeat3\sustained_rand_write_300s_qd32_repeat3_run1.json
299154.0,299.154,148.3193359375,37969.0,,sustained_rand_write_300s_qd32_repeat3,rand_write,1,results\external_ssd\sustained_rand_write_300s_qd32_repeat3\sustained_rand_write_300s_qd32_repeat3_run1.json
300000.0,300.0,,,510.464,sustained_rand_write_300s_qd32_repeat3,rand_write,1,results\external_ssd\sustained_rand_write_300s_qd32_repeat3\sustained_rand_write_300s_qd32_repeat3_run1.json
300000.0,300.0,,,277.1,sustained_rand_write_300s_qd32_repeat3,rand_write,1,results\external_ssd\sustained_rand_write_300s_qd32_repeat3\sustained_rand_write_300s_qd32_repeat3_run1.json
300155.0,300.155,105.33984375,26967.0,,sustained_rand_write_300s_qd32_repeat3,rand_write,1,results\external_ssd\sustained_rand_write_300s_qd32_repeat3\sustained_rand_write_300s_qd32_repeat3_run1.json
1000.0,1.0,,,504.934,sustained_rand_write_300s_qd32_repeat3,rand_write,2,results\external_ssd\sustained_rand_write_300s_qd32_repeat3\sustained_rand_write_300s_qd32_repeat3_run2.json
1002.0,1.002,124.83203125,31957.0,,sustained_rand_write_300s_qd32_repeat3,rand_write,2,results\external_ssd\sustained_rand_write_300s_qd32_repeat3\sustained_rand_write_300s_qd32_repeat3_run2.json
2000.0,2.0,,,493.861,sustained_rand_write_300s_qd32_repeat3,rand_write,2,results\external_ssd\sustained_rand_write_300s_qd32_repeat3\sustained_rand_write_300s_qd32_repeat3_run2.json
2002.0,2.002,129.34765625,33113.0,,sustained_rand_write_300s_qd32_repeat3,rand_write,2,results\external_ssd\sustained_rand_write_300s_qd32_repeat3\sustained_rand_write_300s_qd32_repeat3_run2.json
3001.0,3.001,,,501.165,sustained_rand_write_300s_qd32_repeat3,rand_write,2,results\external_ssd\sustained_rand_write_300s_qd32_repeat3\sustained_rand_write_300s_qd32_repeat3_run2.json
3009.0,3.009,126.21484375,32311.0,,sustained_rand_write_300s_qd32_repeat3,rand_write,2,results\external_ssd\sustained_rand_write_300s_qd32_repeat3\sustained_rand_write_300s_qd32_repeat3_run2.json
4000.0,4.0,,,495.063,sustained_rand_write_300s_qd32_repeat3,rand_write,2,results\external_ssd\sustained_rand_write_300s_qd32_repeat3\sustained_rand_write_300s_qd32_repeat3_run2.json
4009.0,4.009,128.859375,32988.0,,sustained_rand_write_300s_qd32_repeat3,rand_write,2,results\external_ssd\sustained_rand_write_300s_qd32_repeat3\sustained_rand_write_300s_qd32_repeat3_run2.json
5000.0,5.0,,,526.54,sustained_rand_write_300s_qd32_repeat3,rand_write,2,results\external_ssd\sustained_rand_write_300s_qd32_repeat3\sustained_rand_write_300s_qd32_repeat3_run2.json
5009.0,5.009,119.82421875,30675.0,,sustained_rand_write_300s_qd32_repeat3,rand_write,2,results\external_ssd\sustained_rand_write_300s_qd32_repeat3\sustained_rand_write_300s_qd32_repeat3_run2.json
6000.0,6.0,,,508.595,sustained_rand_write_300s_qd32_repeat3,rand_write,2,results\external_ssd\sustained_rand_write_300s_qd32_repeat3\sustained_rand_write_300s_qd32_repeat3_run2.json
6009.0,6.009,124.78515625,31945.0,,sustained_rand_write_300s_qd32_repeat3,rand_write,2,results\external_ssd\sustained_rand_write_300s_qd32_repeat3\sustained_rand_write_300s_qd32_repeat3_run2.json
7000.0,7.0,,,464.819,sustained_rand_write_300s_qd32_repeat3,rand_write,2,results\external_ssd\sustained_rand_write_300s_qd32_repeat3\sustained_rand_write_300s_qd32_repeat3_run2.json
7008.0,7.008,137.3291015625,35156.0,,sustained_rand_write_300s_qd32_repeat3,rand_write,2,results\external_ssd\sustained_rand_write_300s_qd32_repeat3\sustained_rand_write_300s_qd32_repeat3_run2.json
8000.0,8.0,,,456.915,sustained_rand_write_300s_qd32_repeat3,rand_write,2,results\external_ssd\sustained_rand_write_300s_qd32_repeat3\sustained_rand_write_300s_qd32_repeat3_run2.json
8008.0,8.008,138.81640625,35537.0,,sustained_rand_write_300s_qd32_repeat3,rand_write,2,results\external_ssd\sustained_rand_write_300s_qd32_repeat3\sustained_rand_write_300s_qd32_repeat3_run2.json
9000.0,9.0,,,480.036,sustained_rand_write_300s_qd32_repeat3,rand_write,2,results\external_ssd\sustained_rand_write_300s_qd32_repeat3\sustained_rand_write_300s_qd32_repeat3_run2.json
9009.0,9.009,132.26171875,33859.0,,sustained_rand_write_300s_qd32_repeat3,rand_write,2,results\external_ssd\sustained_rand_write_300s_qd32_repeat3\sustained_rand_write_300s_qd32_repeat3_run2.json
10000.0,10.0,,,462.682,sustained_rand_write_300s_qd32_repeat3,rand_write,2,results\external_ssd\sustained_rand_write_300s_qd32_repeat3\sustained_rand_write_300s_qd32_repeat3_run2.json
10008.0,10.008,138.1220703125,35359.0,,sustained_rand_write_300s_qd32_repeat3,rand_write,2,results\external_ssd\sustained_rand_write_300s_qd32_repeat3\sustained_rand_write_300s_qd32_repeat3_run2.json
11000.0,11.0,,,442.002,sustained_rand_write_300s_qd32_repeat3,rand_write,2,results\external_ssd\sustained_rand_write_300s_qd32_repeat3\sustained_rand_write_300s_qd32_repeat3_run2.json
11008.0,11.008,143.90625,36840.0,,sustained_rand_write_300s_qd32_repeat3,rand_write,2,results\external_ssd\sustained_rand_write_300s_qd32_repeat3\sustained_rand_write_300s_qd32_repeat3_run2.json
12000.0,12.0,,,450.082,sustained_rand_write_300s_qd32_repeat3,rand_write,2,results\external_ssd\sustained_rand_write_300s_qd32_repeat3\sustained_rand_write_300s_qd32_repeat3_run2.json
12010.0,12.01,141.3779296875,36192.0,,sustained_rand_write_300s_qd32_repeat3,rand_write,2,results\external_ssd\sustained_rand_write_300s_qd32_repeat3\sustained_rand_write_300s_qd32_repeat3_run2.json
13000.0,13.0,,,456.097,sustained_rand_write_300s_qd32_repeat3,rand_write,2,results\external_ssd\sustained_rand_write_300s_qd32_repeat3\sustained_rand_write_300s_qd32_repeat3_run2.json
13009.0,13.009,140.0693359375,35857.0,,sustained_rand_write_300s_qd32_repeat3,rand_write,2,results\external_ssd\sustained_rand_write_300s_qd32_repeat3\sustained_rand_write_300s_qd32_repeat3_run2.json
14000.0,14.0,,,393.465,sustained_rand_write_300s_qd32_repeat3,rand_write,2,results\external_ssd\sustained_rand_write_300s_qd32_repeat3\sustained_rand_write_300s_qd32_repeat3_run2.json
14007.0,14.007,162.4765625,41594.0,,sustained_rand_write_300s_qd32_repeat3,rand_write,2,results\external_ssd\sustained_rand_write_300s_qd32_repeat3\sustained_rand_write_300s_qd32_repeat3_run2.json
15000.0,15.0,,,363.682,sustained_rand_write_300s_qd32_repeat3,rand_write,2,results\external_ssd\sustained_rand_write_300s_qd32_repeat3\sustained_rand_write_300s_qd32_repeat3_run2.json
15008.0,15.008,175.2421875,44862.0,,sustained_rand_write_300s_qd32_repeat3,rand_write,2,results\external_ssd\sustained_rand_write_300s_qd32_repeat3\sustained_rand_write_300s_qd32_repeat3_run2.json
16000.0,16.0,,,377.872,sustained_rand_write_300s_qd32_repeat3,rand_write,2,results\external_ssd\sustained_rand_write_300s_qd32_repeat3\sustained_rand_write_300s_qd32_repeat3_run2.json
16009.0,16.009,170.0947265625,43544.0,,sustained_rand_write_300s_qd32_repeat3,rand_write,2,results\external_ssd\sustained_rand_write_300s_qd32_repeat3\sustained_rand_write_300s_qd32_repeat3_run2.json
17000.0,17.0,,,432.287,sustained_rand_write_300s_qd32_repeat3,rand_write,2,results\external_ssd\sustained_rand_write_300s_qd32_repeat3\sustained_rand_write_300s_qd32_repeat3_run2.json
17028.0,17.028,145.9873046875,37372.0,,sustained_rand_write_300s_qd32_repeat3,rand_write,2,results\external_ssd\sustained_rand_write_300s_qd32_repeat3\sustained_rand_write_300s_qd32_repeat3_run2.json
18000.0,18.0,,,429.649,sustained_rand_write_300s_qd32_repeat3,rand_write,2,results\external_ssd\sustained_rand_write_300s_qd32_repeat3\sustained_rand_write_300s_qd32_repeat3_run2.json
18029.0,18.029,146.44140625,37489.0,,sustained_rand_write_300s_qd32_repeat3,rand_write,2,results\external_ssd\sustained_rand_write_300s_qd32_repeat3\sustained_rand_write_300s_qd32_repeat3_run2.json
19000.0,19.0,,,550.863,sustained_rand_write_300s_qd32_repeat3,rand_write,2,results\external_ssd\sustained_rand_write_300s_qd32_repeat3\sustained_rand_write_300s_qd32_repeat3_run2.json
19029.0,19.029,114.875,29408.0,,sustained_rand_write_300s_qd32_repeat3,rand_write,2,results\external_ssd\sustained_rand_write_300s_qd32_repeat3\sustained_rand_write_300s_qd32_repeat3_run2.json
20000.0,20.0,,,471.9,sustained_rand_write_300s_qd32_repeat3,rand_write,2,results\external_ssd\sustained_rand_write_300s_qd32_repeat3\sustained_rand_write_300s_qd32_repeat3_run2.json
20029.0,20.029,135.234375,34620.0,,sustained_rand_write_300s_qd32_repeat3,rand_write,2,results\external_ssd\sustained_rand_write_300s_qd32_repeat3\sustained_rand_write_300s_qd32_repeat3_run2.json
21000.0,21.0,,,478.57,sustained_rand_write_300s_qd32_repeat3,rand_write,2,results\external_ssd\sustained_rand_write_300s_qd32_repeat3\sustained_rand_write_300s_qd32_repeat3_run2.json
21030.0,21.03,131.7578125,33733.0,,sustained_rand_write_300s_qd32_repeat3,rand_write,2,results\external_ssd\sustained_rand_write_300s_qd32_repeat3\sustained_rand_write_300s_qd32_repeat3_run2.json
22000.0,22.0,,,463.244,sustained_rand_write_300s_qd32_repeat3,rand_write,2,results\external_ssd\sustained_rand_write_300s_qd32_repeat3\sustained_rand_write_300s_qd32_repeat3_run2.json
22030.0,22.03,139.12109375,35614.0,,sustained_rand_write_300s_qd32_repeat3,rand_write,2,results\external_ssd\sustained_rand_write_300s_qd32_repeat3\sustained_rand_write_300s_qd32_repeat3_run2.json
23000.0,23.0,,,456.91,sustained_rand_write_300s_qd32_repeat3,rand_write,2,results\external_ssd\sustained_rand_write_300s_qd32_repeat3\sustained_rand_write_300s_qd32_repeat3_run2.json
23031.0,23.031,138.71484375,35511.0,,sustained_rand_write_300s_qd32_repeat3,rand_write,2,results\external_ssd\sustained_rand_write_300s_qd32_repeat3\sustained_rand_write_300s_qd32_repeat3_run2.json
24000.0,24.0,,,467.157,sustained_rand_write_300s_qd32_repeat3,rand_write,2,results\external_ssd\sustained_rand_write_300s_qd32_repeat3\sustained_rand_write_300s_qd32_repeat3_run2.json
24031.0,24.031,135.7265625,34746.0,,sustained_rand_write_300s_qd32_repeat3,rand_write,2,results\external_ssd\sustained_rand_write_300s_qd32_repeat3\sustained_rand_write_300s_qd32_repeat3_run2.json
25000.0,25.0,,,470.946,sustained_rand_write_300s_qd32_repeat3,rand_write,2,results\external_ssd\sustained_rand_write_300s_qd32_repeat3\sustained_rand_write_300s_qd32_repeat3_run2.json
25031.0,25.031,134.86328125,34525.0,,sustained_rand_write_300s_qd32_repeat3,rand_write,2,results\external_ssd\sustained_rand_write_300s_qd32_repeat3\sustained_rand_write_300s_qd32_repeat3_run2.json
26001.0,26.001,,,464.251,sustained_rand_write_300s_qd32_repeat3,rand_write,2,results\external_ssd\sustained_rand_write_300s_qd32_repeat3\sustained_rand_write_300s_qd32_repeat3_run2.json
26032.0,26.032,136.62109375,34975.0,,sustained_rand_write_300s_qd32_repeat3,rand_write,2,results\external_ssd\sustained_rand_write_300s_qd32_repeat3\sustained_rand_write_300s_qd32_repeat3_run2.json
27000.0,27.0,,,459.391,sustained_rand_write_300s_qd32_repeat3,rand_write,2,results\external_ssd\sustained_rand_write_300s_qd32_repeat3\sustained_rand_write_300s_qd32_repeat3_run2.json
27033.0,27.033,139.98046875,35835.0,,sustained_rand_write_300s_qd32_repeat3,rand_write,2,results\external_ssd\sustained_rand_write_300s_qd32_repeat3\sustained_rand_write_300s_qd32_repeat3_run2.json
28000.0,28.0,,,455.194,sustained_rand_write_300s_qd32_repeat3,rand_write,2,results\external_ssd\sustained_rand_write_300s_qd32_repeat3\sustained_rand_write_300s_qd32_repeat3_run2.json
28033.0,28.033,139.44921875,35699.0,,sustained_rand_write_300s_qd32_repeat3,rand_write,2,results\external_ssd\sustained_rand_write_300s_qd32_repeat3\sustained_rand_write_300s_qd32_repeat3_run2.json
29000.0,29.0,,,489.075,sustained_rand_write_300s_qd32_repeat3,rand_write,2,results\external_ssd\sustained_rand_write_300s_qd32_repeat3\sustained_rand_write_300s_qd32_repeat3_run2.json
29034.0,29.034,129.6318359375,33185.0,,sustained_rand_write_300s_qd32_repeat3,rand_write,2,results\external_ssd\sustained_rand_write_300s_qd32_repeat3\sustained_rand_write_300s_qd32_repeat3_run2.json
30000.0,30.0,,,459.681,sustained_rand_write_300s_qd32_repeat3,rand_write,2,results\external_ssd\sustained_rand_write_300s_qd32_repeat3\sustained_rand_write_300s_qd32_repeat3_run2.json
30034.0,30.034,137.49609375,35199.0,,sustained_rand_write_300s_qd32_repeat3,rand_write,2,results\external_ssd\sustained_rand_write_300s_qd32_repeat3\sustained_rand_write_300s_qd32_repeat3_run2.json
31000.0,31.0,,,430.438,sustained_rand_write_300s_qd32_repeat3,rand_write,2,results\external_ssd\sustained_rand_write_300s_qd32_repeat3\sustained_rand_write_300s_qd32_repeat3_run2.json
31035.0,31.035,149.92578125,38381.0,,sustained_rand_write_300s_qd32_repeat3,rand_write,2,results\external_ssd\sustained_rand_write_300s_qd32_repeat3\sustained_rand_write_300s_qd32_repeat3_run2.json
32000.0,32.0,,,426.81,sustained_rand_write_300s_qd32_repeat3,rand_write,2,results\external_ssd\sustained_rand_write_300s_qd32_repeat3\sustained_rand_write_300s_qd32_repeat3_run2.json
32035.0,32.035,149.7265625,38330.0,,sustained_rand_write_300s_qd32_repeat3,rand_write,2,results\external_ssd\sustained_rand_write_300s_qd32_repeat3\sustained_rand_write_300s_qd32_repeat3_run2.json
33000.0,33.0,,,412.21,sustained_rand_write_300s_qd32_repeat3,rand_write,2,results\external_ssd\sustained_rand_write_300s_qd32_repeat3\sustained_rand_write_300s_qd32_repeat3_run2.json
33036.0,33.036,155.609375,39836.0,,sustained_rand_write_300s_qd32_repeat3,rand_write,2,results\external_ssd\sustained_rand_write_300s_qd32_repeat3\sustained_rand_write_300s_qd32_repeat3_run2.json
34000.0,34.0,,,404.829,sustained_rand_write_300s_qd32_repeat3,rand_write,2,results\external_ssd\sustained_rand_write_300s_qd32_repeat3\sustained_rand_write_300s_qd32_repeat3_run2.json
34036.0,34.036,156.48046875,40059.0,,sustained_rand_write_300s_qd32_repeat3,rand_write,2,results\external_ssd\sustained_rand_write_300s_qd32_repeat3\sustained_rand_write_300s_qd32_repeat3_run2.json
35000.0,35.0,,,389.049,sustained_rand_write_300s_qd32_repeat3,rand_write,2,results\external_ssd\sustained_rand_write_300s_qd32_repeat3\sustained_rand_write_300s_qd32_repeat3_run2.json
35036.0,35.036,164.25,42048.0,,sustained_rand_write_300s_qd32_repeat3,rand_write,2,results\external_ssd\sustained_rand_write_300s_qd32_repeat3\sustained_rand_write_300s_qd32_repeat3_run2.json
36000.0,36.0,,,396.362,sustained_rand_write_300s_qd32_repeat3,rand_write,2,results\external_ssd\sustained_rand_write_300s_qd32_repeat3\sustained_rand_write_300s_qd32_repeat3_run2.json
36037.0,36.037,164.12109375,42015.0,,sustained_rand_write_300s_qd32_repeat3,rand_write,2,results\external_ssd\sustained_rand_write_300s_qd32_repeat3\sustained_rand_write_300s_qd32_repeat3_run2.json
37000.0,37.0,,,374.584,sustained_rand_write_300s_qd32_repeat3,rand_write,2,results\external_ssd\sustained_rand_write_300s_qd32_repeat3\sustained_rand_write_300s_qd32_repeat3_run2.json
37037.0,37.037,168.99609375,43263.0,,sustained_rand_write_300s_qd32_repeat3,rand_write,2,results\external_ssd\sustained_rand_write_300s_qd32_repeat3\sustained_rand_write_300s_qd32_repeat3_run2.json
38000.0,38.0,,,479.879,sustained_rand_write_300s_qd32_repeat3,rand_write,2,results\external_ssd\sustained_rand_write_300s_qd32_repeat3\sustained_rand_write_300s_qd32_repeat3_run2.json
38038.0,38.038,132.32421875,33875.0,,sustained_rand_write_300s_qd32_repeat3,rand_write,2,results\external_ssd\sustained_rand_write_300s_qd32_repeat3\sustained_rand_write_300s_qd32_repeat3_run2.json
39001.0,39.001,,,461.031,sustained_rand_write_300s_qd32_repeat3,rand_write,2,results\external_ssd\sustained_rand_write_300s_qd32_repeat3\sustained_rand_write_300s_qd32_repeat3_run2.json
39039.0,39.039,136.8037109375,35021.0,,sustained_rand_write_300s_qd32_repeat3,rand_write,2,results\external_ssd\sustained_rand_write_300s_qd32_repeat3\sustained_rand_write_300s_qd32_repeat3_run2.json
40000.0,40.0,,,456.396,sustained_rand_write_300s_qd32_repeat3,rand_write,2,results\external_ssd\sustained_rand_write_300s_qd32_repeat3\sustained_rand_write_300s_qd32_repeat3_run2.json
40039.0,40.039,140.79296875,36043.0,,sustained_rand_write_300s_qd32_repeat3,rand_write,2,results\external_ssd\sustained_rand_write_300s_qd32_repeat3\sustained_rand_write_300s_qd32_repeat3_run2.json
41000.0,41.0,,,473.632,sustained_rand_write_300s_qd32_repeat3,rand_write,2,results\external_ssd\sustained_rand_write_300s_qd32_repeat3\sustained_rand_write_300s_qd32_repeat3_run2.json
41041.0,41.041,133.4169921875,34154.0,,sustained_rand_write_300s_qd32_repeat3,rand_write,2,results\external_ssd\sustained_rand_write_300s_qd32_repeat3\sustained_rand_write_300s_qd32_repeat3_run2.json
42001.0,42.001,,,495.17,sustained_rand_write_300s_qd32_repeat3,rand_write,2,results\external_ssd\sustained_rand_write_300s_qd32_repeat3\sustained_rand_write_300s_qd32_repeat3_run2.json
42041.0,42.041,127.23046875,32571.0,,sustained_rand_write_300s_qd32_repeat3,rand_write,2,results\external_ssd\sustained_rand_write_300s_qd32_repeat3\sustained_rand_write_300s_qd32_repeat3_run2.json
43000.0,43.0,,,487.68,sustained_rand_write_300s_qd32_repeat3,rand_write,2,results\external_ssd\sustained_rand_write_300s_qd32_repeat3\sustained_rand_write_300s_qd32_repeat3_run2.json
43041.0,43.041,130.42578125,33389.0,,sustained_rand_write_300s_qd32_repeat3,rand_write,2,results\external_ssd\sustained_rand_write_300s_qd32_repeat3\sustained_rand_write_300s_qd32_repeat3_run2.json
44000.0,44.0,,,453.562,sustained_rand_write_300s_qd32_repeat3,rand_write,2,results\external_ssd\sustained_rand_write_300s_qd32_repeat3\sustained_rand_write_300s_qd32_repeat3_run2.json
44043.0,44.043,140.3203125,35922.0,,sustained_rand_write_300s_qd32_repeat3,rand_write,2,results\external_ssd\sustained_rand_write_300s_qd32_repeat3\sustained_rand_write_300s_qd32_repeat3_run2.json
45000.0,45.0,,,452.687,sustained_rand_write_300s_qd32_repeat3,rand_write,2,results\external_ssd\sustained_rand_write_300s_qd32_repeat3\sustained_rand_write_300s_qd32_repeat3_run2.json
45043.0,45.043,142.55078125,36493.0,,sustained_rand_write_300s_qd32_repeat3,rand_write,2,results\external_ssd\sustained_rand_write_300s_qd32_repeat3\sustained_rand_write_300s_qd32_repeat3_run2.json
46000.0,46.0,,,427.402,sustained_rand_write_300s_qd32_repeat3,rand_write,2,results\external_ssd\sustained_rand_write_300s_qd32_repeat3\sustained_rand_write_300s_qd32_repeat3_run2.json
46044.0,46.044,148.4716796875,38008.0,,sustained_rand_write_300s_qd32_repeat3,rand_write,2,results\external_ssd\sustained_rand_write_300s_qd32_repeat3\sustained_rand_write_300s_qd32_repeat3_run2.json
47000.0,47.0,,,437.492,sustained_rand_write_300s_qd32_repeat3,rand_write,2,results\external_ssd\sustained_rand_write_300s_qd32_repeat3\sustained_rand_write_300s_qd32_repeat3_run2.json
47045.0,47.045,145.28515625,37193.0,,sustained_rand_write_300s_qd32_repeat3,rand_write,2,results\external_ssd\sustained_rand_write_300s_qd32_repeat3\sustained_rand_write_300s_qd32_repeat3_run2.json
48000.0,48.0,,,450.775,sustained_rand_write_300s_qd32_repeat3,rand_write,2,results\external_ssd\sustained_rand_write_300s_qd32_repeat3\sustained_rand_write_300s_qd32_repeat3_run2.json
48045.0,48.045,140.33984375,35927.0,,sustained_rand_write_300s_qd32_repeat3,rand_write,2,results\external_ssd\sustained_rand_write_300s_qd32_repeat3\sustained_rand_write_300s_qd32_repeat3_run2.json
49000.0,49.0,,,500.612,sustained_rand_write_300s_qd32_repeat3,rand_write,2,results\external_ssd\sustained_rand_write_300s_qd32_repeat3\sustained_rand_write_300s_qd32_repeat3_run2.json
49045.0,49.045,127.71875,32696.0,,sustained_rand_write_300s_qd32_repeat3,rand_write,2,results\external_ssd\sustained_rand_write_300s_qd32_repeat3\sustained_rand_write_300s_qd32_repeat3_run2.json
50000.0,50.0,,,462.965,sustained_rand_write_300s_qd32_repeat3,rand_write,2,results\external_ssd\sustained_rand_write_300s_qd32_repeat3\sustained_rand_write_300s_qd32_repeat3_run2.json
50046.0,50.046,137.3271484375,35155.0,,sustained_rand_write_300s_qd32_repeat3,rand_write,2,results\external_ssd\sustained_rand_write_300s_qd32_repeat3\sustained_rand_write_300s_qd32_repeat3_run2.json
51000.0,51.0,,,500.466,sustained_rand_write_300s_qd32_repeat3,rand_write,2,results\external_ssd\sustained_rand_write_300s_qd32_repeat3\sustained_rand_write_300s_qd32_repeat3_run2.json
51047.0,51.047,125.73828125,32189.0,,sustained_rand_write_300s_qd32_repeat3,rand_write,2,results\external_ssd\sustained_rand_write_300s_qd32_repeat3\sustained_rand_write_300s_qd32_repeat3_run2.json
52000.0,52.0,,,446.837,sustained_rand_write_300s_qd32_repeat3,rand_write,2,results\external_ssd\sustained_rand_write_300s_qd32_repeat3\sustained_rand_write_300s_qd32_repeat3_run2.json
52048.0,52.048,142.556640625,36494.0,,sustained_rand_write_300s_qd32_repeat3,rand_write,2,results\external_ssd\sustained_rand_write_300s_qd32_repeat3\sustained_rand_write_300s_qd32_repeat3_run2.json
53000.0,53.0,,,404.421,sustained_rand_write_300s_qd32_repeat3,rand_write,2,results\external_ssd\sustained_rand_write_300s_qd32_repeat3\sustained_rand_write_300s_qd32_repeat3_run2.json
53049.0,53.049,160.0703125,40978.0,,sustained_rand_write_300s_qd32_repeat3,rand_write,2,results\external_ssd\sustained_rand_write_300s_qd32_repeat3\sustained_rand_write_300s_qd32_repeat3_run2.json
54000.0,54.0,,,451.426,sustained_rand_write_300s_qd32_repeat3,rand_write,2,results\external_ssd\sustained_rand_write_300s_qd32_repeat3\sustained_rand_write_300s_qd32_repeat3_run2.json
54049.0,54.049,140.54296875,35979.0,,sustained_rand_write_300s_qd32_repeat3,rand_write,2,results\external_ssd\sustained_rand_write_300s_qd32_repeat3\sustained_rand_write_300s_qd32_repeat3_run2.json
55000.0,55.0,,,434.823,sustained_rand_write_300s_qd32_repeat3,rand_write,2,results\external_ssd\sustained_rand_write_300s_qd32_repeat3\sustained_rand_write_300s_qd32_repeat3_run2.json
55050.0,55.05,144.9375,37104.0,,sustained_rand_write_300s_qd32_repeat3,rand_write,2,results\external_ssd\sustained_rand_write_300s_qd32_repeat3\sustained_rand_write_300s_qd32_repeat3_run2.json
56000.0,56.0,,,409.676,sustained_rand_write_300s_qd32_repeat3,rand_write,2,results\external_ssd\sustained_rand_write_300s_qd32_repeat3\sustained_rand_write_300s_qd32_repeat3_run2.json
56050.0,56.05,158.9609375,40694.0,,sustained_rand_write_300s_qd32_repeat3,rand_write,2,results\external_ssd\sustained_rand_write_300s_qd32_repeat3\sustained_rand_write_300s_qd32_repeat3_run2.json
57000.0,57.0,,,468.165,sustained_rand_write_300s_qd32_repeat3,rand_write,2,results\external_ssd\sustained_rand_write_300s_qd32_repeat3\sustained_rand_write_300s_qd32_repeat3_run2.json
57051.0,57.051,136.5546875,34958.0,,sustained_rand_write_300s_qd32_repeat3,rand_write,2,results\external_ssd\sustained_rand_write_300s_qd32_repeat3\sustained_rand_write_300s_qd32_repeat3_run2.json
58000.0,58.0,,,601.021,sustained_rand_write_300s_qd32_repeat3,rand_write,2,results\external_ssd\sustained_rand_write_300s_qd32_repeat3\sustained_rand_write_300s_qd32_repeat3_run2.json
58052.0,58.052,103.9033203125,26599.0,,sustained_rand_write_300s_qd32_repeat3,rand_write,2,results\external_ssd\sustained_rand_write_300s_qd32_repeat3\sustained_rand_write_300s_qd32_repeat3_run2.json
59002.0,59.002,,,765.241,sustained_rand_write_300s_qd32_repeat3,rand_write,2,results\external_ssd\sustained_rand_write_300s_qd32_repeat3\sustained_rand_write_300s_qd32_repeat3_run2.json
59052.0,59.052,77.71875,19896.0,,sustained_rand_write_300s_qd32_repeat3,rand_write,2,results\external_ssd\sustained_rand_write_300s_qd32_repeat3\sustained_rand_write_300s_qd32_repeat3_run2.json
60000.0,60.0,,,679.619,sustained_rand_write_300s_qd32_repeat3,rand_write,2,results\external_ssd\sustained_rand_write_300s_qd32_repeat3\sustained_rand_write_300s_qd32_repeat3_run2.json
60053.0,60.053,95.1484375,24358.0,,sustained_rand_write_300s_qd32_repeat3,rand_write,2,results\external_ssd\sustained_rand_write_300s_qd32_repeat3\sustained_rand_write_300s_qd32_repeat3_run2.json
61000.0,61.0,,,621.68,sustained_rand_write_300s_qd32_repeat3,rand_write,2,results\external_ssd\sustained_rand_write_300s_qd32_repeat3\sustained_rand_write_300s_qd32_repeat3_run2.json
61054.0,61.054,108.3603515625,27740.0,,sustained_rand_write_300s_qd32_repeat3,rand_write,2,results\external_ssd\sustained_rand_write_300s_qd32_repeat3\sustained_rand_write_300s_qd32_repeat3_run2.json
62000.0,62.0,,,425.283,sustained_rand_write_300s_qd32_repeat3,rand_write,2,results\external_ssd\sustained_rand_write_300s_qd32_repeat3\sustained_rand_write_300s_qd32_repeat3_run2.json
62054.0,62.054,150.640625,38564.0,,sustained_rand_write_300s_qd32_repeat3,rand_write,2,results\external_ssd\sustained_rand_write_300s_qd32_repeat3\sustained_rand_write_300s_qd32_repeat3_run2.json
63000.0,63.0,,,433.367,sustained_rand_write_300s_qd32_repeat3,rand_write,2,results\external_ssd\sustained_rand_write_300s_qd32_repeat3\sustained_rand_write_300s_qd32_repeat3_run2.json
63054.0,63.054,147.33984375,37719.0,,sustained_rand_write_300s_qd32_repeat3,rand_write,2,results\external_ssd\sustained_rand_write_300s_qd32_repeat3\sustained_rand_write_300s_qd32_repeat3_run2.json
64000.0,64.0,,,426.97,sustained_rand_write_300s_qd32_repeat3,rand_write,2,results\external_ssd\sustained_rand_write_300s_qd32_repeat3\sustained_rand_write_300s_qd32_repeat3_run2.json
64055.0,64.055,148.43359375,37999.0,,sustained_rand_write_300s_qd32_repeat3,rand_write,2,results\external_ssd\sustained_rand_write_300s_qd32_repeat3\sustained_rand_write_300s_qd32_repeat3_run2.json
65000.0,65.0,,,465.405,sustained_rand_write_300s_qd32_repeat3,rand_write,2,results\external_ssd\sustained_rand_write_300s_qd32_repeat3\sustained_rand_write_300s_qd32_repeat3_run2.json
65056.0,65.056,140.22265625,35897.0,,sustained_rand_write_300s_qd32_repeat3,rand_write,2,results\external_ssd\sustained_rand_write_300s_qd32_repeat3\sustained_rand_write_300s_qd32_repeat3_run2.json
66000.0,66.0,,,366.209,sustained_rand_write_300s_qd32_repeat3,rand_write,2,results\external_ssd\sustained_rand_write_300s_qd32_repeat3\sustained_rand_write_300s_qd32_repeat3_run2.json
66056.0,66.056,175.6953125,44978.0,,sustained_rand_write_300s_qd32_repeat3,rand_write,2,results\external_ssd\sustained_rand_write_300s_qd32_repeat3\sustained_rand_write_300s_qd32_repeat3_run2.json
67000.0,67.0,,,347.616,sustained_rand_write_300s_qd32_repeat3,rand_write,2,results\external_ssd\sustained_rand_write_300s_qd32_repeat3\sustained_rand_write_300s_qd32_repeat3_run2.json
67057.0,67.057,184.74609375,47295.0,,sustained_rand_write_300s_qd32_repeat3,rand_write,2,results\external_ssd\sustained_rand_write_300s_qd32_repeat3\sustained_rand_write_300s_qd32_repeat3_run2.json
68000.0,68.0,,,339.366,sustained_rand_write_300s_qd32_repeat3,rand_write,2,results\external_ssd\sustained_rand_write_300s_qd32_repeat3\sustained_rand_write_300s_qd32_repeat3_run2.json
68058.0,68.058,187.5146484375,48003.0,,sustained_rand_write_300s_qd32_repeat3,rand_write,2,results\external_ssd\sustained_rand_write_300s_qd32_repeat3\sustained_rand_write_300s_qd32_repeat3_run2.json
69000.0,69.0,,,356.575,sustained_rand_write_300s_qd32_repeat3,rand_write,2,results\external_ssd\sustained_rand_write_300s_qd32_repeat3\sustained_rand_write_300s_qd32_repeat3_run2.json
69058.0,69.058,180.65234375,46247.0,,sustained_rand_write_300s_qd32_repeat3,rand_write,2,results\external_ssd\sustained_rand_write_300s_qd32_repeat3\sustained_rand_write_300s_qd32_repeat3_run2.json
70007.0,70.007,,,399.947,sustained_rand_write_300s_qd32_repeat3,rand_write,2,results\external_ssd\sustained_rand_write_300s_qd32_repeat3\sustained_rand_write_300s_qd32_repeat3_run2.json
70059.0,70.059,153.9765625,39418.0,,sustained_rand_write_300s_qd32_repeat3,rand_write,2,results\external_ssd\sustained_rand_write_300s_qd32_repeat3\sustained_rand_write_300s_qd32_repeat3_run2.json
71000.0,71.0,,,391.335,sustained_rand_write_300s_qd32_repeat3,rand_write,2,results\external_ssd\sustained_rand_write_300s_qd32_repeat3\sustained_rand_write_300s_qd32_repeat3_run2.json
71060.0,71.06,170.0087890625,43522.0,,sustained_rand_write_300s_qd32_repeat3,rand_write,2,results\external_ssd\sustained_rand_write_300s_qd32_repeat3\sustained_rand_write_300s_qd32_repeat3_run2.json
72000.0,72.0,,,363.838,sustained_rand_write_300s_qd32_repeat3,rand_write,2,results\external_ssd\sustained_rand_write_300s_qd32_repeat3\sustained_rand_write_300s_qd32_repeat3_run2.json
72060.0,72.06,178.02734375,45575.0,,sustained_rand_write_300s_qd32_repeat3,rand_write,2,results\external_ssd\sustained_rand_write_300s_qd32_repeat3\sustained_rand_write_300s_qd32_repeat3_run2.json
73000.0,73.0,,,333.635,sustained_rand_write_300s_qd32_repeat3,rand_write,2,results\external_ssd\sustained_rand_write_300s_qd32_repeat3\sustained_rand_write_300s_qd32_repeat3_run2.json
73061.0,73.061,188.99609375,48383.0,,sustained_rand_write_300s_qd32_repeat3,rand_write,2,results\external_ssd\sustained_rand_write_300s_qd32_repeat3\sustained_rand_write_300s_qd32_repeat3_run2.json
74000.0,74.0,,,432.673,sustained_rand_write_300s_qd32_repeat3,rand_write,2,results\external_ssd\sustained_rand_write_300s_qd32_repeat3\sustained_rand_write_300s_qd32_repeat3_run2.json
74062.0,74.062,147.2783203125,37703.0,,sustained_rand_write_300s_qd32_repeat3,rand_write,2,results\external_ssd\sustained_rand_write_300s_qd32_repeat3\sustained_rand_write_300s_qd32_repeat3_run2.json
75000.0,75.0,,,439.943,sustained_rand_write_300s_qd32_repeat3,rand_write,2,results\external_ssd\sustained_rand_write_300s_qd32_repeat3\sustained_rand_write_300s_qd32_repeat3_run2.json
75063.0,75.063,146.1015625,37402.0,,sustained_rand_write_300s_qd32_repeat3,rand_write,2,results\external_ssd\sustained_rand_write_300s_qd32_repeat3\sustained_rand_write_300s_qd32_repeat3_run2.json
76000.0,76.0,,,388.611,sustained_rand_write_300s_qd32_repeat3,rand_write,2,results\external_ssd\sustained_rand_write_300s_qd32_repeat3\sustained_rand_write_300s_qd32_repeat3_run2.json
76064.0,76.064,166.04296875,42507.0,,sustained_rand_write_300s_qd32_repeat3,rand_write,2,results\external_ssd\sustained_rand_write_300s_qd32_repeat3\sustained_rand_write_300s_qd32_repeat3_run2.json
77000.0,77.0,,,453.69,sustained_rand_write_300s_qd32_repeat3,rand_write,2,results\external_ssd\sustained_rand_write_300s_qd32_repeat3\sustained_rand_write_300s_qd32_repeat3_run2.json
77065.0,77.065,138.7666015625,35524.0,,sustained_rand_write_300s_qd32_repeat3,rand_write,2,results\external_ssd\sustained_rand_write_300s_qd32_repeat3\sustained_rand_write_300s_qd32_repeat3_run2.json
78000.0,78.0,,,479.33,sustained_rand_write_300s_qd32_repeat3,rand_write,2,results\external_ssd\sustained_rand_write_300s_qd32_repeat3\sustained_rand_write_300s_qd32_repeat3_run2.json
78065.0,78.065,130.96484375,33527.0,,sustained_rand_write_300s_qd32_repeat3,rand_write,2,results\external_ssd\sustained_rand_write_300s_qd32_repeat3\sustained_rand_write_300s_qd32_repeat3_run2.json
79000.0,79.0,,,461.204,sustained_rand_write_300s_qd32_repeat3,rand_write,2,results\external_ssd\sustained_rand_write_300s_qd32_repeat3\sustained_rand_write_300s_qd32_repeat3_run2.json
79065.0,79.065,139.83203125,35797.0,,sustained_rand_write_300s_qd32_repeat3,rand_write,2,results\external_ssd\sustained_rand_write_300s_qd32_repeat3\sustained_rand_write_300s_qd32_repeat3_run2.json
80000.0,80.0,,,403.087,sustained_rand_write_300s_qd32_repeat3,rand_write,2,results\external_ssd\sustained_rand_write_300s_qd32_repeat3\sustained_rand_write_300s_qd32_repeat3_run2.json
80066.0,80.066,159.078125,40724.0,,sustained_rand_write_300s_qd32_repeat3,rand_write,2,results\external_ssd\sustained_rand_write_300s_qd32_repeat3\sustained_rand_write_300s_qd32_repeat3_run2.json
81000.0,81.0,,,433.921,sustained_rand_write_300s_qd32_repeat3,rand_write,2,results\external_ssd\sustained_rand_write_300s_qd32_repeat3\sustained_rand_write_300s_qd32_repeat3_run2.json
81067.0,81.067,149.4130859375,38249.0,,sustained_rand_write_300s_qd32_repeat3,rand_write,2,results\external_ssd\sustained_rand_write_300s_qd32_repeat3\sustained_rand_write_300s_qd32_repeat3_run2.json
82000.0,82.0,,,372.403,sustained_rand_write_300s_qd32_repeat3,rand_write,2,results\external_ssd\sustained_rand_write_300s_qd32_repeat3\sustained_rand_write_300s_qd32_repeat3_run2.json
82068.0,82.068,171.75390625,43969.0,,sustained_rand_write_300s_qd32_repeat3,rand_write,2,results\external_ssd\sustained_rand_write_300s_qd32_repeat3\sustained_rand_write_300s_qd32_repeat3_run2.json
83000.0,83.0,,,362.193,sustained_rand_write_300s_qd32_repeat3,rand_write,2,results\external_ssd\sustained_rand_write_300s_qd32_repeat3\sustained_rand_write_300s_qd32_repeat3_run2.json
83069.0,83.069,174.5908203125,44695.0,,sustained_rand_write_300s_qd32_repeat3,rand_write,2,results\external_ssd\sustained_rand_write_300s_qd32_repeat3\sustained_rand_write_300s_qd32_repeat3_run2.json
84000.0,84.0,,,355.004,sustained_rand_write_300s_qd32_repeat3,rand_write,2,results\external_ssd\sustained_rand_write_300s_qd32_repeat3\sustained_rand_write_300s_qd32_repeat3_run2.json
84069.0,84.069,182.6015625,46746.0,,sustained_rand_write_300s_qd32_repeat3,rand_write,2,results\external_ssd\sustained_rand_write_300s_qd32_repeat3\sustained_rand_write_300s_qd32_repeat3_run2.json
85000.0,85.0,,,367.17,sustained_rand_write_300s_qd32_repeat3,rand_write,2,results\external_ssd\sustained_rand_write_300s_qd32_repeat3\sustained_rand_write_300s_qd32_repeat3_run2.json
85070.0,85.07,171.1015625,43802.0,,sustained_rand_write_300s_qd32_repeat3,rand_write,2,results\external_ssd\sustained_rand_write_300s_qd32_repeat3\sustained_rand_write_300s_qd32_repeat3_run2.json
86000.0,86.0,,,475.39,sustained_rand_write_300s_qd32_repeat3,rand_write,2,results\external_ssd\sustained_rand_write_300s_qd32_repeat3\sustained_rand_write_300s_qd32_repeat3_run2.json
86070.0,86.07,132.22265625,33849.0,,sustained_rand_write_300s_qd32_repeat3,rand_write,2,results\external_ssd\sustained_rand_write_300s_qd32_repeat3\sustained_rand_write_300s_qd32_repeat3_run2.json
87000.0,87.0,,,435.283,sustained_rand_write_300s_qd32_repeat3,rand_write,2,results\external_ssd\sustained_rand_write_300s_qd32_repeat3\sustained_rand_write_300s_qd32_repeat3_run2.json
87071.0,87.071,148.3515625,37978.0,,sustained_rand_write_300s_qd32_repeat3,rand_write,2,results\external_ssd\sustained_rand_write_300s_qd32_repeat3\sustained_rand_write_300s_qd32_repeat3_run2.json
88000.0,88.0,,,410.995,sustained_rand_write_300s_qd32_repeat3,rand_write,2,results\external_ssd\sustained_rand_write_300s_qd32_repeat3\sustained_rand_write_300s_qd32_repeat3_run2.json
88071.0,88.071,155.6171875,39838.0,,sustained_rand_write_300s_qd32_repeat3,rand_write,2,results\external_ssd\sustained_rand_write_300s_qd32_repeat3\sustained_rand_write_300s_qd32_repeat3_run2.json
89000.0,89.0,,,420.937,sustained_rand_write_300s_qd32_repeat3,rand_write,2,results\external_ssd\sustained_rand_write_300s_qd32_repeat3\sustained_rand_write_300s_qd32_repeat3_run2.json
89071.0,89.071,152.49609375,39039.0,,sustained_rand_write_300s_qd32_repeat3,rand_write,2,results\external_ssd\sustained_rand_write_300s_qd32_repeat3\sustained_rand_write_300s_qd32_repeat3_run2.json
90000.0,90.0,,,370.702,sustained_rand_write_300s_qd32_repeat3,rand_write,2,results\external_ssd\sustained_rand_write_300s_qd32_repeat3\sustained_rand_write_300s_qd32_repeat3_run2.json
90072.0,90.072,175.984375,45052.0,,sustained_rand_write_300s_qd32_repeat3,rand_write,2,results\external_ssd\sustained_rand_write_300s_qd32_repeat3\sustained_rand_write_300s_qd32_repeat3_run2.json
91000.0,91.0,,,339.385,sustained_rand_write_300s_qd32_repeat3,rand_write,2,results\external_ssd\sustained_rand_write_300s_qd32_repeat3\sustained_rand_write_300s_qd32_repeat3_run2.json
91072.0,91.072,187.80078125,48077.0,,sustained_rand_write_300s_qd32_repeat3,rand_write,2,results\external_ssd\sustained_rand_write_300s_qd32_repeat3\sustained_rand_write_300s_qd32_repeat3_run2.json
92000.0,92.0,,,359.882,sustained_rand_write_300s_qd32_repeat3,rand_write,2,results\external_ssd\sustained_rand_write_300s_qd32_repeat3\sustained_rand_write_300s_qd32_repeat3_run2.json
92072.0,92.072,179.12890625,45857.0,,sustained_rand_write_300s_qd32_repeat3,rand_write,2,results\external_ssd\sustained_rand_write_300s_qd32_repeat3\sustained_rand_write_300s_qd32_repeat3_run2.json
93000.0,93.0,,,357.971,sustained_rand_write_300s_qd32_repeat3,rand_write,2,results\external_ssd\sustained_rand_write_300s_qd32_repeat3\sustained_rand_write_300s_qd32_repeat3_run2.json
93073.0,93.073,176.84765625,45273.0,,sustained_rand_write_300s_qd32_repeat3,rand_write,2,results\external_ssd\sustained_rand_write_300s_qd32_repeat3\sustained_rand_write_300s_qd32_repeat3_run2.json
94000.0,94.0,,,392.143,sustained_rand_write_300s_qd32_repeat3,rand_write,2,results\external_ssd\sustained_rand_write_300s_qd32_repeat3\sustained_rand_write_300s_qd32_repeat3_run2.json
94073.0,94.073,163.796875,41932.0,,sustained_rand_write_300s_qd32_repeat3,rand_write,2,results\external_ssd\sustained_rand_write_300s_qd32_repeat3\sustained_rand_write_300s_qd32_repeat3_run2.json
95000.0,95.0,,,406.645,sustained_rand_write_300s_qd32_repeat3,rand_write,2,results\external_ssd\sustained_rand_write_300s_qd32_repeat3\sustained_rand_write_300s_qd32_repeat3_run2.json
95074.0,95.074,155.609375,39836.0,,sustained_rand_write_300s_qd32_repeat3,rand_write,2,results\external_ssd\sustained_rand_write_300s_qd32_repeat3\sustained_rand_write_300s_qd32_repeat3_run2.json
96000.0,96.0,,,397.267,sustained_rand_write_300s_qd32_repeat3,rand_write,2,results\external_ssd\sustained_rand_write_300s_qd32_repeat3\sustained_rand_write_300s_qd32_repeat3_run2.json
96074.0,96.074,158.28125,40520.0,,sustained_rand_write_300s_qd32_repeat3,rand_write,2,results\external_ssd\sustained_rand_write_300s_qd32_repeat3\sustained_rand_write_300s_qd32_repeat3_run2.json
97000.0,97.0,,,417.025,sustained_rand_write_300s_qd32_repeat3,rand_write,2,results\external_ssd\sustained_rand_write_300s_qd32_repeat3\sustained_rand_write_300s_qd32_repeat3_run2.json
97075.0,97.075,158.13671875,40483.0,,sustained_rand_write_300s_qd32_repeat3,rand_write,2,results\external_ssd\sustained_rand_write_300s_qd32_repeat3\sustained_rand_write_300s_qd32_repeat3_run2.json
98000.0,98.0,,,350.434,sustained_rand_write_300s_qd32_repeat3,rand_write,2,results\external_ssd\sustained_rand_write_300s_qd32_repeat3\sustained_rand_write_300s_qd32_repeat3_run2.json
98076.0,98.076,185.095703125,47384.0,,sustained_rand_write_300s_qd32_repeat3,rand_write,2,results\external_ssd\sustained_rand_write_300s_qd32_repeat3\sustained_rand_write_300s_qd32_repeat3_run2.json
99000.0,99.0,,,337.016,sustained_rand_write_300s_qd32_repeat3,rand_write,2,results\external_ssd\sustained_rand_write_300s_qd32_repeat3\sustained_rand_write_300s_qd32_repeat3_run2.json
99077.0,99.077,190.71875,48824.0,,sustained_rand_write_300s_qd32_repeat3,rand_write,2,results\external_ssd\sustained_rand_write_300s_qd32_repeat3\sustained_rand_write_300s_qd32_repeat3_run2.json
100000.0,100.0,,,359.203,sustained_rand_write_300s_qd32_repeat3,rand_write,2,results\external_ssd\sustained_rand_write_300s_qd32_repeat3\sustained_rand_write_300s_qd32_repeat3_run2.json
100078.0,100.078,176.0654296875,45072.0,,sustained_rand_write_300s_qd32_repeat3,rand_write,2,results\external_ssd\sustained_rand_write_300s_qd32_repeat3\sustained_rand_write_300s_qd32_repeat3_run2.json
101000.0,101.0,,,359.078,sustained_rand_write_300s_qd32_repeat3,rand_write,2,results\external_ssd\sustained_rand_write_300s_qd32_repeat3\sustained_rand_write_300s_qd32_repeat3_run2.json
101079.0,101.079,177.625,45472.0,,sustained_rand_write_300s_qd32_repeat3,rand_write,2,results\external_ssd\sustained_rand_write_300s_qd32_repeat3\sustained_rand_write_300s_qd32_repeat3_run2.json
102000.0,102.0,,,397.374,sustained_rand_write_300s_qd32_repeat3,rand_write,2,results\external_ssd\sustained_rand_write_300s_qd32_repeat3\sustained_rand_write_300s_qd32_repeat3_run2.json
102079.0,102.079,162.09765625,41497.0,,sustained_rand_write_300s_qd32_repeat3,rand_write,2,results\external_ssd\sustained_rand_write_300s_qd32_repeat3\sustained_rand_write_300s_qd32_repeat3_run2.json
103000.0,103.0,,,418.609,sustained_rand_write_300s_qd32_repeat3,rand_write,2,results\external_ssd\sustained_rand_write_300s_qd32_repeat3\sustained_rand_write_300s_qd32_repeat3_run2.json
103079.0,103.079,152.59375,39064.0,,sustained_rand_write_300s_qd32_repeat3,rand_write,2,results\external_ssd\sustained_rand_write_300s_qd32_repeat3\sustained_rand_write_300s_qd32_repeat3_run2.json
104000.0,104.0,,,436.788,sustained_rand_write_300s_qd32_repeat3,rand_write,2,results\external_ssd\sustained_rand_write_300s_qd32_repeat3\sustained_rand_write_300s_qd32_repeat3_run2.json
104080.0,104.08,145.8828125,37346.0,,sustained_rand_write_300s_qd32_repeat3,rand_write,2,results\external_ssd\sustained_rand_write_300s_qd32_repeat3\sustained_rand_write_300s_qd32_repeat3_run2.json
105000.0,105.0,,,392.209,sustained_rand_write_300s_qd32_repeat3,rand_write,2,results\external_ssd\sustained_rand_write_300s_qd32_repeat3\sustained_rand_write_300s_qd32_repeat3_run2.json
105080.0,105.08,163.39453125,41829.0,,sustained_rand_write_300s_qd32_repeat3,rand_write,2,results\external_ssd\sustained_rand_write_300s_qd32_repeat3\sustained_rand_write_300s_qd32_repeat3_run2.json
106000.0,106.0,,,363.837,sustained_rand_write_300s_qd32_repeat3,rand_write,2,results\external_ssd\sustained_rand_write_300s_qd32_repeat3\sustained_rand_write_300s_qd32_repeat3_run2.json
106080.0,106.08,178.75390625,45761.0,,sustained_rand_write_300s_qd32_repeat3,rand_write,2,results\external_ssd\sustained_rand_write_300s_qd32_repeat3\sustained_rand_write_300s_qd32_repeat3_run2.json
107000.0,107.0,,,374.993,sustained_rand_write_300s_qd32_repeat3,rand_write,2,results\external_ssd\sustained_rand_write_300s_qd32_repeat3\sustained_rand_write_300s_qd32_repeat3_run2.json
107081.0,107.081,166.1884765625,42544.0,,sustained_rand_write_300s_qd32_repeat3,rand_write,2,results\external_ssd\sustained_rand_write_300s_qd32_repeat3\sustained_rand_write_300s_qd32_repeat3_run2.json
108000.0,108.0,,,369.19,sustained_rand_write_300s_qd32_repeat3,rand_write,2,results\external_ssd\sustained_rand_write_300s_qd32_repeat3\sustained_rand_write_300s_qd32_repeat3_run2.json
108081.0,108.081,175.8984375,45030.0,,sustained_rand_write_300s_qd32_repeat3,rand_write,2,results\external_ssd\sustained_rand_write_300s_qd32_repeat3\sustained_rand_write_300s_qd32_repeat3_run2.json
109000.0,109.0,,,375.067,sustained_rand_write_300s_qd32_repeat3,rand_write,2,results\external_ssd\sustained_rand_write_300s_qd32_repeat3\sustained_rand_write_300s_qd32_repeat3_run2.json
109081.0,109.081,171.609375,43932.0,,sustained_rand_write_300s_qd32_repeat3,rand_write,2,results\external_ssd\sustained_rand_write_300s_qd32_repeat3\sustained_rand_write_300s_qd32_repeat3_run2.json
110000.0,110.0,,,369.82,sustained_rand_write_300s_qd32_repeat3,rand_write,2,results\external_ssd\sustained_rand_write_300s_qd32_repeat3\sustained_rand_write_300s_qd32_repeat3_run2.json
110083.0,110.083,171.5703125,43922.0,,sustained_rand_write_300s_qd32_repeat3,rand_write,2,results\external_ssd\sustained_rand_write_300s_qd32_repeat3\sustained_rand_write_300s_qd32_repeat3_run2.json
111000.0,111.0,,,399.51,sustained_rand_write_300s_qd32_repeat3,rand_write,2,results\external_ssd\sustained_rand_write_300s_qd32_repeat3\sustained_rand_write_300s_qd32_repeat3_run2.json
111083.0,111.083,161.6484375,41382.0,,sustained_rand_write_300s_qd32_repeat3,rand_write,2,results\external_ssd\sustained_rand_write_300s_qd32_repeat3\sustained_rand_write_300s_qd32_repeat3_run2.json
112000.0,112.0,,,440.612,sustained_rand_write_300s_qd32_repeat3,rand_write,2,results\external_ssd\sustained_rand_write_300s_qd32_repeat3\sustained_rand_write_300s_qd32_repeat3_run2.json
112083.0,112.083,147.91796875,37867.0,,sustained_rand_write_300s_qd32_repeat3,rand_write,2,results\external_ssd\sustained_rand_write_300s_qd32_repeat3\sustained_rand_write_300s_qd32_repeat3_run2.json
113000.0,113.0,,,411.677,sustained_rand_write_300s_qd32_repeat3,rand_write,2,results\external_ssd\sustained_rand_write_300s_qd32_repeat3\sustained_rand_write_300s_qd32_repeat3_run2.json
113084.0,113.084,156.87890625,40161.0,,sustained_rand_write_300s_qd32_repeat3,rand_write,2,results\external_ssd\sustained_rand_write_300s_qd32_repeat3\sustained_rand_write_300s_qd32_repeat3_run2.json
114000.0,114.0,,,376.936,sustained_rand_write_300s_qd32_repeat3,rand_write,2,results\external_ssd\sustained_rand_write_300s_qd32_repeat3\sustained_rand_write_300s_qd32_repeat3_run2.json
114085.0,114.085,171.1171875,43806.0,,sustained_rand_write_300s_qd32_repeat3,rand_write,2,results\external_ssd\sustained_rand_write_300s_qd32_repeat3\sustained_rand_write_300s_qd32_repeat3_run2.json
115000.0,115.0,,,387.653,sustained_rand_write_300s_qd32_repeat3,rand_write,2,results\external_ssd\sustained_rand_write_300s_qd32_repeat3\sustained_rand_write_300s_qd32_repeat3_run2.json
115085.0,115.085,162.50390625,41601.0,,sustained_rand_write_300s_qd32_repeat3,rand_write,2,results\external_ssd\sustained_rand_write_300s_qd32_repeat3\sustained_rand_write_300s_qd32_repeat3_run2.json
116000.0,116.0,,,336.351,sustained_rand_write_300s_qd32_repeat3,rand_write,2,results\external_ssd\sustained_rand_write_300s_qd32_repeat3\sustained_rand_write_300s_qd32_repeat3_run2.json
116086.0,116.086,192.11328125,49181.0,,sustained_rand_write_300s_qd32_repeat3,rand_write,2,results\external_ssd\sustained_rand_write_300s_qd32_repeat3\sustained_rand_write_300s_qd32_repeat3_run2.json
117000.0,117.0,,,343.883,sustained_rand_write_300s_qd32_repeat3,rand_write,2,results\external_ssd\sustained_rand_write_300s_qd32_repeat3\sustained_rand_write_300s_qd32_repeat3_run2.json
117087.0,117.087,187.05078125,47885.0,,sustained_rand_write_300s_qd32_repeat3,rand_write,2,results\external_ssd\sustained_rand_write_300s_qd32_repeat3\sustained_rand_write_300s_qd32_repeat3_run2.json
118000.0,118.0,,,397.423,sustained_rand_write_300s_qd32_repeat3,rand_write,2,results\external_ssd\sustained_rand_write_300s_qd32_repeat3\sustained_rand_write_300s_qd32_repeat3_run2.json
118088.0,118.088,157.634765625,40354.0,,sustained_rand_write_300s_qd32_repeat3,rand_write,2,results\external_ssd\sustained_rand_write_300s_qd32_repeat3\sustained_rand_write_300s_qd32_repeat3_run2.json
119000.0,119.0,,,430.631,sustained_rand_write_300s_qd32_repeat3,rand_write,2,results\external_ssd\sustained_rand_write_300s_qd32_repeat3\sustained_rand_write_300s_qd32_repeat3_run2.json
119088.0,119.088,149.78125,38344.0,,sustained_rand_write_300s_qd32_repeat3,rand_write,2,results\external_ssd\sustained_rand_write_300s_qd32_repeat3\sustained_rand_write_300s_qd32_repeat3_run2.json
120000.0,120.0,,,438.379,sustained_rand_write_300s_qd32_repeat3,rand_write,2,results\external_ssd\sustained_rand_write_300s_qd32_repeat3\sustained_rand_write_300s_qd32_repeat3_run2.json
120088.0,120.088,145.49609375,37247.0,,sustained_rand_write_300s_qd32_repeat3,rand_write,2,results\external_ssd\sustained_rand_write_300s_qd32_repeat3\sustained_rand_write_300s_qd32_repeat3_run2.json
121000.0,121.0,,,418.335,sustained_rand_write_300s_qd32_repeat3,rand_write,2,results\external_ssd\sustained_rand_write_300s_qd32_repeat3\sustained_rand_write_300s_qd32_repeat3_run2.json
121089.0,121.089,150.94921875,38643.0,,sustained_rand_write_300s_qd32_repeat3,rand_write,2,results\external_ssd\sustained_rand_write_300s_qd32_repeat3\sustained_rand_write_300s_qd32_repeat3_run2.json
122000.0,122.0,,,426.391,sustained_rand_write_300s_qd32_repeat3,rand_write,2,results\external_ssd\sustained_rand_write_300s_qd32_repeat3\sustained_rand_write_300s_qd32_repeat3_run2.json
122090.0,122.09,152.69140625,39089.0,,sustained_rand_write_300s_qd32_repeat3,rand_write,2,results\external_ssd\sustained_rand_write_300s_qd32_repeat3\sustained_rand_write_300s_qd32_repeat3_run2.json
123000.0,123.0,,,403.477,sustained_rand_write_300s_qd32_repeat3,rand_write,2,results\external_ssd\sustained_rand_write_300s_qd32_repeat3\sustained_rand_write_300s_qd32_repeat3_run2.json
123091.0,123.091,160.93359375,41199.0,,sustained_rand_write_300s_qd32_repeat3,rand_write,2,results\external_ssd\sustained_rand_write_300s_qd32_repeat3\sustained_rand_write_300s_qd32_repeat3_run2.json
124000.0,124.0,,,446.91,sustained_rand_write_300s_qd32_repeat3,rand_write,2,results\external_ssd\sustained_rand_write_300s_qd32_repeat3\sustained_rand_write_300s_qd32_repeat3_run2.json
124091.0,124.091,140.640625,36004.0,,sustained_rand_write_300s_qd32_repeat3,rand_write,2,results\external_ssd\sustained_rand_write_300s_qd32_repeat3\sustained_rand_write_300s_qd32_repeat3_run2.json
125000.0,125.0,,,443.247,sustained_rand_write_300s_qd32_repeat3,rand_write,2,results\external_ssd\sustained_rand_write_300s_qd32_repeat3\sustained_rand_write_300s_qd32_repeat3_run2.json
125092.0,125.092,143.8125,36816.0,,sustained_rand_write_300s_qd32_repeat3,rand_write,2,results\external_ssd\sustained_rand_write_300s_qd32_repeat3\sustained_rand_write_300s_qd32_repeat3_run2.json
126000.0,126.0,,,402.716,sustained_rand_write_300s_qd32_repeat3,rand_write,2,results\external_ssd\sustained_rand_write_300s_qd32_repeat3\sustained_rand_write_300s_qd32_repeat3_run2.json
126093.0,126.093,159.1181640625,40734.0,,sustained_rand_write_300s_qd32_repeat3,rand_write,2,results\external_ssd\sustained_rand_write_300s_qd32_repeat3\sustained_rand_write_300s_qd32_repeat3_run2.json
127000.0,127.0,,,443.554,sustained_rand_write_300s_qd32_repeat3,rand_write,2,results\external_ssd\sustained_rand_write_300s_qd32_repeat3\sustained_rand_write_300s_qd32_repeat3_run2.json
127094.0,127.094,144.671875,37036.0,,sustained_rand_write_300s_qd32_repeat3,rand_write,2,results\external_ssd\sustained_rand_write_300s_qd32_repeat3\sustained_rand_write_300s_qd32_repeat3_run2.json
128000.0,128.0,,,409.952,sustained_rand_write_300s_qd32_repeat3,rand_write,2,results\external_ssd\sustained_rand_write_300s_qd32_repeat3\sustained_rand_write_300s_qd32_repeat3_run2.json
128094.0,128.094,156.2109375,39990.0,,sustained_rand_write_300s_qd32_repeat3,rand_write,2,results\external_ssd\sustained_rand_write_300s_qd32_repeat3\sustained_rand_write_300s_qd32_repeat3_run2.json
129000.0,129.0,,,479.654,sustained_rand_write_300s_qd32_repeat3,rand_write,2,results\external_ssd\sustained_rand_write_300s_qd32_repeat3\sustained_rand_write_300s_qd32_repeat3_run2.json
129095.0,129.095,133.4453125,34162.0,,sustained_rand_write_300s_qd32_repeat3,rand_write,2,results\external_ssd\sustained_rand_write_300s_qd32_repeat3\sustained_rand_write_300s_qd32_repeat3_run2.json
130000.0,130.0,,,373.919,sustained_rand_write_300s_qd32_repeat3,rand_write,2,results\external_ssd\sustained_rand_write_300s_qd32_repeat3\sustained_rand_write_300s_qd32_repeat3_run2.json
130095.0,130.095,174.2890625,44618.0,,sustained_rand_write_300s_qd32_repeat3,rand_write,2,results\external_ssd\sustained_rand_write_300s_qd32_repeat3\sustained_rand_write_300s_qd32_repeat3_run2.json
131000.0,131.0,,,348.104,sustained_rand_write_300s_qd32_repeat3,rand_write,2,results\external_ssd\sustained_rand_write_300s_qd32_repeat3\sustained_rand_write_300s_qd32_repeat3_run2.json
131096.0,131.096,182.8515625,46810.0,,sustained_rand_write_300s_qd32_repeat3,rand_write,2,results\external_ssd\sustained_rand_write_300s_qd32_repeat3\sustained_rand_write_300s_qd32_repeat3_run2.json
132000.0,132.0,,,354.642,sustained_rand_write_300s_qd32_repeat3,rand_write,2,results\external_ssd\sustained_rand_write_300s_qd32_repeat3\sustained_rand_write_300s_qd32_repeat3_run2.json
132096.0,132.096,182.39453125,46693.0,,sustained_rand_write_300s_qd32_repeat3,rand_write,2,results\external_ssd\sustained_rand_write_300s_qd32_repeat3\sustained_rand_write_300s_qd32_repeat3_run2.json
133000.0,133.0,,,347.973,sustained_rand_write_300s_qd32_repeat3,rand_write,2,results\external_ssd\sustained_rand_write_300s_qd32_repeat3\sustained_rand_write_300s_qd32_repeat3_run2.json
133096.0,133.096,184.640625,47268.0,,sustained_rand_write_300s_qd32_repeat3,rand_write,2,results\external_ssd\sustained_rand_write_300s_qd32_repeat3\sustained_rand_write_300s_qd32_repeat3_run2.json
134000.0,134.0,,,400.514,sustained_rand_write_300s_qd32_repeat3,rand_write,2,results\external_ssd\sustained_rand_write_300s_qd32_repeat3\sustained_rand_write_300s_qd32_repeat3_run2.json
134097.0,134.097,155.0166015625,39684.0,,sustained_rand_write_300s_qd32_repeat3,rand_write,2,results\external_ssd\sustained_rand_write_300s_qd32_repeat3\sustained_rand_write_300s_qd32_repeat3_run2.json
135000.0,135.0,,,426.443,sustained_rand_write_300s_qd32_repeat3,rand_write,2,results\external_ssd\sustained_rand_write_300s_qd32_repeat3\sustained_rand_write_300s_qd32_repeat3_run2.json
135098.0,135.098,150.96875,38648.0,,sustained_rand_write_300s_qd32_repeat3,rand_write,2,results\external_ssd\sustained_rand_write_300s_qd32_repeat3\sustained_rand_write_300s_qd32_repeat3_run2.json
136000.0,136.0,,,438.06,sustained_rand_write_300s_qd32_repeat3,rand_write,2,results\external_ssd\sustained_rand_write_300s_qd32_repeat3\sustained_rand_write_300s_qd32_repeat3_run2.json
136099.0,136.099,145.79296875,37323.0,,sustained_rand_write_300s_qd32_repeat3,rand_write,2,results\external_ssd\sustained_rand_write_300s_qd32_repeat3\sustained_rand_write_300s_qd32_repeat3_run2.json
137000.0,137.0,,,432.596,sustained_rand_write_300s_qd32_repeat3,rand_write,2,results\external_ssd\sustained_rand_write_300s_qd32_repeat3\sustained_rand_write_300s_qd32_repeat3_run2.json
137099.0,137.099,143.21484375,36663.0,,sustained_rand_write_300s_qd32_repeat3,rand_write,2,results\external_ssd\sustained_rand_write_300s_qd32_repeat3\sustained_rand_write_300s_qd32_repeat3_run2.json
138000.0,138.0,,,436.463,sustained_rand_write_300s_qd32_repeat3,rand_write,2,results\external_ssd\sustained_rand_write_300s_qd32_repeat3\sustained_rand_write_300s_qd32_repeat3_run2.json
138100.0,138.1,146.08984375,37399.0,,sustained_rand_write_300s_qd32_repeat3,rand_write,2,results\external_ssd\sustained_rand_write_300s_qd32_repeat3\sustained_rand_write_300s_qd32_repeat3_run2.json
139000.0,139.0,,,506.505,sustained_rand_write_300s_qd32_repeat3,rand_write,2,results\external_ssd\sustained_rand_write_300s_qd32_repeat3\sustained_rand_write_300s_qd32_repeat3_run2.json
139101.0,139.101,127.92578125,32749.0,,sustained_rand_write_300s_qd32_repeat3,rand_write,2,results\external_ssd\sustained_rand_write_300s_qd32_repeat3\sustained_rand_write_300s_qd32_repeat3_run2.json
140000.0,140.0,,,452.322,sustained_rand_write_300s_qd32_repeat3,rand_write,2,results\external_ssd\sustained_rand_write_300s_qd32_repeat3\sustained_rand_write_300s_qd32_repeat3_run2.json
140102.0,140.102,143.5,36736.0,,sustained_rand_write_300s_qd32_repeat3,rand_write,2,results\external_ssd\sustained_rand_write_300s_qd32_repeat3\sustained_rand_write_300s_qd32_repeat3_run2.json
141000.0,141.0,,,405.635,sustained_rand_write_300s_qd32_repeat3,rand_write,2,results\external_ssd\sustained_rand_write_300s_qd32_repeat3\sustained_rand_write_300s_qd32_repeat3_run2.json
141102.0,141.102,158.1640625,40490.0,,sustained_rand_write_300s_qd32_repeat3,rand_write,2,results\external_ssd\sustained_rand_write_300s_qd32_repeat3\sustained_rand_write_300s_qd32_repeat3_run2.json
142000.0,142.0,,,360.851,sustained_rand_write_300s_qd32_repeat3,rand_write,2,results\external_ssd\sustained_rand_write_300s_qd32_repeat3\sustained_rand_write_300s_qd32_repeat3_run2.json
142102.0,142.102,180.69921875,46259.0,,sustained_rand_write_300s_qd32_repeat3,rand_write,2,results\external_ssd\sustained_rand_write_300s_qd32_repeat3\sustained_rand_write_300s_qd32_repeat3_run2.json
143000.0,143.0,,,358.738,sustained_rand_write_300s_qd32_repeat3,rand_write,2,results\external_ssd\sustained_rand_write_300s_qd32_repeat3\sustained_rand_write_300s_qd32_repeat3_run2.json
143104.0,143.104,175.4375,44912.0,,sustained_rand_write_300s_qd32_repeat3,rand_write,2,results\external_ssd\sustained_rand_write_300s_qd32_repeat3\sustained_rand_write_300s_qd32_repeat3_run2.json
144000.0,144.0,,,353.288,sustained_rand_write_300s_qd32_repeat3,rand_write,2,results\external_ssd\sustained_rand_write_300s_qd32_repeat3\sustained_rand_write_300s_qd32_repeat3_run2.json
144105.0,144.105,179.39453125,45925.0,,sustained_rand_write_300s_qd32_repeat3,rand_write,2,results\external_ssd\sustained_rand_write_300s_qd32_repeat3\sustained_rand_write_300s_qd32_repeat3_run2.json
145000.0,145.0,,,366.273,sustained_rand_write_300s_qd32_repeat3,rand_write,2,results\external_ssd\sustained_rand_write_300s_qd32_repeat3\sustained_rand_write_300s_qd32_repeat3_run2.json
145106.0,145.106,181.419921875,46443.0,,sustained_rand_write_300s_qd32_repeat3,rand_write,2,results\external_ssd\sustained_rand_write_300s_qd32_repeat3\sustained_rand_write_300s_qd32_repeat3_run2.json
146000.0,146.0,,,417.63,sustained_rand_write_300s_qd32_repeat3,rand_write,2,results\external_ssd\sustained_rand_write_300s_qd32_repeat3\sustained_rand_write_300s_qd32_repeat3_run2.json
146108.0,146.108,144.515625,36996.0,,sustained_rand_write_300s_qd32_repeat3,rand_write,2,results\external_ssd\sustained_rand_write_300s_qd32_repeat3\sustained_rand_write_300s_qd32_repeat3_run2.json
147000.0,147.0,,,426.259,sustained_rand_write_300s_qd32_repeat3,rand_write,2,results\external_ssd\sustained_rand_write_300s_qd32_repeat3\sustained_rand_write_300s_qd32_repeat3_run2.json
147108.0,147.108,151.26953125,38725.0,,sustained_rand_write_300s_qd32_repeat3,rand_write,2,results\external_ssd\sustained_rand_write_300s_qd32_repeat3\sustained_rand_write_300s_qd32_repeat3_run2.json
148000.0,148.0,,,427.351,sustained_rand_write_300s_qd32_repeat3,rand_write,2,results\external_ssd\sustained_rand_write_300s_qd32_repeat3\sustained_rand_write_300s_qd32_repeat3_run2.json
148109.0,148.109,152.44140625,39025.0,,sustained_rand_write_300s_qd32_repeat3,rand_write,2,results\external_ssd\sustained_rand_write_300s_qd32_repeat3\sustained_rand_write_300s_qd32_repeat3_run2.json
149000.0,149.0,,,405.923,sustained_rand_write_300s_qd32_repeat3,rand_write,2,results\external_ssd\sustained_rand_write_300s_qd32_repeat3\sustained_rand_write_300s_qd32_repeat3_run2.json
149110.0,149.11,158.734375,40636.0,,sustained_rand_write_300s_qd32_repeat3,rand_write,2,results\external_ssd\sustained_rand_write_300s_qd32_repeat3\sustained_rand_write_300s_qd32_repeat3_run2.json
150000.0,150.0,,,359.302,sustained_rand_write_300s_qd32_repeat3,rand_write,2,results\external_ssd\sustained_rand_write_300s_qd32_repeat3\sustained_rand_write_300s_qd32_repeat3_run2.json
150111.0,150.111,183.59375,47000.0,,sustained_rand_write_300s_qd32_repeat3,rand_write,2,results\external_ssd\sustained_rand_write_300s_qd32_repeat3\sustained_rand_write_300s_qd32_repeat3_run2.json
151000.0,151.0,,,366.125,sustained_rand_write_300s_qd32_repeat3,rand_write,2,results\external_ssd\sustained_rand_write_300s_qd32_repeat3\sustained_rand_write_300s_qd32_repeat3_run2.json
151111.0,151.111,172.3515625,44122.0,,sustained_rand_write_300s_qd32_repeat3,rand_write,2,results\external_ssd\sustained_rand_write_300s_qd32_repeat3\sustained_rand_write_300s_qd32_repeat3_run2.json
152000.0,152.0,,,343.27,sustained_rand_write_300s_qd32_repeat3,rand_write,2,results\external_ssd\sustained_rand_write_300s_qd32_repeat3\sustained_rand_write_300s_qd32_repeat3_run2.json
152111.0,152.111,187.046875,47884.0,,sustained_rand_write_300s_qd32_repeat3,rand_write,2,results\external_ssd\sustained_rand_write_300s_qd32_repeat3\sustained_rand_write_300s_qd32_repeat3_run2.json
153000.0,153.0,,,357.633,sustained_rand_write_300s_qd32_repeat3,rand_write,2,results\external_ssd\sustained_rand_write_300s_qd32_repeat3\sustained_rand_write_300s_qd32_repeat3_run2.json
153112.0,153.112,179.421875,45932.0,,sustained_rand_write_300s_qd32_repeat3,rand_write,2,results\external_ssd\sustained_rand_write_300s_qd32_repeat3\sustained_rand_write_300s_qd32_repeat3_run2.json
154000.0,154.0,,,418.617,sustained_rand_write_300s_qd32_repeat3,rand_write,2,results\external_ssd\sustained_rand_write_300s_qd32_repeat3\sustained_rand_write_300s_qd32_repeat3_run2.json
154113.0,154.113,149.0458984375,38155.0,,sustained_rand_write_300s_qd32_repeat3,rand_write,2,results\external_ssd\sustained_rand_write_300s_qd32_repeat3\sustained_rand_write_300s_qd32_repeat3_run2.json
155000.0,155.0,,,403.839,sustained_rand_write_300s_qd32_repeat3,rand_write,2,results\external_ssd\sustained_rand_write_300s_qd32_repeat3\sustained_rand_write_300s_qd32_repeat3_run2.json
155114.0,155.114,158.328125,40532.0,,sustained_rand_write_300s_qd32_repeat3,rand_write,2,results\external_ssd\sustained_rand_write_300s_qd32_repeat3\sustained_rand_write_300s_qd32_repeat3_run2.json
156000.0,156.0,,,439.855,sustained_rand_write_300s_qd32_repeat3,rand_write,2,results\external_ssd\sustained_rand_write_300s_qd32_repeat3\sustained_rand_write_300s_qd32_repeat3_run2.json
156115.0,156.115,146.431640625,37486.0,,sustained_rand_write_300s_qd32_repeat3,rand_write,2,results\external_ssd\sustained_rand_write_300s_qd32_repeat3\sustained_rand_write_300s_qd32_repeat3_run2.json
157000.0,157.0,,,444.857,sustained_rand_write_300s_qd32_repeat3,rand_write,2,results\external_ssd\sustained_rand_write_300s_qd32_repeat3\sustained_rand_write_300s_qd32_repeat3_run2.json
157116.0,157.116,145.4990234375,37247.0,,sustained_rand_write_300s_qd32_repeat3,rand_write,2,results\external_ssd\sustained_rand_write_300s_qd32_repeat3\sustained_rand_write_300s_qd32_repeat3_run2.json
158000.0,158.0,,,368.747,sustained_rand_write_300s_qd32_repeat3,rand_write,2,results\external_ssd\sustained_rand_write_300s_qd32_repeat3\sustained_rand_write_300s_qd32_repeat3_run2.json
158116.0,158.116,177.234375,45372.0,,sustained_rand_write_300s_qd32_repeat3,rand_write,2,results\external_ssd\sustained_rand_write_300s_qd32_repeat3\sustained_rand_write_300s_qd32_repeat3_run2.json
159000.0,159.0,,,367.809,sustained_rand_write_300s_qd32_repeat3,rand_write,2,results\external_ssd\sustained_rand_write_300s_qd32_repeat3\sustained_rand_write_300s_qd32_repeat3_run2.json
159116.0,159.116,174.01953125,44549.0,,sustained_rand_write_300s_qd32_repeat3,rand_write,2,results\external_ssd\sustained_rand_write_300s_qd32_repeat3\sustained_rand_write_300s_qd32_repeat3_run2.json
160000.0,160.0,,,341.451,sustained_rand_write_300s_qd32_repeat3,rand_write,2,results\external_ssd\sustained_rand_write_300s_qd32_repeat3\sustained_rand_write_300s_qd32_repeat3_run2.json
160118.0,160.118,187.5576171875,48014.0,,sustained_rand_write_300s_qd32_repeat3,rand_write,2,results\external_ssd\sustained_rand_write_300s_qd32_repeat3\sustained_rand_write_300s_qd32_repeat3_run2.json
161000.0,161.0,,,350.74,sustained_rand_write_300s_qd32_repeat3,rand_write,2,results\external_ssd\sustained_rand_write_300s_qd32_repeat3\sustained_rand_write_300s_qd32_repeat3_run2.json
161118.0,161.118,180.3828125,46178.0,,sustained_rand_write_300s_qd32_repeat3,rand_write,2,results\external_ssd\sustained_rand_write_300s_qd32_repeat3\sustained_rand_write_300s_qd32_repeat3_run2.json
162000.0,162.0,,,381.128,sustained_rand_write_300s_qd32_repeat3,rand_write,2,results\external_ssd\sustained_rand_write_300s_qd32_repeat3\sustained_rand_write_300s_qd32_repeat3_run2.json
162119.0,162.119,167.6640625,42922.0,,sustained_rand_write_300s_qd32_repeat3,rand_write,2,results\external_ssd\sustained_rand_write_300s_qd32_repeat3\sustained_rand_write_300s_qd32_repeat3_run2.json
163000.0,163.0,,,341.765,sustained_rand_write_300s_qd32_repeat3,rand_write,2,results\external_ssd\sustained_rand_write_300s_qd32_repeat3\sustained_rand_write_300s_qd32_repeat3_run2.json
163119.0,163.119,186.37109375,47711.0,,sustained_rand_write_300s_qd32_repeat3,rand_write,2,results\external_ssd\sustained_rand_write_300s_qd32_repeat3\sustained_rand_write_300s_qd32_repeat3_run2.json
164000.0,164.0,,,369.19,sustained_rand_write_300s_qd32_repeat3,rand_write,2,results\external_ssd\sustained_rand_write_300s_qd32_repeat3\sustained_rand_write_300s_qd32_repeat3_run2.json
164120.0,164.12,179.21875,45880.0,,sustained_rand_write_300s_qd32_repeat3,rand_write,2,results\external_ssd\sustained_rand_write_300s_qd32_repeat3\sustained_rand_write_300s_qd32_repeat3_run2.json
165000.0,165.0,,,356.434,sustained_rand_write_300s_qd32_repeat3,rand_write,2,results\external_ssd\sustained_rand_write_300s_qd32_repeat3\sustained_rand_write_300s_qd32_repeat3_run2.json
165120.0,165.12,180.2421875,46142.0,,sustained_rand_write_300s_qd32_repeat3,rand_write,2,results\external_ssd\sustained_rand_write_300s_qd32_repeat3\sustained_rand_write_300s_qd32_repeat3_run2.json
166000.0,166.0,,,390.018,sustained_rand_write_300s_qd32_repeat3,rand_write,2,results\external_ssd\sustained_rand_write_300s_qd32_repeat3\sustained_rand_write_300s_qd32_repeat3_run2.json
166120.0,166.12,157.84375,40408.0,,sustained_rand_write_300s_qd32_repeat3,rand_write,2,results\external_ssd\sustained_rand_write_300s_qd32_repeat3\sustained_rand_write_300s_qd32_repeat3_run2.json
167000.0,167.0,,,463.198,sustained_rand_write_300s_qd32_repeat3,rand_write,2,results\external_ssd\sustained_rand_write_300s_qd32_repeat3\sustained_rand_write_300s_qd32_repeat3_run2.json
167121.0,167.121,132.99609375,34047.0,,sustained_rand_write_300s_qd32_repeat3,rand_write,2,results\external_ssd\sustained_rand_write_300s_qd32_repeat3\sustained_rand_write_300s_qd32_repeat3_run2.json
168001.0,168.001,,,485.4,sustained_rand_write_300s_qd32_repeat3,rand_write,2,results\external_ssd\sustained_rand_write_300s_qd32_repeat3\sustained_rand_write_300s_qd32_repeat3_run2.json
168122.0,168.122,131.84765625,33753.0,,sustained_rand_write_300s_qd32_repeat3,rand_write,2,results\external_ssd\sustained_rand_write_300s_qd32_repeat3\sustained_rand_write_300s_qd32_repeat3_run2.json
169000.0,169.0,,,468.95,sustained_rand_write_300s_qd32_repeat3,rand_write,2,results\external_ssd\sustained_rand_write_300s_qd32_repeat3\sustained_rand_write_300s_qd32_repeat3_run2.json
169123.0,169.123,138.37890625,35425.0,,sustained_rand_write_300s_qd32_repeat3,rand_write,2,results\external_ssd\sustained_rand_write_300s_qd32_repeat3\sustained_rand_write_300s_qd32_repeat3_run2.json
170000.0,170.0,,,520.868,sustained_rand_write_300s_qd32_repeat3,rand_write,2,results\external_ssd\sustained_rand_write_300s_qd32_repeat3\sustained_rand_write_300s_qd32_repeat3_run2.json
170123.0,170.123,120.28515625,30793.0,,sustained_rand_write_300s_qd32_repeat3,rand_write,2,results\external_ssd\sustained_rand_write_300s_qd32_repeat3\sustained_rand_write_300s_qd32_repeat3_run2.json
171000.0,171.0,,,426.674,sustained_rand_write_300s_qd32_repeat3,rand_write,2,results\external_ssd\sustained_rand_write_300s_qd32_repeat3\sustained_rand_write_300s_qd32_repeat3_run2.json
171123.0,171.123,154.98828125,39677.0,,sustained_rand_write_300s_qd32_repeat3,rand_write,2,results\external_ssd\sustained_rand_write_300s_qd32_repeat3\sustained_rand_write_300s_qd32_repeat3_run2.json
172000.0,172.0,,,437.301,sustained_rand_write_300s_qd32_repeat3,rand_write,2,results\external_ssd\sustained_rand_write_300s_qd32_repeat3\sustained_rand_write_300s_qd32_repeat3_run2.json
172124.0,172.124,146.2890625,37450.0,,sustained_rand_write_300s_qd32_repeat3,rand_write,2,results\external_ssd\sustained_rand_write_300s_qd32_repeat3\sustained_rand_write_300s_qd32_repeat3_run2.json
173000.0,173.0,,,412.112,sustained_rand_write_300s_qd32_repeat3,rand_write,2,results\external_ssd\sustained_rand_write_300s_qd32_repeat3\sustained_rand_write_300s_qd32_repeat3_run2.json
173125.0,173.125,151.8984375,38886.0,,sustained_rand_write_300s_qd32_repeat3,rand_write,2,results\external_ssd\sustained_rand_write_300s_qd32_repeat3\sustained_rand_write_300s_qd32_repeat3_run2.json
174000.0,174.0,,,356.179,sustained_rand_write_300s_qd32_repeat3,rand_write,2,results\external_ssd\sustained_rand_write_300s_qd32_repeat3\sustained_rand_write_300s_qd32_repeat3_run2.json
174125.0,174.125,184.7109375,47286.0,,sustained_rand_write_300s_qd32_repeat3,rand_write,2,results\external_ssd\sustained_rand_write_300s_qd32_repeat3\sustained_rand_write_300s_qd32_repeat3_run2.json
175000.0,175.0,,,404.114,sustained_rand_write_300s_qd32_repeat3,rand_write,2,results\external_ssd\sustained_rand_write_300s_qd32_repeat3\sustained_rand_write_300s_qd32_repeat3_run2.json
175126.0,175.126,152.9716796875,39160.0,,sustained_rand_write_300s_qd32_repeat3,rand_write,2,results\external_ssd\sustained_rand_write_300s_qd32_repeat3\sustained_rand_write_300s_qd32_repeat3_run2.json
176005.0,176.005,,,774.939,sustained_rand_write_300s_qd32_repeat3,rand_write,2,results\external_ssd\sustained_rand_write_300s_qd32_repeat3\sustained_rand_write_300s_qd32_repeat3_run2.json
176126.0,176.126,73.90234375,18919.0,,sustained_rand_write_300s_qd32_repeat3,rand_write,2,results\external_ssd\sustained_rand_write_300s_qd32_repeat3\sustained_rand_write_300s_qd32_repeat3_run2.json
177000.0,177.0,,,695.496,sustained_rand_write_300s_qd32_repeat3,rand_write,2,results\external_ssd\sustained_rand_write_300s_qd32_repeat3\sustained_rand_write_300s_qd32_repeat3_run2.json
177126.0,177.126,96.75390625,24769.0,,sustained_rand_write_300s_qd32_repeat3,rand_write,2,results\external_ssd\sustained_rand_write_300s_qd32_repeat3\sustained_rand_write_300s_qd32_repeat3_run2.json
178000.0,178.0,,,627.379,sustained_rand_write_300s_qd32_repeat3,rand_write,2,results\external_ssd\sustained_rand_write_300s_qd32_repeat3\sustained_rand_write_300s_qd32_repeat3_run2.json
178127.0,178.127,99.9140625,25578.0,,sustained_rand_write_300s_qd32_repeat3,rand_write,2,results\external_ssd\sustained_rand_write_300s_qd32_repeat3\sustained_rand_write_300s_qd32_repeat3_run2.json
179000.0,179.0,,,472.771,sustained_rand_write_300s_qd32_repeat3,rand_write,2,results\external_ssd\sustained_rand_write_300s_qd32_repeat3\sustained_rand_write_300s_qd32_repeat3_run2.json
179127.0,179.127,132.68359375,33967.0,,sustained_rand_write_300s_qd32_repeat3,rand_write,2,results\external_ssd\sustained_rand_write_300s_qd32_repeat3\sustained_rand_write_300s_qd32_repeat3_run2.json
180000.0,180.0,,,637.713,sustained_rand_write_300s_qd32_repeat3,rand_write,2,results\external_ssd\sustained_rand_write_300s_qd32_repeat3\sustained_rand_write_300s_qd32_repeat3_run2.json
180128.0,180.128,98.94140625,25329.0,,sustained_rand_write_300s_qd32_repeat3,rand_write,2,results\external_ssd\sustained_rand_write_300s_qd32_repeat3\sustained_rand_write_300s_qd32_repeat3_run2.json
181000.0,181.0,,,508.827,sustained_rand_write_300s_qd32_repeat3,rand_write,2,results\external_ssd\sustained_rand_write_300s_qd32_repeat3\sustained_rand_write_300s_qd32_repeat3_run2.json
181129.0,181.129,127.7470703125,32703.0,,sustained_rand_write_300s_qd32_repeat3,rand_write,2,results\external_ssd\sustained_rand_write_300s_qd32_repeat3\sustained_rand_write_300s_qd32_repeat3_run2.json
182001.0,182.001,,,461.889,sustained_rand_write_300s_qd32_repeat3,rand_write,2,results\external_ssd\sustained_rand_write_300s_qd32_repeat3\sustained_rand_write_300s_qd32_repeat3_run2.json
182130.0,182.13,127.7421875,32702.0,,sustained_rand_write_300s_qd32_repeat3,rand_write,2,results\external_ssd\sustained_rand_write_300s_qd32_repeat3\sustained_rand_write_300s_qd32_repeat3_run2.json
183000.0,183.0,,,570.332,sustained_rand_write_300s_qd32_repeat3,rand_write,2,results\external_ssd\sustained_rand_write_300s_qd32_repeat3\sustained_rand_write_300s_qd32_repeat3_run2.json
183130.0,183.13,111.96484375,28663.0,,sustained_rand_write_300s_qd32_repeat3,rand_write,2,results\external_ssd\sustained_rand_write_300s_qd32_repeat3\sustained_rand_write_300s_qd32_repeat3_run2.json
184000.0,184.0,,,770.764,sustained_rand_write_300s_qd32_repeat3,rand_write,2,results\external_ssd\sustained_rand_write_300s_qd32_repeat3\sustained_rand_write_300s_qd32_repeat3_run2.json
184131.0,184.131,78.9521484375,20211.0,,sustained_rand_write_300s_qd32_repeat3,rand_write,2,results\external_ssd\sustained_rand_write_300s_qd32_repeat3\sustained_rand_write_300s_qd32_repeat3_run2.json
185000.0,185.0,,,844.427,sustained_rand_write_300s_qd32_repeat3,rand_write,2,results\external_ssd\sustained_rand_write_300s_qd32_repeat3\sustained_rand_write_300s_qd32_repeat3_run2.json
185131.0,185.131,80.109375,20508.0,,sustained_rand_write_300s_qd32_repeat3,rand_write,2,results\external_ssd\sustained_rand_write_300s_qd32_repeat3\sustained_rand_write_300s_qd32_repeat3_run2.json
186000.0,186.0,,,570.244,sustained_rand_write_300s_qd32_repeat3,rand_write,2,results\external_ssd\sustained_rand_write_300s_qd32_repeat3\sustained_rand_write_300s_qd32_repeat3_run2.json
186132.0,186.132,111.25,28480.0,,sustained_rand_write_300s_qd32_repeat3,rand_write,2,results\external_ssd\sustained_rand_write_300s_qd32_repeat3\sustained_rand_write_300s_qd32_repeat3_run2.json
187000.0,187.0,,,558.85,sustained_rand_write_300s_qd32_repeat3,rand_write,2,results\external_ssd\sustained_rand_write_300s_qd32_repeat3\sustained_rand_write_300s_qd32_repeat3_run2.json
187133.0,187.133,112.34375,28760.0,,sustained_rand_write_300s_qd32_repeat3,rand_write,2,results\external_ssd\sustained_rand_write_300s_qd32_repeat3\sustained_rand_write_300s_qd32_repeat3_run2.json
188000.0,188.0,,,597.349,sustained_rand_write_300s_qd32_repeat3,rand_write,2,results\external_ssd\sustained_rand_write_300s_qd32_repeat3\sustained_rand_write_300s_qd32_repeat3_run2.json
188134.0,188.134,98.830078125,25300.0,,sustained_rand_write_300s_qd32_repeat3,rand_write,2,results\external_ssd\sustained_rand_write_300s_qd32_repeat3\sustained_rand_write_300s_qd32_repeat3_run2.json
189000.0,189.0,,,639.079,sustained_rand_write_300s_qd32_repeat3,rand_write,2,results\external_ssd\sustained_rand_write_300s_qd32_repeat3\sustained_rand_write_300s_qd32_repeat3_run2.json
189135.0,189.135,107.8212890625,27602.0,,sustained_rand_write_300s_qd32_repeat3,rand_write,2,results\external_ssd\sustained_rand_write_300s_qd32_repeat3\sustained_rand_write_300s_qd32_repeat3_run2.json
190001.0,190.001,,,695.853,sustained_rand_write_300s_qd32_repeat3,rand_write,2,results\external_ssd\sustained_rand_write_300s_qd32_repeat3\sustained_rand_write_300s_qd32_repeat3_run2.json
190136.0,190.136,94.51953125,24197.0,,sustained_rand_write_300s_qd32_repeat3,rand_write,2,results\external_ssd\sustained_rand_write_300s_qd32_repeat3\sustained_rand_write_300s_qd32_repeat3_run2.json
191000.0,191.0,,,737.005,sustained_rand_write_300s_qd32_repeat3,rand_write,2,results\external_ssd\sustained_rand_write_300s_qd32_repeat3\sustained_rand_write_300s_qd32_repeat3_run2.json
191136.0,191.136,76.26171875,19523.0,,sustained_rand_write_300s_qd32_repeat3,rand_write,2,results\external_ssd\sustained_rand_write_300s_qd32_repeat3\sustained_rand_write_300s_qd32_repeat3_run2.json
192000.0,192.0,,,961.055,sustained_rand_write_300s_qd32_repeat3,rand_write,2,results\external_ssd\sustained_rand_write_300s_qd32_repeat3\sustained_rand_write_300s_qd32_repeat3_run2.json
192137.0,192.137,67.794921875,17355.0,,sustained_rand_write_300s_qd32_repeat3,rand_write,2,results\external_ssd\sustained_rand_write_300s_qd32_repeat3\sustained_rand_write_300s_qd32_repeat3_run2.json
193001.0,193.001,,,814.131,sustained_rand_write_300s_qd32_repeat3,rand_write,2,results\external_ssd\sustained_rand_write_300s_qd32_repeat3\sustained_rand_write_300s_qd32_repeat3_run2.json
193138.0,193.138,77.40234375,19815.0,,sustained_rand_write_300s_qd32_repeat3,rand_write,2,results\external_ssd\sustained_rand_write_300s_qd32_repeat3\sustained_rand_write_300s_qd32_repeat3_run2.json
194000.0,194.0,,,709.45,sustained_rand_write_300s_qd32_repeat3,rand_write,2,results\external_ssd\sustained_rand_write_300s_qd32_repeat3\sustained_rand_write_300s_qd32_repeat3_run2.json
194139.0,194.139,94.7734375,24262.0,,sustained_rand_write_300s_qd32_repeat3,rand_write,2,results\external_ssd\sustained_rand_write_300s_qd32_repeat3\sustained_rand_write_300s_qd32_repeat3_run2.json
195000.0,195.0,,,568.219,sustained_rand_write_300s_qd32_repeat3,rand_write,2,results\external_ssd\sustained_rand_write_300s_qd32_repeat3\sustained_rand_write_300s_qd32_repeat3_run2.json
195139.0,195.139,109.22265625,27961.0,,sustained_rand_write_300s_qd32_repeat3,rand_write,2,results\external_ssd\sustained_rand_write_300s_qd32_repeat3\sustained_rand_write_300s_qd32_repeat3_run2.json
196000.0,196.0,,,660.837,sustained_rand_write_300s_qd32_repeat3,rand_write,2,results\external_ssd\sustained_rand_write_300s_qd32_repeat3\sustained_rand_write_300s_qd32_repeat3_run2.json
196140.0,196.14,98.69921875,25267.0,,sustained_rand_write_300s_qd32_repeat3,rand_write,2,results\external_ssd\sustained_rand_write_300s_qd32_repeat3\sustained_rand_write_300s_qd32_repeat3_run2.json
197000.0,197.0,,,560.873,sustained_rand_write_300s_qd32_repeat3,rand_write,2,results\external_ssd\sustained_rand_write_300s_qd32_repeat3\sustained_rand_write_300s_qd32_repeat3_run2.json
197140.0,197.14,113.03125,28936.0,,sustained_rand_write_300s_qd32_repeat3,rand_write,2,results\external_ssd\sustained_rand_write_300s_qd32_repeat3\sustained_rand_write_300s_qd32_repeat3_run2.json
198000.0,198.0,,,517.741,sustained_rand_write_300s_qd32_repeat3,rand_write,2,results\external_ssd\sustained_rand_write_300s_qd32_repeat3\sustained_rand_write_300s_qd32_repeat3_run2.json
198141.0,198.141,120.63671875,30883.0,,sustained_rand_write_300s_qd32_repeat3,rand_write,2,results\external_ssd\sustained_rand_write_300s_qd32_repeat3\sustained_rand_write_300s_qd32_repeat3_run2.json
199000.0,199.0,,,485.403,sustained_rand_write_300s_qd32_repeat3,rand_write,2,results\external_ssd\sustained_rand_write_300s_qd32_repeat3\sustained_rand_write_300s_qd32_repeat3_run2.json
199142.0,199.142,139.2421875,35646.0,,sustained_rand_write_300s_qd32_repeat3,rand_write,2,results\external_ssd\sustained_rand_write_300s_qd32_repeat3\sustained_rand_write_300s_qd32_repeat3_run2.json
200000.0,200.0,,,409.207,sustained_rand_write_300s_qd32_repeat3,rand_write,2,results\external_ssd\sustained_rand_write_300s_qd32_repeat3\sustained_rand_write_300s_qd32_repeat3_run2.json
200142.0,200.142,153.16015625,39209.0,,sustained_rand_write_300s_qd32_repeat3,rand_write,2,results\external_ssd\sustained_rand_write_300s_qd32_repeat3\sustained_rand_write_300s_qd32_repeat3_run2.json
201000.0,201.0,,,426.756,sustained_rand_write_300s_qd32_repeat3,rand_write,2,results\external_ssd\sustained_rand_write_300s_qd32_repeat3\sustained_rand_write_300s_qd32_repeat3_run2.json
201142.0,201.142,153.2421875,39230.0,,sustained_rand_write_300s_qd32_repeat3,rand_write,2,results\external_ssd\sustained_rand_write_300s_qd32_repeat3\sustained_rand_write_300s_qd32_repeat3_run2.json
202000.0,202.0,,,338.991,sustained_rand_write_300s_qd32_repeat3,rand_write,2,results\external_ssd\sustained_rand_write_300s_qd32_repeat3\sustained_rand_write_300s_qd32_repeat3_run2.json
202143.0,202.143,185.9921875,47614.0,,sustained_rand_write_300s_qd32_repeat3,rand_write,2,results\external_ssd\sustained_rand_write_300s_qd32_repeat3\sustained_rand_write_300s_qd32_repeat3_run2.json
203000.0,203.0,,,407.213,sustained_rand_write_300s_qd32_repeat3,rand_write,2,results\external_ssd\sustained_rand_write_300s_qd32_repeat3\sustained_rand_write_300s_qd32_repeat3_run2.json
203144.0,203.144,161.251953125,41280.0,,sustained_rand_write_300s_qd32_repeat3,rand_write,2,results\external_ssd\sustained_rand_write_300s_qd32_repeat3\sustained_rand_write_300s_qd32_repeat3_run2.json
204000.0,204.0,,,424.98,sustained_rand_write_300s_qd32_repeat3,rand_write,2,results\external_ssd\sustained_rand_write_300s_qd32_repeat3\sustained_rand_write_300s_qd32_repeat3_run2.json
204144.0,204.144,143.734375,36796.0,,sustained_rand_write_300s_qd32_repeat3,rand_write,2,results\external_ssd\sustained_rand_write_300s_qd32_repeat3\sustained_rand_write_300s_qd32_repeat3_run2.json
205001.0,205.001,,,671.402,sustained_rand_write_300s_qd32_repeat3,rand_write,2,results\external_ssd\sustained_rand_write_300s_qd32_repeat3\sustained_rand_write_300s_qd32_repeat3_run2.json
205145.0,205.145,100.88671875,25827.0,,sustained_rand_write_300s_qd32_repeat3,rand_write,2,results\external_ssd\sustained_rand_write_300s_qd32_repeat3\sustained_rand_write_300s_qd32_repeat3_run2.json
206001.0,206.001,,,548.18,sustained_rand_write_300s_qd32_repeat3,rand_write,2,results\external_ssd\sustained_rand_write_300s_qd32_repeat3\sustained_rand_write_300s_qd32_repeat3_run2.json
206145.0,206.145,109.30859375,27983.0,,sustained_rand_write_300s_qd32_repeat3,rand_write,2,results\external_ssd\sustained_rand_write_300s_qd32_repeat3\sustained_rand_write_300s_qd32_repeat3_run2.json
207001.0,207.001,,,627.251,sustained_rand_write_300s_qd32_repeat3,rand_write,2,results\external_ssd\sustained_rand_write_300s_qd32_repeat3\sustained_rand_write_300s_qd32_repeat3_run2.json
207146.0,207.146,98.876953125,25312.0,,sustained_rand_write_300s_qd32_repeat3,rand_write,2,results\external_ssd\sustained_rand_write_300s_qd32_repeat3\sustained_rand_write_300s_qd32_repeat3_run2.json
208000.0,208.0,,,569.843,sustained_rand_write_300s_qd32_repeat3,rand_write,2,results\external_ssd\sustained_rand_write_300s_qd32_repeat3\sustained_rand_write_300s_qd32_repeat3_run2.json
208147.0,208.147,108.36328125,27741.0,,sustained_rand_write_300s_qd32_repeat3,rand_write,2,results\external_ssd\sustained_rand_write_300s_qd32_repeat3\sustained_rand_write_300s_qd32_repeat3_run2.json
209002.0,209.002,,,1101.051,sustained_rand_write_300s_qd32_repeat3,rand_write,2,results\external_ssd\sustained_rand_write_300s_qd32_repeat3\sustained_rand_write_300s_qd32_repeat3_run2.json
209149.0,209.149,60.330078125,15444.0,,sustained_rand_write_300s_qd32_repeat3,rand_write,2,results\external_ssd\sustained_rand_write_300s_qd32_repeat3\sustained_rand_write_300s_qd32_repeat3_run2.json
210000.0,210.0,,,697.029,sustained_rand_write_300s_qd32_repeat3,rand_write,2,results\external_ssd\sustained_rand_write_300s_qd32_repeat3\sustained_rand_write_300s_qd32_repeat3_run2.json
210150.0,210.15,91.017578125,23300.0,,sustained_rand_write_300s_qd32_repeat3,rand_write,2,results\external_ssd\sustained_rand_write_300s_qd32_repeat3\sustained_rand_write_300s_qd32_repeat3_run2.json
211000.0,211.0,,,720.39,sustained_rand_write_300s_qd32_repeat3,rand_write,2,results\external_ssd\sustained_rand_write_300s_qd32_repeat3\sustained_rand_write_300s_qd32_repeat3_run2.json
211151.0,211.151,95.8642578125,24541.0,,sustained_rand_write_300s_qd32_repeat3,rand_write,2,results\external_ssd\sustained_rand_write_300s_qd32_repeat3\sustained_rand_write_300s_qd32_repeat3_run2.json
212000.0,212.0,,,533.989,sustained_rand_write_300s_qd32_repeat3,rand_write,2,results\external_ssd\sustained_rand_write_300s_qd32_repeat3\sustained_rand_write_300s_qd32_repeat3_run2.json
212151.0,212.151,117.17578125,29997.0,,sustained_rand_write_300s_qd32_repeat3,rand_write,2,results\external_ssd\sustained_rand_write_300s_qd32_repeat3\sustained_rand_write_300s_qd32_repeat3_run2.json
213000.0,213.0,,,593.461,sustained_rand_write_300s_qd32_repeat3,rand_write,2,results\external_ssd\sustained_rand_write_300s_qd32_repeat3\sustained_rand_write_300s_qd32_repeat3_run2.json
213150.0,213.15,111.0498046875,28428.0,,sustained_rand_write_300s_qd32_repeat3,rand_write,2,results\external_ssd\sustained_rand_write_300s_qd32_repeat3\sustained_rand_write_300s_qd32_repeat3_run2.json
214001.0,214.001,,,593.73,sustained_rand_write_300s_qd32_repeat3,rand_write,2,results\external_ssd\sustained_rand_write_300s_qd32_repeat3\sustained_rand_write_300s_qd32_repeat3_run2.json
214151.0,214.151,100.13671875,25635.0,,sustained_rand_write_300s_qd32_repeat3,rand_write,2,results\external_ssd\sustained_rand_write_300s_qd32_repeat3\sustained_rand_write_300s_qd32_repeat3_run2.json
215000.0,215.0,,,566.565,sustained_rand_write_300s_qd32_repeat3,rand_write,2,results\external_ssd\sustained_rand_write_300s_qd32_repeat3\sustained_rand_write_300s_qd32_repeat3_run2.json
215150.0,215.15,117.32421875,30035.0,,sustained_rand_write_300s_qd32_repeat3,rand_write,2,results\external_ssd\sustained_rand_write_300s_qd32_repeat3\sustained_rand_write_300s_qd32_repeat3_run2.json
216000.0,216.0,,,604.112,sustained_rand_write_300s_qd32_repeat3,rand_write,2,results\external_ssd\sustained_rand_write_300s_qd32_repeat3\sustained_rand_write_300s_qd32_repeat3_run2.json
216150.0,216.15,102.44921875,26227.0,,sustained_rand_write_300s_qd32_repeat3,rand_write,2,results\external_ssd\sustained_rand_write_300s_qd32_repeat3\sustained_rand_write_300s_qd32_repeat3_run2.json
217000.0,217.0,,,581.749,sustained_rand_write_300s_qd32_repeat3,rand_write,2,results\external_ssd\sustained_rand_write_300s_qd32_repeat3\sustained_rand_write_300s_qd32_repeat3_run2.json
217150.0,217.15,110.109375,28188.0,,sustained_rand_write_300s_qd32_repeat3,rand_write,2,results\external_ssd\sustained_rand_write_300s_qd32_repeat3\sustained_rand_write_300s_qd32_repeat3_run2.json
218000.0,218.0,,,513.584,sustained_rand_write_300s_qd32_repeat3,rand_write,2,results\external_ssd\sustained_rand_write_300s_qd32_repeat3\sustained_rand_write_300s_qd32_repeat3_run2.json
218151.0,218.151,122.453125,31348.0,,sustained_rand_write_300s_qd32_repeat3,rand_write,2,results\external_ssd\sustained_rand_write_300s_qd32_repeat3\sustained_rand_write_300s_qd32_repeat3_run2.json
219000.0,219.0,,,575.181,sustained_rand_write_300s_qd32_repeat3,rand_write,2,results\external_ssd\sustained_rand_write_300s_qd32_repeat3\sustained_rand_write_300s_qd32_repeat3_run2.json
219150.0,219.15,109.0380859375,27913.0,,sustained_rand_write_300s_qd32_repeat3,rand_write,2,results\external_ssd\sustained_rand_write_300s_qd32_repeat3\sustained_rand_write_300s_qd32_repeat3_run2.json
220000.0,220.0,,,517.198,sustained_rand_write_300s_qd32_repeat3,rand_write,2,results\external_ssd\sustained_rand_write_300s_qd32_repeat3\sustained_rand_write_300s_qd32_repeat3_run2.json
220150.0,220.15,126.16015625,32297.0,,sustained_rand_write_300s_qd32_repeat3,rand_write,2,results\external_ssd\sustained_rand_write_300s_qd32_repeat3\sustained_rand_write_300s_qd32_repeat3_run2.json
221000.0,221.0,,,550.914,sustained_rand_write_300s_qd32_repeat3,rand_write,2,results\external_ssd\sustained_rand_write_300s_qd32_repeat3\sustained_rand_write_300s_qd32_repeat3_run2.json
221150.0,221.15,113.22265625,28985.0,,sustained_rand_write_300s_qd32_repeat3,rand_write,2,results\external_ssd\sustained_rand_write_300s_qd32_repeat3\sustained_rand_write_300s_qd32_repeat3_run2.json
222001.0,222.001,,,524.641,sustained_rand_write_300s_qd32_repeat3,rand_write,2,results\external_ssd\sustained_rand_write_300s_qd32_repeat3\sustained_rand_write_300s_qd32_repeat3_run2.json
222150.0,222.15,116.6513671875,29862.0,,sustained_rand_write_300s_qd32_repeat3,rand_write,2,results\external_ssd\sustained_rand_write_300s_qd32_repeat3\sustained_rand_write_300s_qd32_repeat3_run2.json
223000.0,223.0,,,600.544,sustained_rand_write_300s_qd32_repeat3,rand_write,2,results\external_ssd\sustained_rand_write_300s_qd32_repeat3\sustained_rand_write_300s_qd32_repeat3_run2.json
223150.0,223.15,113.7421875,29118.0,,sustained_rand_write_300s_qd32_repeat3,rand_write,2,results\external_ssd\sustained_rand_write_300s_qd32_repeat3\sustained_rand_write_300s_qd32_repeat3_run2.json
224001.0,224.001,,,615.748,sustained_rand_write_300s_qd32_repeat3,rand_write,2,results\external_ssd\sustained_rand_write_300s_qd32_repeat3\sustained_rand_write_300s_qd32_repeat3_run2.json
224151.0,224.151,96.8359375,24790.0,,sustained_rand_write_300s_qd32_repeat3,rand_write,2,results\external_ssd\sustained_rand_write_300s_qd32_repeat3\sustained_rand_write_300s_qd32_repeat3_run2.json
225000.0,225.0,,,494.875,sustained_rand_write_300s_qd32_repeat3,rand_write,2,results\external_ssd\sustained_rand_write_300s_qd32_repeat3\sustained_rand_write_300s_qd32_repeat3_run2.json
225150.0,225.15,136.0146484375,34819.0,,sustained_rand_write_300s_qd32_repeat3,rand_write,2,results\external_ssd\sustained_rand_write_300s_qd32_repeat3\sustained_rand_write_300s_qd32_repeat3_run2.json
226000.0,226.0,,,449.843,sustained_rand_write_300s_qd32_repeat3,rand_write,2,results\external_ssd\sustained_rand_write_300s_qd32_repeat3\sustained_rand_write_300s_qd32_repeat3_run2.json
226150.0,226.15,139.5546875,35726.0,,sustained_rand_write_300s_qd32_repeat3,rand_write,2,results\external_ssd\sustained_rand_write_300s_qd32_repeat3\sustained_rand_write_300s_qd32_repeat3_run2.json
227001.0,227.001,,,455.008,sustained_rand_write_300s_qd32_repeat3,rand_write,2,results\external_ssd\sustained_rand_write_300s_qd32_repeat3\sustained_rand_write_300s_qd32_repeat3_run2.json
227150.0,227.15,136.1015625,34842.0,,sustained_rand_write_300s_qd32_repeat3,rand_write,2,results\external_ssd\sustained_rand_write_300s_qd32_repeat3\sustained_rand_write_300s_qd32_repeat3_run2.json
228001.0,228.001,,,479.8,sustained_rand_write_300s_qd32_repeat3,rand_write,2,results\external_ssd\sustained_rand_write_300s_qd32_repeat3\sustained_rand_write_300s_qd32_repeat3_run2.json
228150.0,228.15,137.3671875,35166.0,,sustained_rand_write_300s_qd32_repeat3,rand_write,2,results\external_ssd\sustained_rand_write_300s_qd32_repeat3\sustained_rand_write_300s_qd32_repeat3_run2.json
229000.0,229.0,,,470.332,sustained_rand_write_300s_qd32_repeat3,rand_write,2,results\external_ssd\sustained_rand_write_300s_qd32_repeat3\sustained_rand_write_300s_qd32_repeat3_run2.json
229150.0,229.15,133.41015625,34153.0,,sustained_rand_write_300s_qd32_repeat3,rand_write,2,results\external_ssd\sustained_rand_write_300s_qd32_repeat3\sustained_rand_write_300s_qd32_repeat3_run2.json
230000.0,230.0,,,522.398,sustained_rand_write_300s_qd32_repeat3,rand_write,2,results\external_ssd\sustained_rand_write_300s_qd32_repeat3\sustained_rand_write_300s_qd32_repeat3_run2.json
230150.0,230.15,117.45703125,30069.0,,sustained_rand_write_300s_qd32_repeat3,rand_write,2,results\external_ssd\sustained_rand_write_300s_qd32_repeat3\sustained_rand_write_300s_qd32_repeat3_run2.json
231000.0,231.0,,,530.585,sustained_rand_write_300s_qd32_repeat3,rand_write,2,results\external_ssd\sustained_rand_write_300s_qd32_repeat3\sustained_rand_write_300s_qd32_repeat3_run2.json
231150.0,231.15,120.08984375,30743.0,,sustained_rand_write_300s_qd32_repeat3,rand_write,2,results\external_ssd\sustained_rand_write_300s_qd32_repeat3\sustained_rand_write_300s_qd32_repeat3_run2.json
232000.0,232.0,,,475.166,sustained_rand_write_300s_qd32_repeat3,rand_write,2,results\external_ssd\sustained_rand_write_300s_qd32_repeat3\sustained_rand_write_300s_qd32_repeat3_run2.json
232150.0,232.15,134.93359375,34543.0,,sustained_rand_write_300s_qd32_repeat3,rand_write,2,results\external_ssd\sustained_rand_write_300s_qd32_repeat3\sustained_rand_write_300s_qd32_repeat3_run2.json
233000.0,233.0,,,513.462,sustained_rand_write_300s_qd32_repeat3,rand_write,2,results\external_ssd\sustained_rand_write_300s_qd32_repeat3\sustained_rand_write_300s_qd32_repeat3_run2.json
233150.0,233.15,122.2666015625,31300.0,,sustained_rand_write_300s_qd32_repeat3,rand_write,2,results\external_ssd\sustained_rand_write_300s_qd32_repeat3\sustained_rand_write_300s_qd32_repeat3_run2.json
234000.0,234.0,,,524.742,sustained_rand_write_300s_qd32_repeat3,rand_write,2,results\external_ssd\sustained_rand_write_300s_qd32_repeat3\sustained_rand_write_300s_qd32_repeat3_run2.json
234150.0,234.15,116.55859375,29839.0,,sustained_rand_write_300s_qd32_repeat3,rand_write,2,results\external_ssd\sustained_rand_write_300s_qd32_repeat3\sustained_rand_write_300s_qd32_repeat3_run2.json
235000.0,235.0,,,585.874,sustained_rand_write_300s_qd32_repeat3,rand_write,2,results\external_ssd\sustained_rand_write_300s_qd32_repeat3\sustained_rand_write_300s_qd32_repeat3_run2.json
235151.0,235.151,112.109375,28700.0,,sustained_rand_write_300s_qd32_repeat3,rand_write,2,results\external_ssd\sustained_rand_write_300s_qd32_repeat3\sustained_rand_write_300s_qd32_repeat3_run2.json
236000.0,236.0,,,519.984,sustained_rand_write_300s_qd32_repeat3,rand_write,2,results\external_ssd\sustained_rand_write_300s_qd32_repeat3\sustained_rand_write_300s_qd32_repeat3_run2.json
236151.0,236.151,121.796875,31180.0,,sustained_rand_write_300s_qd32_repeat3,rand_write,2,results\external_ssd\sustained_rand_write_300s_qd32_repeat3\sustained_rand_write_300s_qd32_repeat3_run2.json
237000.0,237.0,,,521.595,sustained_rand_write_300s_qd32_repeat3,rand_write,2,results\external_ssd\sustained_rand_write_300s_qd32_repeat3\sustained_rand_write_300s_qd32_repeat3_run2.json
237150.0,237.15,117.9296875,30190.0,,sustained_rand_write_300s_qd32_repeat3,rand_write,2,results\external_ssd\sustained_rand_write_300s_qd32_repeat3\sustained_rand_write_300s_qd32_repeat3_run2.json
238000.0,238.0,,,519.214,sustained_rand_write_300s_qd32_repeat3,rand_write,2,results\external_ssd\sustained_rand_write_300s_qd32_repeat3\sustained_rand_write_300s_qd32_repeat3_run2.json
238150.0,238.15,126.12890625,32289.0,,sustained_rand_write_300s_qd32_repeat3,rand_write,2,results\external_ssd\sustained_rand_write_300s_qd32_repeat3\sustained_rand_write_300s_qd32_repeat3_run2.json
239000.0,239.0,,,497.6,sustained_rand_write_300s_qd32_repeat3,rand_write,2,results\external_ssd\sustained_rand_write_300s_qd32_repeat3\sustained_rand_write_300s_qd32_repeat3_run2.json
239150.0,239.15,126.76953125,32453.0,,sustained_rand_write_300s_qd32_repeat3,rand_write,2,results\external_ssd\sustained_rand_write_300s_qd32_repeat3\sustained_rand_write_300s_qd32_repeat3_run2.json
240000.0,240.0,,,441.665,sustained_rand_write_300s_qd32_repeat3,rand_write,2,results\external_ssd\sustained_rand_write_300s_qd32_repeat3\sustained_rand_write_300s_qd32_repeat3_run2.json
240150.0,240.15,142.72265625,36537.0,,sustained_rand_write_300s_qd32_repeat3,rand_write,2,results\external_ssd\sustained_rand_write_300s_qd32_repeat3\sustained_rand_write_300s_qd32_repeat3_run2.json
241000.0,241.0,,,481.047,sustained_rand_write_300s_qd32_repeat3,rand_write,2,results\external_ssd\sustained_rand_write_300s_qd32_repeat3\sustained_rand_write_300s_qd32_repeat3_run2.json
241150.0,241.15,134.96875,34552.0,,sustained_rand_write_300s_qd32_repeat3,rand_write,2,results\external_ssd\sustained_rand_write_300s_qd32_repeat3\sustained_rand_write_300s_qd32_repeat3_run2.json
242000.0,242.0,,,477.742,sustained_rand_write_300s_qd32_repeat3,rand_write,2,results\external_ssd\sustained_rand_write_300s_qd32_repeat3\sustained_rand_write_300s_qd32_repeat3_run2.json
242151.0,242.151,133.91015625,34281.0,,sustained_rand_write_300s_qd32_repeat3,rand_write,2,results\external_ssd\sustained_rand_write_300s_qd32_repeat3\sustained_rand_write_300s_qd32_repeat3_run2.json
243000.0,243.0,,,485.422,sustained_rand_write_300s_qd32_repeat3,rand_write,2,results\external_ssd\sustained_rand_write_300s_qd32_repeat3\sustained_rand_write_300s_qd32_repeat3_run2.json
243151.0,243.151,130.6484375,33446.0,,sustained_rand_write_300s_qd32_repeat3,rand_write,2,results\external_ssd\sustained_rand_write_300s_qd32_repeat3\sustained_rand_write_300s_qd32_repeat3_run2.json
244001.0,244.001,,,513.133,sustained_rand_write_300s_qd32_repeat3,rand_write,2,results\external_ssd\sustained_rand_write_300s_qd32_repeat3\sustained_rand_write_300s_qd32_repeat3_run2.json
244150.0,244.15,114.25,29248.0,,sustained_rand_write_300s_qd32_repeat3,rand_write,2,results\external_ssd\sustained_rand_write_300s_qd32_repeat3\sustained_rand_write_300s_qd32_repeat3_run2.json
245000.0,245.0,,,522.525,sustained_rand_write_300s_qd32_repeat3,rand_write,2,results\external_ssd\sustained_rand_write_300s_qd32_repeat3\sustained_rand_write_300s_qd32_repeat3_run2.json
245150.0,245.15,125.3046875,32078.0,,sustained_rand_write_300s_qd32_repeat3,rand_write,2,results\external_ssd\sustained_rand_write_300s_qd32_repeat3\sustained_rand_write_300s_qd32_repeat3_run2.json
246000.0,246.0,,,542.288,sustained_rand_write_300s_qd32_repeat3,rand_write,2,results\external_ssd\sustained_rand_write_300s_qd32_repeat3\sustained_rand_write_300s_qd32_repeat3_run2.json
246150.0,246.15,117.9921875,30206.0,,sustained_rand_write_300s_qd32_repeat3,rand_write,2,results\external_ssd\sustained_rand_write_300s_qd32_repeat3\sustained_rand_write_300s_qd32_repeat3_run2.json
247000.0,247.0,,,443.148,sustained_rand_write_300s_qd32_repeat3,rand_write,2,results\external_ssd\sustained_rand_write_300s_qd32_repeat3\sustained_rand_write_300s_qd32_repeat3_run2.json
247151.0,247.151,146.97265625,37625.0,,sustained_rand_write_300s_qd32_repeat3,rand_write,2,results\external_ssd\sustained_rand_write_300s_qd32_repeat3\sustained_rand_write_300s_qd32_repeat3_run2.json
248000.0,248.0,,,431.657,sustained_rand_write_300s_qd32_repeat3,rand_write,2,results\external_ssd\sustained_rand_write_300s_qd32_repeat3\sustained_rand_write_300s_qd32_repeat3_run2.json
248150.0,248.15,149.8642578125,38365.0,,sustained_rand_write_300s_qd32_repeat3,rand_write,2,results\external_ssd\sustained_rand_write_300s_qd32_repeat3\sustained_rand_write_300s_qd32_repeat3_run2.json
249000.0,249.0,,,415.338,sustained_rand_write_300s_qd32_repeat3,rand_write,2,results\external_ssd\sustained_rand_write_300s_qd32_repeat3\sustained_rand_write_300s_qd32_repeat3_run2.json
249150.0,249.15,151.53515625,38793.0,,sustained_rand_write_300s_qd32_repeat3,rand_write,2,results\external_ssd\sustained_rand_write_300s_qd32_repeat3\sustained_rand_write_300s_qd32_repeat3_run2.json
250000.0,250.0,,,402.844,sustained_rand_write_300s_qd32_repeat3,rand_write,2,results\external_ssd\sustained_rand_write_300s_qd32_repeat3\sustained_rand_write_300s_qd32_repeat3_run2.json
250151.0,250.151,159.48046875,40827.0,,sustained_rand_write_300s_qd32_repeat3,rand_write,2,results\external_ssd\sustained_rand_write_300s_qd32_repeat3\sustained_rand_write_300s_qd32_repeat3_run2.json
251000.0,251.0,,,403.304,sustained_rand_write_300s_qd32_repeat3,rand_write,2,results\external_ssd\sustained_rand_write_300s_qd32_repeat3\sustained_rand_write_300s_qd32_repeat3_run2.json
251150.0,251.15,163.4013671875,41830.0,,sustained_rand_write_300s_qd32_repeat3,rand_write,2,results\external_ssd\sustained_rand_write_300s_qd32_repeat3\sustained_rand_write_300s_qd32_repeat3_run2.json
252000.0,252.0,,,391.885,sustained_rand_write_300s_qd32_repeat3,rand_write,2,results\external_ssd\sustained_rand_write_300s_qd32_repeat3\sustained_rand_write_300s_qd32_repeat3_run2.json
252151.0,252.151,161.05859375,41231.0,,sustained_rand_write_300s_qd32_repeat3,rand_write,2,results\external_ssd\sustained_rand_write_300s_qd32_repeat3\sustained_rand_write_300s_qd32_repeat3_run2.json
253000.0,253.0,,,382.03,sustained_rand_write_300s_qd32_repeat3,rand_write,2,results\external_ssd\sustained_rand_write_300s_qd32_repeat3\sustained_rand_write_300s_qd32_repeat3_run2.json
253151.0,253.151,165.3515625,42330.0,,sustained_rand_write_300s_qd32_repeat3,rand_write,2,results\external_ssd\sustained_rand_write_300s_qd32_repeat3\sustained_rand_write_300s_qd32_repeat3_run2.json
254000.0,254.0,,,440.566,sustained_rand_write_300s_qd32_repeat3,rand_write,2,results\external_ssd\sustained_rand_write_300s_qd32_repeat3\sustained_rand_write_300s_qd32_repeat3_run2.json
254150.0,254.15,138.3056640625,,,sustained_rand_write_300s_qd32_repeat3,rand_write,2,results\external_ssd\sustained_rand_write_300s_qd32_repeat3\sustained_rand_write_300s_qd32_repeat3_run2.json
254151.0,254.151,,35406.0,,sustained_rand_write_300s_qd32_repeat3,rand_write,2,results\external_ssd\sustained_rand_write_300s_qd32_repeat3\sustained_rand_write_300s_qd32_repeat3_run2.json
255000.0,255.0,,,465.264,sustained_rand_write_300s_qd32_repeat3,rand_write,2,results\external_ssd\sustained_rand_write_300s_qd32_repeat3\sustained_rand_write_300s_qd32_repeat3_run2.json
255151.0,255.151,138.37890625,35425.0,,sustained_rand_write_300s_qd32_repeat3,rand_write,2,results\external_ssd\sustained_rand_write_300s_qd32_repeat3\sustained_rand_write_300s_qd32_repeat3_run2.json
256000.0,256.0,,,487.308,sustained_rand_write_300s_qd32_repeat3,rand_write,2,results\external_ssd\sustained_rand_write_300s_qd32_repeat3\sustained_rand_write_300s_qd32_repeat3_run2.json
256151.0,256.151,129.50390625,33153.0,,sustained_rand_write_300s_qd32_repeat3,rand_write,2,results\external_ssd\sustained_rand_write_300s_qd32_repeat3\sustained_rand_write_300s_qd32_repeat3_run2.json
257001.0,257.001,,,495.299,sustained_rand_write_300s_qd32_repeat3,rand_write,2,results\external_ssd\sustained_rand_write_300s_qd32_repeat3\sustained_rand_write_300s_qd32_repeat3_run2.json
257151.0,257.151,126.22265625,32313.0,,sustained_rand_write_300s_qd32_repeat3,rand_write,2,results\external_ssd\sustained_rand_write_300s_qd32_repeat3\sustained_rand_write_300s_qd32_repeat3_run2.json
258000.0,258.0,,,525.075,sustained_rand_write_300s_qd32_repeat3,rand_write,2,results\external_ssd\sustained_rand_write_300s_qd32_repeat3\sustained_rand_write_300s_qd32_repeat3_run2.json
258150.0,258.15,120.3193359375,30801.0,,sustained_rand_write_300s_qd32_repeat3,rand_write,2,results\external_ssd\sustained_rand_write_300s_qd32_repeat3\sustained_rand_write_300s_qd32_repeat3_run2.json
259000.0,259.0,,,550.338,sustained_rand_write_300s_qd32_repeat3,rand_write,2,results\external_ssd\sustained_rand_write_300s_qd32_repeat3\sustained_rand_write_300s_qd32_repeat3_run2.json
259151.0,259.151,112.97265625,28921.0,,sustained_rand_write_300s_qd32_repeat3,rand_write,2,results\external_ssd\sustained_rand_write_300s_qd32_repeat3\sustained_rand_write_300s_qd32_repeat3_run2.json
260000.0,260.0,,,539.697,sustained_rand_write_300s_qd32_repeat3,rand_write,2,results\external_ssd\sustained_rand_write_300s_qd32_repeat3\sustained_rand_write_300s_qd32_repeat3_run2.json
260151.0,260.151,118.43359375,30319.0,,sustained_rand_write_300s_qd32_repeat3,rand_write,2,results\external_ssd\sustained_rand_write_300s_qd32_repeat3\sustained_rand_write_300s_qd32_repeat3_run2.json
261000.0,261.0,,,437.151,sustained_rand_write_300s_qd32_repeat3,rand_write,2,results\external_ssd\sustained_rand_write_300s_qd32_repeat3\sustained_rand_write_300s_qd32_repeat3_run2.json
261151.0,261.151,146.2275390625,37434.0,,sustained_rand_write_300s_qd32_repeat3,rand_write,2,results\external_ssd\sustained_rand_write_300s_qd32_repeat3\sustained_rand_write_300s_qd32_repeat3_run2.json
262000.0,262.0,,,473.088,sustained_rand_write_300s_qd32_repeat3,rand_write,2,results\external_ssd\sustained_rand_write_300s_qd32_repeat3\sustained_rand_write_300s_qd32_repeat3_run2.json
262151.0,262.151,134.75390625,34497.0,,sustained_rand_write_300s_qd32_repeat3,rand_write,2,results\external_ssd\sustained_rand_write_300s_qd32_repeat3\sustained_rand_write_300s_qd32_repeat3_run2.json
263000.0,263.0,,,462.52,sustained_rand_write_300s_qd32_repeat3,rand_write,2,results\external_ssd\sustained_rand_write_300s_qd32_repeat3\sustained_rand_write_300s_qd32_repeat3_run2.json
263151.0,263.151,135.638671875,34723.0,,sustained_rand_write_300s_qd32_repeat3,rand_write,2,results\external_ssd\sustained_rand_write_300s_qd32_repeat3\sustained_rand_write_300s_qd32_repeat3_run2.json
264000.0,264.0,,,482.749,sustained_rand_write_300s_qd32_repeat3,rand_write,2,results\external_ssd\sustained_rand_write_300s_qd32_repeat3\sustained_rand_write_300s_qd32_repeat3_run2.json
264150.0,264.15,134.5556640625,34446.0,,sustained_rand_write_300s_qd32_repeat3,rand_write,2,results\external_ssd\sustained_rand_write_300s_qd32_repeat3\sustained_rand_write_300s_qd32_repeat3_run2.json
265000.0,265.0,,,445.722,sustained_rand_write_300s_qd32_repeat3,rand_write,2,results\external_ssd\sustained_rand_write_300s_qd32_repeat3\sustained_rand_write_300s_qd32_repeat3_run2.json
265151.0,265.151,142.2734375,36422.0,,sustained_rand_write_300s_qd32_repeat3,rand_write,2,results\external_ssd\sustained_rand_write_300s_qd32_repeat3\sustained_rand_write_300s_qd32_repeat3_run2.json
266000.0,266.0,,,465.457,sustained_rand_write_300s_qd32_repeat3,rand_write,2,results\external_ssd\sustained_rand_write_300s_qd32_repeat3\sustained_rand_write_300s_qd32_repeat3_run2.json
266151.0,266.151,136.06640625,34833.0,,sustained_rand_write_300s_qd32_repeat3,rand_write,2,results\external_ssd\sustained_rand_write_300s_qd32_repeat3\sustained_rand_write_300s_qd32_repeat3_run2.json
267001.0,267.001,,,498.501,sustained_rand_write_300s_qd32_repeat3,rand_write,2,results\external_ssd\sustained_rand_write_300s_qd32_repeat3\sustained_rand_write_300s_qd32_repeat3_run2.json
267151.0,267.151,129.125,33056.0,,sustained_rand_write_300s_qd32_repeat3,rand_write,2,results\external_ssd\sustained_rand_write_300s_qd32_repeat3\sustained_rand_write_300s_qd32_repeat3_run2.json
268000.0,268.0,,,475.393,sustained_rand_write_300s_qd32_repeat3,rand_write,2,results\external_ssd\sustained_rand_write_300s_qd32_repeat3\sustained_rand_write_300s_qd32_repeat3_run2.json
268151.0,268.151,133.609375,34204.0,,sustained_rand_write_300s_qd32_repeat3,rand_write,2,results\external_ssd\sustained_rand_write_300s_qd32_repeat3\sustained_rand_write_300s_qd32_repeat3_run2.json
269000.0,269.0,,,432.95,sustained_rand_write_300s_qd32_repeat3,rand_write,2,results\external_ssd\sustained_rand_write_300s_qd32_repeat3\sustained_rand_write_300s_qd32_repeat3_run2.json
269150.0,269.15,144.74609375,37055.0,,sustained_rand_write_300s_qd32_repeat3,rand_write,2,results\external_ssd\sustained_rand_write_300s_qd32_repeat3\sustained_rand_write_300s_qd32_repeat3_run2.json
270000.0,270.0,,,450.373,sustained_rand_write_300s_qd32_repeat3,rand_write,2,results\external_ssd\sustained_rand_write_300s_qd32_repeat3\sustained_rand_write_300s_qd32_repeat3_run2.json
270151.0,270.151,140.9755859375,36089.0,,sustained_rand_write_300s_qd32_repeat3,rand_write,2,results\external_ssd\sustained_rand_write_300s_qd32_repeat3\sustained_rand_write_300s_qd32_repeat3_run2.json
271000.0,271.0,,,481.9,sustained_rand_write_300s_qd32_repeat3,rand_write,2,results\external_ssd\sustained_rand_write_300s_qd32_repeat3\sustained_rand_write_300s_qd32_repeat3_run2.json
271151.0,271.151,135.173828125,34604.0,,sustained_rand_write_300s_qd32_repeat3,rand_write,2,results\external_ssd\sustained_rand_write_300s_qd32_repeat3\sustained_rand_write_300s_qd32_repeat3_run2.json
272000.0,272.0,,,421.075,sustained_rand_write_300s_qd32_repeat3,rand_write,2,results\external_ssd\sustained_rand_write_300s_qd32_repeat3\sustained_rand_write_300s_qd32_repeat3_run2.json
272150.0,272.15,152.9765625,39162.0,,sustained_rand_write_300s_qd32_repeat3,rand_write,2,results\external_ssd\sustained_rand_write_300s_qd32_repeat3\sustained_rand_write_300s_qd32_repeat3_run2.json
273000.0,273.0,,,440.751,sustained_rand_write_300s_qd32_repeat3,rand_write,2,results\external_ssd\sustained_rand_write_300s_qd32_repeat3\sustained_rand_write_300s_qd32_repeat3_run2.json
273151.0,273.151,147.47265625,37753.0,,sustained_rand_write_300s_qd32_repeat3,rand_write,2,results\external_ssd\sustained_rand_write_300s_qd32_repeat3\sustained_rand_write_300s_qd32_repeat3_run2.json
274000.0,274.0,,,358.146,sustained_rand_write_300s_qd32_repeat3,rand_write,2,results\external_ssd\sustained_rand_write_300s_qd32_repeat3\sustained_rand_write_300s_qd32_repeat3_run2.json
274151.0,274.151,175.82421875,45011.0,,sustained_rand_write_300s_qd32_repeat3,rand_write,2,results\external_ssd\sustained_rand_write_300s_qd32_repeat3\sustained_rand_write_300s_qd32_repeat3_run2.json
275000.0,275.0,,,360.396,sustained_rand_write_300s_qd32_repeat3,rand_write,2,results\external_ssd\sustained_rand_write_300s_qd32_repeat3\sustained_rand_write_300s_qd32_repeat3_run2.json
275152.0,275.152,180.74609375,46271.0,,sustained_rand_write_300s_qd32_repeat3,rand_write,2,results\external_ssd\sustained_rand_write_300s_qd32_repeat3\sustained_rand_write_300s_qd32_repeat3_run2.json
276000.0,276.0,,,362.253,sustained_rand_write_300s_qd32_repeat3,rand_write,2,results\external_ssd\sustained_rand_write_300s_qd32_repeat3\sustained_rand_write_300s_qd32_repeat3_run2.json
276151.0,276.151,179.3935546875,45924.0,,sustained_rand_write_300s_qd32_repeat3,rand_write,2,results\external_ssd\sustained_rand_write_300s_qd32_repeat3\sustained_rand_write_300s_qd32_repeat3_run2.json
277000.0,277.0,,,365.712,sustained_rand_write_300s_qd32_repeat3,rand_write,2,results\external_ssd\sustained_rand_write_300s_qd32_repeat3\sustained_rand_write_300s_qd32_repeat3_run2.json
277152.0,277.152,171.3125,43856.0,,sustained_rand_write_300s_qd32_repeat3,rand_write,2,results\external_ssd\sustained_rand_write_300s_qd32_repeat3\sustained_rand_write_300s_qd32_repeat3_run2.json
278000.0,278.0,,,437.929,sustained_rand_write_300s_qd32_repeat3,rand_write,2,results\external_ssd\sustained_rand_write_300s_qd32_repeat3\sustained_rand_write_300s_qd32_repeat3_run2.json
278151.0,278.151,141.34375,36184.0,,sustained_rand_write_300s_qd32_repeat3,rand_write,2,results\external_ssd\sustained_rand_write_300s_qd32_repeat3\sustained_rand_write_300s_qd32_repeat3_run2.json
279001.0,279.001,,,503.481,sustained_rand_write_300s_qd32_repeat3,rand_write,2,results\external_ssd\sustained_rand_write_300s_qd32_repeat3\sustained_rand_write_300s_qd32_repeat3_run2.json
279151.0,279.151,127.873046875,32735.0,,sustained_rand_write_300s_qd32_repeat3,rand_write,2,results\external_ssd\sustained_rand_write_300s_qd32_repeat3\sustained_rand_write_300s_qd32_repeat3_run2.json
280000.0,280.0,,,438.11,sustained_rand_write_300s_qd32_repeat3,rand_write,2,results\external_ssd\sustained_rand_write_300s_qd32_repeat3\sustained_rand_write_300s_qd32_repeat3_run2.json
280152.0,280.152,146.5556640625,37518.0,,sustained_rand_write_300s_qd32_repeat3,rand_write,2,results\external_ssd\sustained_rand_write_300s_qd32_repeat3\sustained_rand_write_300s_qd32_repeat3_run2.json
281000.0,281.0,,,447.128,sustained_rand_write_300s_qd32_repeat3,rand_write,2,results\external_ssd\sustained_rand_write_300s_qd32_repeat3\sustained_rand_write_300s_qd32_repeat3_run2.json
281151.0,281.151,141.6337890625,36258.0,,sustained_rand_write_300s_qd32_repeat3,rand_write,2,results\external_ssd\sustained_rand_write_300s_qd32_repeat3\sustained_rand_write_300s_qd32_repeat3_run2.json
282000.0,282.0,,,463.705,sustained_rand_write_300s_qd32_repeat3,rand_write,2,results\external_ssd\sustained_rand_write_300s_qd32_repeat3\sustained_rand_write_300s_qd32_repeat3_run2.json
282152.0,282.152,134.52734375,34439.0,,sustained_rand_write_300s_qd32_repeat3,rand_write,2,results\external_ssd\sustained_rand_write_300s_qd32_repeat3\sustained_rand_write_300s_qd32_repeat3_run2.json
283000.0,283.0,,,469.879,sustained_rand_write_300s_qd32_repeat3,rand_write,2,results\external_ssd\sustained_rand_write_300s_qd32_repeat3\sustained_rand_write_300s_qd32_repeat3_run2.json
283151.0,283.151,136.3544921875,34906.0,,sustained_rand_write_300s_qd32_repeat3,rand_write,2,results\external_ssd\sustained_rand_write_300s_qd32_repeat3\sustained_rand_write_300s_qd32_repeat3_run2.json
284000.0,284.0,,,455.859,sustained_rand_write_300s_qd32_repeat3,rand_write,2,results\external_ssd\sustained_rand_write_300s_qd32_repeat3\sustained_rand_write_300s_qd32_repeat3_run2.json
284151.0,284.151,137.90234375,35303.0,,sustained_rand_write_300s_qd32_repeat3,rand_write,2,results\external_ssd\sustained_rand_write_300s_qd32_repeat3\sustained_rand_write_300s_qd32_repeat3_run2.json
285000.0,285.0,,,441.721,sustained_rand_write_300s_qd32_repeat3,rand_write,2,results\external_ssd\sustained_rand_write_300s_qd32_repeat3\sustained_rand_write_300s_qd32_repeat3_run2.json
285151.0,285.151,147.796875,37836.0,,sustained_rand_write_300s_qd32_repeat3,rand_write,2,results\external_ssd\sustained_rand_write_300s_qd32_repeat3\sustained_rand_write_300s_qd32_repeat3_run2.json
286000.0,286.0,,,410.098,sustained_rand_write_300s_qd32_repeat3,rand_write,2,results\external_ssd\sustained_rand_write_300s_qd32_repeat3\sustained_rand_write_300s_qd32_repeat3_run2.json
286151.0,286.151,152.0078125,38914.0,,sustained_rand_write_300s_qd32_repeat3,rand_write,2,results\external_ssd\sustained_rand_write_300s_qd32_repeat3\sustained_rand_write_300s_qd32_repeat3_run2.json
287000.0,287.0,,,444.991,sustained_rand_write_300s_qd32_repeat3,rand_write,2,results\external_ssd\sustained_rand_write_300s_qd32_repeat3\sustained_rand_write_300s_qd32_repeat3_run2.json
287152.0,287.152,141.09375,36120.0,,sustained_rand_write_300s_qd32_repeat3,rand_write,2,results\external_ssd\sustained_rand_write_300s_qd32_repeat3\sustained_rand_write_300s_qd32_repeat3_run2.json
288000.0,288.0,,,470.526,sustained_rand_write_300s_qd32_repeat3,rand_write,2,results\external_ssd\sustained_rand_write_300s_qd32_repeat3\sustained_rand_write_300s_qd32_repeat3_run2.json
288152.0,288.152,141.8994140625,36326.0,,sustained_rand_write_300s_qd32_repeat3,rand_write,2,results\external_ssd\sustained_rand_write_300s_qd32_repeat3\sustained_rand_write_300s_qd32_repeat3_run2.json
289000.0,289.0,,,444.026,sustained_rand_write_300s_qd32_repeat3,rand_write,2,results\external_ssd\sustained_rand_write_300s_qd32_repeat3\sustained_rand_write_300s_qd32_repeat3_run2.json
289151.0,289.151,141.19921875,36147.0,,sustained_rand_write_300s_qd32_repeat3,rand_write,2,results\external_ssd\sustained_rand_write_300s_qd32_repeat3\sustained_rand_write_300s_qd32_repeat3_run2.json
290000.0,290.0,,,483.714,sustained_rand_write_300s_qd32_repeat3,rand_write,2,results\external_ssd\sustained_rand_write_300s_qd32_repeat3\sustained_rand_write_300s_qd32_repeat3_run2.json
290151.0,290.151,132.00390625,33793.0,,sustained_rand_write_300s_qd32_repeat3,rand_write,2,results\external_ssd\sustained_rand_write_300s_qd32_repeat3\sustained_rand_write_300s_qd32_repeat3_run2.json
291000.0,291.0,,,483.23,sustained_rand_write_300s_qd32_repeat3,rand_write,2,results\external_ssd\sustained_rand_write_300s_qd32_repeat3\sustained_rand_write_300s_qd32_repeat3_run2.json
291151.0,291.151,132.09765625,33817.0,,sustained_rand_write_300s_qd32_repeat3,rand_write,2,results\external_ssd\sustained_rand_write_300s_qd32_repeat3\sustained_rand_write_300s_qd32_repeat3_run2.json
292000.0,292.0,,,444.39,sustained_rand_write_300s_qd32_repeat3,rand_write,2,results\external_ssd\sustained_rand_write_300s_qd32_repeat3\sustained_rand_write_300s_qd32_repeat3_run2.json
292151.0,292.151,142.978515625,36602.0,,sustained_rand_write_300s_qd32_repeat3,rand_write,2,results\external_ssd\sustained_rand_write_300s_qd32_repeat3\sustained_rand_write_300s_qd32_repeat3_run2.json
293000.0,293.0,,,485.347,sustained_rand_write_300s_qd32_repeat3,rand_write,2,results\external_ssd\sustained_rand_write_300s_qd32_repeat3\sustained_rand_write_300s_qd32_repeat3_run2.json
293152.0,293.152,130.447265625,33394.0,,sustained_rand_write_300s_qd32_repeat3,rand_write,2,results\external_ssd\sustained_rand_write_300s_qd32_repeat3\sustained_rand_write_300s_qd32_repeat3_run2.json
294000.0,294.0,,,476.512,sustained_rand_write_300s_qd32_repeat3,rand_write,2,results\external_ssd\sustained_rand_write_300s_qd32_repeat3\sustained_rand_write_300s_qd32_repeat3_run2.json
294151.0,294.151,135.060546875,34575.0,,sustained_rand_write_300s_qd32_repeat3,rand_write,2,results\external_ssd\sustained_rand_write_300s_qd32_repeat3\sustained_rand_write_300s_qd32_repeat3_run2.json
295000.0,295.0,,,471.026,sustained_rand_write_300s_qd32_repeat3,rand_write,2,results\external_ssd\sustained_rand_write_300s_qd32_repeat3\sustained_rand_write_300s_qd32_repeat3_run2.json
295152.0,295.152,132.40625,33896.0,,sustained_rand_write_300s_qd32_repeat3,rand_write,2,results\external_ssd\sustained_rand_write_300s_qd32_repeat3\sustained_rand_write_300s_qd32_repeat3_run2.json
296000.0,296.0,,,479.061,sustained_rand_write_300s_qd32_repeat3,rand_write,2,results\external_ssd\sustained_rand_write_300s_qd32_repeat3\sustained_rand_write_300s_qd32_repeat3_run2.json
296151.0,296.151,132.7138671875,33974.0,,sustained_rand_write_300s_qd32_repeat3,rand_write,2,results\external_ssd\sustained_rand_write_300s_qd32_repeat3\sustained_rand_write_300s_qd32_repeat3_run2.json
297000.0,297.0,,,461.139,sustained_rand_write_300s_qd32_repeat3,rand_write,2,results\external_ssd\sustained_rand_write_300s_qd32_repeat3\sustained_rand_write_300s_qd32_repeat3_run2.json
297152.0,297.152,137.59765625,35225.0,,sustained_rand_write_300s_qd32_repeat3,rand_write,2,results\external_ssd\sustained_rand_write_300s_qd32_repeat3\sustained_rand_write_300s_qd32_repeat3_run2.json
298000.0,298.0,,,429.014,sustained_rand_write_300s_qd32_repeat3,rand_write,2,results\external_ssd\sustained_rand_write_300s_qd32_repeat3\sustained_rand_write_300s_qd32_repeat3_run2.json
298151.0,298.151,152.70703125,39093.0,,sustained_rand_write_300s_qd32_repeat3,rand_write,2,results\external_ssd\sustained_rand_write_300s_qd32_repeat3\sustained_rand_write_300s_qd32_repeat3_run2.json
299000.0,299.0,,,412.31,sustained_rand_write_300s_qd32_repeat3,rand_write,2,results\external_ssd\sustained_rand_write_300s_qd32_repeat3\sustained_rand_write_300s_qd32_repeat3_run2.json
299151.0,299.151,153.6572265625,39336.0,,sustained_rand_write_300s_qd32_repeat3,rand_write,2,results\external_ssd\sustained_rand_write_300s_qd32_repeat3\sustained_rand_write_300s_qd32_repeat3_run2.json
300000.0,300.0,,,480.68,sustained_rand_write_300s_qd32_repeat3,rand_write,2,results\external_ssd\sustained_rand_write_300s_qd32_repeat3\sustained_rand_write_300s_qd32_repeat3_run2.json
300000.0,300.0,,,275.484,sustained_rand_write_300s_qd32_repeat3,rand_write,2,results\external_ssd\sustained_rand_write_300s_qd32_repeat3\sustained_rand_write_300s_qd32_repeat3_run2.json
300152.0,300.152,110.1435546875,28196.0,,sustained_rand_write_300s_qd32_repeat3,rand_write,2,results\external_ssd\sustained_rand_write_300s_qd32_repeat3\sustained_rand_write_300s_qd32_repeat3_run2.json
1000.0,1.0,,,487.22,sustained_rand_write_300s_qd32_repeat3,rand_write,3,results\external_ssd\sustained_rand_write_300s_qd32_repeat3\sustained_rand_write_300s_qd32_repeat3_run3.json
1002.0,1.002,128.3681640625,32862.0,,sustained_rand_write_300s_qd32_repeat3,rand_write,3,results\external_ssd\sustained_rand_write_300s_qd32_repeat3\sustained_rand_write_300s_qd32_repeat3_run3.json
2000.0,2.0,,,497.466,sustained_rand_write_300s_qd32_repeat3,rand_write,3,results\external_ssd\sustained_rand_write_300s_qd32_repeat3\sustained_rand_write_300s_qd32_repeat3_run3.json
2002.0,2.002,127.3046875,32590.0,,sustained_rand_write_300s_qd32_repeat3,rand_write,3,results\external_ssd\sustained_rand_write_300s_qd32_repeat3\sustained_rand_write_300s_qd32_repeat3_run3.json
3000.0,3.0,,,451.86,sustained_rand_write_300s_qd32_repeat3,rand_write,3,results\external_ssd\sustained_rand_write_300s_qd32_repeat3\sustained_rand_write_300s_qd32_repeat3_run3.json
3008.0,3.008,141.0126953125,36099.0,,sustained_rand_write_300s_qd32_repeat3,rand_write,3,results\external_ssd\sustained_rand_write_300s_qd32_repeat3\sustained_rand_write_300s_qd32_repeat3_run3.json
4000.0,4.0,,,543.191,sustained_rand_write_300s_qd32_repeat3,rand_write,3,results\external_ssd\sustained_rand_write_300s_qd32_repeat3\sustained_rand_write_300s_qd32_repeat3_run3.json
4009.0,4.009,115.9970703125,29695.0,,sustained_rand_write_300s_qd32_repeat3,rand_write,3,results\external_ssd\sustained_rand_write_300s_qd32_repeat3\sustained_rand_write_300s_qd32_repeat3_run3.json
5000.0,5.0,,,450.291,sustained_rand_write_300s_qd32_repeat3,rand_write,3,results\external_ssd\sustained_rand_write_300s_qd32_repeat3\sustained_rand_write_300s_qd32_repeat3_run3.json
5008.0,5.008,141.6025390625,36250.0,,sustained_rand_write_300s_qd32_repeat3,rand_write,3,results\external_ssd\sustained_rand_write_300s_qd32_repeat3\sustained_rand_write_300s_qd32_repeat3_run3.json
6000.0,6.0,,,429.884,sustained_rand_write_300s_qd32_repeat3,rand_write,3,results\external_ssd\sustained_rand_write_300s_qd32_repeat3\sustained_rand_write_300s_qd32_repeat3_run3.json
6010.0,6.01,148.16796875,37931.0,,sustained_rand_write_300s_qd32_repeat3,rand_write,3,results\external_ssd\sustained_rand_write_300s_qd32_repeat3\sustained_rand_write_300s_qd32_repeat3_run3.json
7000.0,7.0,,,409.693,sustained_rand_write_300s_qd32_repeat3,rand_write,3,results\external_ssd\sustained_rand_write_300s_qd32_repeat3\sustained_rand_write_300s_qd32_repeat3_run3.json
7010.0,7.01,156.484375,40060.0,,sustained_rand_write_300s_qd32_repeat3,rand_write,3,results\external_ssd\sustained_rand_write_300s_qd32_repeat3\sustained_rand_write_300s_qd32_repeat3_run3.json
8000.0,8.0,,,464.833,sustained_rand_write_300s_qd32_repeat3,rand_write,3,results\external_ssd\sustained_rand_write_300s_qd32_repeat3\sustained_rand_write_300s_qd32_repeat3_run3.json
8009.0,8.009,136.1474609375,34853.0,,sustained_rand_write_300s_qd32_repeat3,rand_write,3,results\external_ssd\sustained_rand_write_300s_qd32_repeat3\sustained_rand_write_300s_qd32_repeat3_run3.json
9000.0,9.0,,,497.24,sustained_rand_write_300s_qd32_repeat3,rand_write,3,results\external_ssd\sustained_rand_write_300s_qd32_repeat3\sustained_rand_write_300s_qd32_repeat3_run3.json
9008.0,9.008,128.2255859375,32825.0,,sustained_rand_write_300s_qd32_repeat3,rand_write,3,results\external_ssd\sustained_rand_write_300s_qd32_repeat3\sustained_rand_write_300s_qd32_repeat3_run3.json
10000.0,10.0,,,443.684,sustained_rand_write_300s_qd32_repeat3,rand_write,3,results\external_ssd\sustained_rand_write_300s_qd32_repeat3\sustained_rand_write_300s_qd32_repeat3_run3.json
10009.0,10.009,144.23046875,36923.0,,sustained_rand_write_300s_qd32_repeat3,rand_write,3,results\external_ssd\sustained_rand_write_300s_qd32_repeat3\sustained_rand_write_300s_qd32_repeat3_run3.json
11000.0,11.0,,,470.487,sustained_rand_write_300s_qd32_repeat3,rand_write,3,results\external_ssd\sustained_rand_write_300s_qd32_repeat3\sustained_rand_write_300s_qd32_repeat3_run3.json
11008.0,11.008,135.013671875,34563.0,,sustained_rand_write_300s_qd32_repeat3,rand_write,3,results\external_ssd\sustained_rand_write_300s_qd32_repeat3\sustained_rand_write_300s_qd32_repeat3_run3.json
12000.0,12.0,,,448.024,sustained_rand_write_300s_qd32_repeat3,rand_write,3,results\external_ssd\sustained_rand_write_300s_qd32_repeat3\sustained_rand_write_300s_qd32_repeat3_run3.json
12009.0,12.009,141.90234375,36327.0,,sustained_rand_write_300s_qd32_repeat3,rand_write,3,results\external_ssd\sustained_rand_write_300s_qd32_repeat3\sustained_rand_write_300s_qd32_repeat3_run3.json
13000.0,13.0,,,458.452,sustained_rand_write_300s_qd32_repeat3,rand_write,3,results\external_ssd\sustained_rand_write_300s_qd32_repeat3\sustained_rand_write_300s_qd32_repeat3_run3.json
13007.0,13.007,138.74609375,35519.0,,sustained_rand_write_300s_qd32_repeat3,rand_write,3,results\external_ssd\sustained_rand_write_300s_qd32_repeat3\sustained_rand_write_300s_qd32_repeat3_run3.json
14000.0,14.0,,,443.939,sustained_rand_write_300s_qd32_repeat3,rand_write,3,results\external_ssd\sustained_rand_write_300s_qd32_repeat3\sustained_rand_write_300s_qd32_repeat3_run3.json
14009.0,14.009,143.6220703125,36767.0,,sustained_rand_write_300s_qd32_repeat3,rand_write,3,results\external_ssd\sustained_rand_write_300s_qd32_repeat3\sustained_rand_write_300s_qd32_repeat3_run3.json
15000.0,15.0,,,503.407,sustained_rand_write_300s_qd32_repeat3,rand_write,3,results\external_ssd\sustained_rand_write_300s_qd32_repeat3\sustained_rand_write_300s_qd32_repeat3_run3.json
15007.0,15.007,125.31640625,32081.0,,sustained_rand_write_300s_qd32_repeat3,rand_write,3,results\external_ssd\sustained_rand_write_300s_qd32_repeat3\sustained_rand_write_300s_qd32_repeat3_run3.json
16000.0,16.0,,,481.403,sustained_rand_write_300s_qd32_repeat3,rand_write,3,results\external_ssd\sustained_rand_write_300s_qd32_repeat3\sustained_rand_write_300s_qd32_repeat3_run3.json
16009.0,16.009,132.2236328125,33849.0,,sustained_rand_write_300s_qd32_repeat3,rand_write,3,results\external_ssd\sustained_rand_write_300s_qd32_repeat3\sustained_rand_write_300s_qd32_repeat3_run3.json
17000.0,17.0,,,512.124,sustained_rand_write_300s_qd32_repeat3,rand_write,3,results\external_ssd\sustained_rand_write_300s_qd32_repeat3\sustained_rand_write_300s_qd32_repeat3_run3.json
17009.0,17.009,123.798828125,31692.0,,sustained_rand_write_300s_qd32_repeat3,rand_write,3,results\external_ssd\sustained_rand_write_300s_qd32_repeat3\sustained_rand_write_300s_qd32_repeat3_run3.json
18001.0,18.001,,,521.967,sustained_rand_write_300s_qd32_repeat3,rand_write,3,results\external_ssd\sustained_rand_write_300s_qd32_repeat3\sustained_rand_write_300s_qd32_repeat3_run3.json
18009.0,18.009,121.0703125,30994.0,,sustained_rand_write_300s_qd32_repeat3,rand_write,3,results\external_ssd\sustained_rand_write_300s_qd32_repeat3\sustained_rand_write_300s_qd32_repeat3_run3.json
19000.0,19.0,,,432.804,sustained_rand_write_300s_qd32_repeat3,rand_write,3,results\external_ssd\sustained_rand_write_300s_qd32_repeat3\sustained_rand_write_300s_qd32_repeat3_run3.json
19008.0,19.008,147.6357421875,37794.0,,sustained_rand_write_300s_qd32_repeat3,rand_write,3,results\external_ssd\sustained_rand_write_300s_qd32_repeat3\sustained_rand_write_300s_qd32_repeat3_run3.json
20000.0,20.0,,,448.443,sustained_rand_write_300s_qd32_repeat3,rand_write,3,results\external_ssd\sustained_rand_write_300s_qd32_repeat3\sustained_rand_write_300s_qd32_repeat3_run3.json
20011.0,20.011,142.23828125,36413.0,,sustained_rand_write_300s_qd32_repeat3,rand_write,3,results\external_ssd\sustained_rand_write_300s_qd32_repeat3\sustained_rand_write_300s_qd32_repeat3_run3.json
21000.0,21.0,,,394.854,sustained_rand_write_300s_qd32_repeat3,rand_write,3,results\external_ssd\sustained_rand_write_300s_qd32_repeat3\sustained_rand_write_300s_qd32_repeat3_run3.json
21011.0,21.011,162.484375,41596.0,,sustained_rand_write_300s_qd32_repeat3,rand_write,3,results\external_ssd\sustained_rand_write_300s_qd32_repeat3\sustained_rand_write_300s_qd32_repeat3_run3.json
22000.0,22.0,,,376.596,sustained_rand_write_300s_qd32_repeat3,rand_write,3,results\external_ssd\sustained_rand_write_300s_qd32_repeat3\sustained_rand_write_300s_qd32_repeat3_run3.json
22012.0,22.012,169.876953125,43488.0,,sustained_rand_write_300s_qd32_repeat3,rand_write,3,results\external_ssd\sustained_rand_write_300s_qd32_repeat3\sustained_rand_write_300s_qd32_repeat3_run3.json
23000.0,23.0,,,417.323,sustained_rand_write_300s_qd32_repeat3,rand_write,3,results\external_ssd\sustained_rand_write_300s_qd32_repeat3\sustained_rand_write_300s_qd32_repeat3_run3.json
23012.0,23.012,152.40234375,39015.0,,sustained_rand_write_300s_qd32_repeat3,rand_write,3,results\external_ssd\sustained_rand_write_300s_qd32_repeat3\sustained_rand_write_300s_qd32_repeat3_run3.json
24000.0,24.0,,,409.763,sustained_rand_write_300s_qd32_repeat3,rand_write,3,results\external_ssd\sustained_rand_write_300s_qd32_repeat3\sustained_rand_write_300s_qd32_repeat3_run3.json
24013.0,24.013,155.3203125,39762.0,,sustained_rand_write_300s_qd32_repeat3,rand_write,3,results\external_ssd\sustained_rand_write_300s_qd32_repeat3\sustained_rand_write_300s_qd32_repeat3_run3.json
25000.0,25.0,,,415.227,sustained_rand_write_300s_qd32_repeat3,rand_write,3,results\external_ssd\sustained_rand_write_300s_qd32_repeat3\sustained_rand_write_300s_qd32_repeat3_run3.json
25013.0,25.013,153.671875,39340.0,,sustained_rand_write_300s_qd32_repeat3,rand_write,3,results\external_ssd\sustained_rand_write_300s_qd32_repeat3\sustained_rand_write_300s_qd32_repeat3_run3.json
26000.0,26.0,,,459.683,sustained_rand_write_300s_qd32_repeat3,rand_write,3,results\external_ssd\sustained_rand_write_300s_qd32_repeat3\sustained_rand_write_300s_qd32_repeat3_run3.json
26015.0,26.015,138.318359375,35409.0,,sustained_rand_write_300s_qd32_repeat3,rand_write,3,results\external_ssd\sustained_rand_write_300s_qd32_repeat3\sustained_rand_write_300s_qd32_repeat3_run3.json
27000.0,27.0,,,454.982,sustained_rand_write_300s_qd32_repeat3,rand_write,3,results\external_ssd\sustained_rand_write_300s_qd32_repeat3\sustained_rand_write_300s_qd32_repeat3_run3.json
27016.0,27.016,139.3173828125,35665.0,,sustained_rand_write_300s_qd32_repeat3,rand_write,3,results\external_ssd\sustained_rand_write_300s_qd32_repeat3\sustained_rand_write_300s_qd32_repeat3_run3.json
28000.0,28.0,,,457.369,sustained_rand_write_300s_qd32_repeat3,rand_write,3,results\external_ssd\sustained_rand_write_300s_qd32_repeat3\sustained_rand_write_300s_qd32_repeat3_run3.json
28016.0,28.016,139.5546875,35726.0,,sustained_rand_write_300s_qd32_repeat3,rand_write,3,results\external_ssd\sustained_rand_write_300s_qd32_repeat3\sustained_rand_write_300s_qd32_repeat3_run3.json
29000.0,29.0,,,435.264,sustained_rand_write_300s_qd32_repeat3,rand_write,3,results\external_ssd\sustained_rand_write_300s_qd32_repeat3\sustained_rand_write_300s_qd32_repeat3_run3.json
29017.0,29.017,146.5400390625,37514.0,,sustained_rand_write_300s_qd32_repeat3,rand_write,3,results\external_ssd\sustained_rand_write_300s_qd32_repeat3\sustained_rand_write_300s_qd32_repeat3_run3.json
30000.0,30.0,,,470.109,sustained_rand_write_300s_qd32_repeat3,rand_write,3,results\external_ssd\sustained_rand_write_300s_qd32_repeat3\sustained_rand_write_300s_qd32_repeat3_run3.json
30018.0,30.018,135.640625,34724.0,,sustained_rand_write_300s_qd32_repeat3,rand_write,3,results\external_ssd\sustained_rand_write_300s_qd32_repeat3\sustained_rand_write_300s_qd32_repeat3_run3.json
31000.0,31.0,,,473.08,sustained_rand_write_300s_qd32_repeat3,rand_write,3,results\external_ssd\sustained_rand_write_300s_qd32_repeat3\sustained_rand_write_300s_qd32_repeat3_run3.json
31018.0,31.018,134.03515625,34313.0,,sustained_rand_write_300s_qd32_repeat3,rand_write,3,results\external_ssd\sustained_rand_write_300s_qd32_repeat3\sustained_rand_write_300s_qd32_repeat3_run3.json
32000.0,32.0,,,446.802,sustained_rand_write_300s_qd32_repeat3,rand_write,3,results\external_ssd\sustained_rand_write_300s_qd32_repeat3\sustained_rand_write_300s_qd32_repeat3_run3.json
32019.0,32.019,142.203125,36404.0,,sustained_rand_write_300s_qd32_repeat3,rand_write,3,results\external_ssd\sustained_rand_write_300s_qd32_repeat3\sustained_rand_write_300s_qd32_repeat3_run3.json
33000.0,33.0,,,465.584,sustained_rand_write_300s_qd32_repeat3,rand_write,3,results\external_ssd\sustained_rand_write_300s_qd32_repeat3\sustained_rand_write_300s_qd32_repeat3_run3.json
33019.0,33.019,136.125,34848.0,,sustained_rand_write_300s_qd32_repeat3,rand_write,3,results\external_ssd\sustained_rand_write_300s_qd32_repeat3\sustained_rand_write_300s_qd32_repeat3_run3.json
34000.0,34.0,,,462.877,sustained_rand_write_300s_qd32_repeat3,rand_write,3,results\external_ssd\sustained_rand_write_300s_qd32_repeat3\sustained_rand_write_300s_qd32_repeat3_run3.json
34020.0,34.02,137.28515625,35145.0,,sustained_rand_write_300s_qd32_repeat3,rand_write,3,results\external_ssd\sustained_rand_write_300s_qd32_repeat3\sustained_rand_write_300s_qd32_repeat3_run3.json
35000.0,35.0,,,482.268,sustained_rand_write_300s_qd32_repeat3,rand_write,3,results\external_ssd\sustained_rand_write_300s_qd32_repeat3\sustained_rand_write_300s_qd32_repeat3_run3.json
35020.0,35.02,132.23046875,33851.0,,sustained_rand_write_300s_qd32_repeat3,rand_write,3,results\external_ssd\sustained_rand_write_300s_qd32_repeat3\sustained_rand_write_300s_qd32_repeat3_run3.json
36000.0,36.0,,,487.886,sustained_rand_write_300s_qd32_repeat3,rand_write,3,results\external_ssd\sustained_rand_write_300s_qd32_repeat3\sustained_rand_write_300s_qd32_repeat3_run3.json
36021.0,36.021,129.3232421875,33106.0,,sustained_rand_write_300s_qd32_repeat3,rand_write,3,results\external_ssd\sustained_rand_write_300s_qd32_repeat3\sustained_rand_write_300s_qd32_repeat3_run3.json
37000.0,37.0,,,434.431,sustained_rand_write_300s_qd32_repeat3,rand_write,3,results\external_ssd\sustained_rand_write_300s_qd32_repeat3\sustained_rand_write_300s_qd32_repeat3_run3.json
37022.0,37.022,147.3525390625,37722.0,,sustained_rand_write_300s_qd32_repeat3,rand_write,3,results\external_ssd\sustained_rand_write_300s_qd32_repeat3\sustained_rand_write_300s_qd32_repeat3_run3.json
38013.0,38.013,,,452.771,sustained_rand_write_300s_qd32_repeat3,rand_write,3,results\external_ssd\sustained_rand_write_300s_qd32_repeat3\sustained_rand_write_300s_qd32_repeat3_run3.json
38022.0,38.022,141.9140625,36330.0,,sustained_rand_write_300s_qd32_repeat3,rand_write,3,results\external_ssd\sustained_rand_write_300s_qd32_repeat3\sustained_rand_write_300s_qd32_repeat3_run3.json
39000.0,39.0,,,388.081,sustained_rand_write_300s_qd32_repeat3,rand_write,3,results\external_ssd\sustained_rand_write_300s_qd32_repeat3\sustained_rand_write_300s_qd32_repeat3_run3.json
39023.0,39.023,166.6103515625,42652.0,,sustained_rand_write_300s_qd32_repeat3,rand_write,3,results\external_ssd\sustained_rand_write_300s_qd32_repeat3\sustained_rand_write_300s_qd32_repeat3_run3.json
40000.0,40.0,,,407.512,sustained_rand_write_300s_qd32_repeat3,rand_write,3,results\external_ssd\sustained_rand_write_300s_qd32_repeat3\sustained_rand_write_300s_qd32_repeat3_run3.json
40023.0,40.023,157.28125,40264.0,,sustained_rand_write_300s_qd32_repeat3,rand_write,3,results\external_ssd\sustained_rand_write_300s_qd32_repeat3\sustained_rand_write_300s_qd32_repeat3_run3.json
41000.0,41.0,,,591.162,sustained_rand_write_300s_qd32_repeat3,rand_write,3,results\external_ssd\sustained_rand_write_300s_qd32_repeat3\sustained_rand_write_300s_qd32_repeat3_run3.json
41024.0,41.024,109.6044921875,28058.0,,sustained_rand_write_300s_qd32_repeat3,rand_write,3,results\external_ssd\sustained_rand_write_300s_qd32_repeat3\sustained_rand_write_300s_qd32_repeat3_run3.json
42000.0,42.0,,,581.538,sustained_rand_write_300s_qd32_repeat3,rand_write,3,results\external_ssd\sustained_rand_write_300s_qd32_repeat3\sustained_rand_write_300s_qd32_repeat3_run3.json
42025.0,42.025,108.03125,27656.0,,sustained_rand_write_300s_qd32_repeat3,rand_write,3,results\external_ssd\sustained_rand_write_300s_qd32_repeat3\sustained_rand_write_300s_qd32_repeat3_run3.json
43000.0,43.0,,,655.614,sustained_rand_write_300s_qd32_repeat3,rand_write,3,results\external_ssd\sustained_rand_write_300s_qd32_repeat3\sustained_rand_write_300s_qd32_repeat3_run3.json
43025.0,43.025,101.35546875,25947.0,,sustained_rand_write_300s_qd32_repeat3,rand_write,3,results\external_ssd\sustained_rand_write_300s_qd32_repeat3\sustained_rand_write_300s_qd32_repeat3_run3.json
44000.0,44.0,,,390.261,sustained_rand_write_300s_qd32_repeat3,rand_write,3,results\external_ssd\sustained_rand_write_300s_qd32_repeat3\sustained_rand_write_300s_qd32_repeat3_run3.json
44026.0,44.026,165.044921875,42251.0,,sustained_rand_write_300s_qd32_repeat3,rand_write,3,results\external_ssd\sustained_rand_write_300s_qd32_repeat3\sustained_rand_write_300s_qd32_repeat3_run3.json
45000.0,45.0,,,357.471,sustained_rand_write_300s_qd32_repeat3,rand_write,3,results\external_ssd\sustained_rand_write_300s_qd32_repeat3\sustained_rand_write_300s_qd32_repeat3_run3.json
45027.0,45.027,179.921875,46060.0,,sustained_rand_write_300s_qd32_repeat3,rand_write,3,results\external_ssd\sustained_rand_write_300s_qd32_repeat3\sustained_rand_write_300s_qd32_repeat3_run3.json
46000.0,46.0,,,362.473,sustained_rand_write_300s_qd32_repeat3,rand_write,3,results\external_ssd\sustained_rand_write_300s_qd32_repeat3\sustained_rand_write_300s_qd32_repeat3_run3.json
46027.0,46.027,176.60546875,45211.0,,sustained_rand_write_300s_qd32_repeat3,rand_write,3,results\external_ssd\sustained_rand_write_300s_qd32_repeat3\sustained_rand_write_300s_qd32_repeat3_run3.json
47000.0,47.0,,,414.753,sustained_rand_write_300s_qd32_repeat3,rand_write,3,results\external_ssd\sustained_rand_write_300s_qd32_repeat3\sustained_rand_write_300s_qd32_repeat3_run3.json
47027.0,47.027,154.35546875,39515.0,,sustained_rand_write_300s_qd32_repeat3,rand_write,3,results\external_ssd\sustained_rand_write_300s_qd32_repeat3\sustained_rand_write_300s_qd32_repeat3_run3.json
48000.0,48.0,,,420.467,sustained_rand_write_300s_qd32_repeat3,rand_write,3,results\external_ssd\sustained_rand_write_300s_qd32_repeat3\sustained_rand_write_300s_qd32_repeat3_run3.json
48027.0,48.027,149.75390625,38337.0,,sustained_rand_write_300s_qd32_repeat3,rand_write,3,results\external_ssd\sustained_rand_write_300s_qd32_repeat3\sustained_rand_write_300s_qd32_repeat3_run3.json
49000.0,49.0,,,416.112,sustained_rand_write_300s_qd32_repeat3,rand_write,3,results\external_ssd\sustained_rand_write_300s_qd32_repeat3\sustained_rand_write_300s_qd32_repeat3_run3.json
49028.0,49.028,154.3525390625,39514.0,,sustained_rand_write_300s_qd32_repeat3,rand_write,3,results\external_ssd\sustained_rand_write_300s_qd32_repeat3\sustained_rand_write_300s_qd32_repeat3_run3.json
50000.0,50.0,,,437.875,sustained_rand_write_300s_qd32_repeat3,rand_write,3,results\external_ssd\sustained_rand_write_300s_qd32_repeat3\sustained_rand_write_300s_qd32_repeat3_run3.json
50030.0,50.03,145.509765625,37250.0,,sustained_rand_write_300s_qd32_repeat3,rand_write,3,results\external_ssd\sustained_rand_write_300s_qd32_repeat3\sustained_rand_write_300s_qd32_repeat3_run3.json
51000.0,51.0,,,458.338,sustained_rand_write_300s_qd32_repeat3,rand_write,3,results\external_ssd\sustained_rand_write_300s_qd32_repeat3\sustained_rand_write_300s_qd32_repeat3_run3.json
51030.0,51.03,140.6484375,36006.0,,sustained_rand_write_300s_qd32_repeat3,rand_write,3,results\external_ssd\sustained_rand_write_300s_qd32_repeat3\sustained_rand_write_300s_qd32_repeat3_run3.json
52000.0,52.0,,,424.101,sustained_rand_write_300s_qd32_repeat3,rand_write,3,results\external_ssd\sustained_rand_write_300s_qd32_repeat3\sustained_rand_write_300s_qd32_repeat3_run3.json
52030.0,52.03,150.484375,38524.0,,sustained_rand_write_300s_qd32_repeat3,rand_write,3,results\external_ssd\sustained_rand_write_300s_qd32_repeat3\sustained_rand_write_300s_qd32_repeat3_run3.json
53000.0,53.0,,,371.155,sustained_rand_write_300s_qd32_repeat3,rand_write,3,results\external_ssd\sustained_rand_write_300s_qd32_repeat3\sustained_rand_write_300s_qd32_repeat3_run3.json
53030.0,53.03,172.6015625,44186.0,,sustained_rand_write_300s_qd32_repeat3,rand_write,3,results\external_ssd\sustained_rand_write_300s_qd32_repeat3\sustained_rand_write_300s_qd32_repeat3_run3.json
54000.0,54.0,,,347.693,sustained_rand_write_300s_qd32_repeat3,rand_write,3,results\external_ssd\sustained_rand_write_300s_qd32_repeat3\sustained_rand_write_300s_qd32_repeat3_run3.json
54030.0,54.03,185.21484375,47415.0,,sustained_rand_write_300s_qd32_repeat3,rand_write,3,results\external_ssd\sustained_rand_write_300s_qd32_repeat3\sustained_rand_write_300s_qd32_repeat3_run3.json
55000.0,55.0,,,343.679,sustained_rand_write_300s_qd32_repeat3,rand_write,3,results\external_ssd\sustained_rand_write_300s_qd32_repeat3\sustained_rand_write_300s_qd32_repeat3_run3.json
55031.0,55.031,186.98046875,47867.0,,sustained_rand_write_300s_qd32_repeat3,rand_write,3,results\external_ssd\sustained_rand_write_300s_qd32_repeat3\sustained_rand_write_300s_qd32_repeat3_run3.json
56000.0,56.0,,,395.229,sustained_rand_write_300s_qd32_repeat3,rand_write,3,results\external_ssd\sustained_rand_write_300s_qd32_repeat3\sustained_rand_write_300s_qd32_repeat3_run3.json
56032.0,56.032,161.892578125,41444.0,,sustained_rand_write_300s_qd32_repeat3,rand_write,3,results\external_ssd\sustained_rand_write_300s_qd32_repeat3\sustained_rand_write_300s_qd32_repeat3_run3.json
57000.0,57.0,,,393.279,sustained_rand_write_300s_qd32_repeat3,rand_write,3,results\external_ssd\sustained_rand_write_300s_qd32_repeat3\sustained_rand_write_300s_qd32_repeat3_run3.json
57033.0,57.033,162.9111328125,41705.0,,sustained_rand_write_300s_qd32_repeat3,rand_write,3,results\external_ssd\sustained_rand_write_300s_qd32_repeat3\sustained_rand_write_300s_qd32_repeat3_run3.json
58000.0,58.0,,,427.353,sustained_rand_write_300s_qd32_repeat3,rand_write,3,results\external_ssd\sustained_rand_write_300s_qd32_repeat3\sustained_rand_write_300s_qd32_repeat3_run3.json
58034.0,58.034,147.69921875,37811.0,,sustained_rand_write_300s_qd32_repeat3,rand_write,3,results\external_ssd\sustained_rand_write_300s_qd32_repeat3\sustained_rand_write_300s_qd32_repeat3_run3.json
59000.0,59.0,,,400.178,sustained_rand_write_300s_qd32_repeat3,rand_write,3,results\external_ssd\sustained_rand_write_300s_qd32_repeat3\sustained_rand_write_300s_qd32_repeat3_run3.json
59035.0,59.035,162.078125,41492.0,,sustained_rand_write_300s_qd32_repeat3,rand_write,3,results\external_ssd\sustained_rand_write_300s_qd32_repeat3\sustained_rand_write_300s_qd32_repeat3_run3.json
60000.0,60.0,,,421.533,sustained_rand_write_300s_qd32_repeat3,rand_write,3,results\external_ssd\sustained_rand_write_300s_qd32_repeat3\sustained_rand_write_300s_qd32_repeat3_run3.json
60035.0,60.035,151.39453125,38757.0,,sustained_rand_write_300s_qd32_repeat3,rand_write,3,results\external_ssd\sustained_rand_write_300s_qd32_repeat3\sustained_rand_write_300s_qd32_repeat3_run3.json
61000.0,61.0,,,398.148,sustained_rand_write_300s_qd32_repeat3,rand_write,3,results\external_ssd\sustained_rand_write_300s_qd32_repeat3\sustained_rand_write_300s_qd32_repeat3_run3.json
61036.0,61.036,160.01953125,40965.0,,sustained_rand_write_300s_qd32_repeat3,rand_write,3,results\external_ssd\sustained_rand_write_300s_qd32_repeat3\sustained_rand_write_300s_qd32_repeat3_run3.json
62000.0,62.0,,,366.163,sustained_rand_write_300s_qd32_repeat3,rand_write,3,results\external_ssd\sustained_rand_write_300s_qd32_repeat3\sustained_rand_write_300s_qd32_repeat3_run3.json
62036.0,62.036,176.85546875,45275.0,,sustained_rand_write_300s_qd32_repeat3,rand_write,3,results\external_ssd\sustained_rand_write_300s_qd32_repeat3\sustained_rand_write_300s_qd32_repeat3_run3.json
63000.0,63.0,,,426.064,sustained_rand_write_300s_qd32_repeat3,rand_write,3,results\external_ssd\sustained_rand_write_300s_qd32_repeat3\sustained_rand_write_300s_qd32_repeat3_run3.json
63037.0,63.037,149.12109375,38175.0,,sustained_rand_write_300s_qd32_repeat3,rand_write,3,results\external_ssd\sustained_rand_write_300s_qd32_repeat3\sustained_rand_write_300s_qd32_repeat3_run3.json
64000.0,64.0,,,430.139,sustained_rand_write_300s_qd32_repeat3,rand_write,3,results\external_ssd\sustained_rand_write_300s_qd32_repeat3\sustained_rand_write_300s_qd32_repeat3_run3.json
64037.0,64.037,147.03515625,37641.0,,sustained_rand_write_300s_qd32_repeat3,rand_write,3,results\external_ssd\sustained_rand_write_300s_qd32_repeat3\sustained_rand_write_300s_qd32_repeat3_run3.json
65000.0,65.0,,,422.616,sustained_rand_write_300s_qd32_repeat3,rand_write,3,results\external_ssd\sustained_rand_write_300s_qd32_repeat3\sustained_rand_write_300s_qd32_repeat3_run3.json
65037.0,65.037,152.14453125,38949.0,,sustained_rand_write_300s_qd32_repeat3,rand_write,3,results\external_ssd\sustained_rand_write_300s_qd32_repeat3\sustained_rand_write_300s_qd32_repeat3_run3.json
66000.0,66.0,,,417.916,sustained_rand_write_300s_qd32_repeat3,rand_write,3,results\external_ssd\sustained_rand_write_300s_qd32_repeat3\sustained_rand_write_300s_qd32_repeat3_run3.json
66038.0,66.038,153.60546875,39323.0,,sustained_rand_write_300s_qd32_repeat3,rand_write,3,results\external_ssd\sustained_rand_write_300s_qd32_repeat3\sustained_rand_write_300s_qd32_repeat3_run3.json
67000.0,67.0,,,425.528,sustained_rand_write_300s_qd32_repeat3,rand_write,3,results\external_ssd\sustained_rand_write_300s_qd32_repeat3\sustained_rand_write_300s_qd32_repeat3_run3.json
67038.0,67.038,152.55078125,39053.0,,sustained_rand_write_300s_qd32_repeat3,rand_write,3,results\external_ssd\sustained_rand_write_300s_qd32_repeat3\sustained_rand_write_300s_qd32_repeat3_run3.json
68000.0,68.0,,,380.114,sustained_rand_write_300s_qd32_repeat3,rand_write,3,results\external_ssd\sustained_rand_write_300s_qd32_repeat3\sustained_rand_write_300s_qd32_repeat3_run3.json
68039.0,68.039,168.20703125,43061.0,,sustained_rand_write_300s_qd32_repeat3,rand_write,3,results\external_ssd\sustained_rand_write_300s_qd32_repeat3\sustained_rand_write_300s_qd32_repeat3_run3.json
69000.0,69.0,,,372.339,sustained_rand_write_300s_qd32_repeat3,rand_write,3,results\external_ssd\sustained_rand_write_300s_qd32_repeat3\sustained_rand_write_300s_qd32_repeat3_run3.json
69039.0,69.039,174.1875,44592.0,,sustained_rand_write_300s_qd32_repeat3,rand_write,3,results\external_ssd\sustained_rand_write_300s_qd32_repeat3\sustained_rand_write_300s_qd32_repeat3_run3.json
70000.0,70.0,,,334.069,sustained_rand_write_300s_qd32_repeat3,rand_write,3,results\external_ssd\sustained_rand_write_300s_qd32_repeat3\sustained_rand_write_300s_qd32_repeat3_run3.json
70040.0,70.04,192.23046875,49211.0,,sustained_rand_write_300s_qd32_repeat3,rand_write,3,results\external_ssd\sustained_rand_write_300s_qd32_repeat3\sustained_rand_write_300s_qd32_repeat3_run3.json
71000.0,71.0,,,320.92,sustained_rand_write_300s_qd32_repeat3,rand_write,3,results\external_ssd\sustained_rand_write_300s_qd32_repeat3\sustained_rand_write_300s_qd32_repeat3_run3.json
71041.0,71.041,199.9326171875,51182.0,,sustained_rand_write_300s_qd32_repeat3,rand_write,3,results\external_ssd\sustained_rand_write_300s_qd32_repeat3\sustained_rand_write_300s_qd32_repeat3_run3.json
72000.0,72.0,,,320.097,sustained_rand_write_300s_qd32_repeat3,rand_write,3,results\external_ssd\sustained_rand_write_300s_qd32_repeat3\sustained_rand_write_300s_qd32_repeat3_run3.json
72041.0,72.041,200.96484375,51447.0,,sustained_rand_write_300s_qd32_repeat3,rand_write,3,results\external_ssd\sustained_rand_write_300s_qd32_repeat3\sustained_rand_write_300s_qd32_repeat3_run3.json
73000.0,73.0,,,352.076,sustained_rand_write_300s_qd32_repeat3,rand_write,3,results\external_ssd\sustained_rand_write_300s_qd32_repeat3\sustained_rand_write_300s_qd32_repeat3_run3.json
73041.0,73.041,179.37109375,45919.0,,sustained_rand_write_300s_qd32_repeat3,rand_write,3,results\external_ssd\sustained_rand_write_300s_qd32_repeat3\sustained_rand_write_300s_qd32_repeat3_run3.json
74000.0,74.0,,,434.341,sustained_rand_write_300s_qd32_repeat3,rand_write,3,results\external_ssd\sustained_rand_write_300s_qd32_repeat3\sustained_rand_write_300s_qd32_repeat3_run3.json
74042.0,74.042,149.37109375,38239.0,,sustained_rand_write_300s_qd32_repeat3,rand_write,3,results\external_ssd\sustained_rand_write_300s_qd32_repeat3\sustained_rand_write_300s_qd32_repeat3_run3.json
75000.0,75.0,,,396.865,sustained_rand_write_300s_qd32_repeat3,rand_write,3,results\external_ssd\sustained_rand_write_300s_qd32_repeat3\sustained_rand_write_300s_qd32_repeat3_run3.json
75043.0,75.043,161.337890625,41302.0,,sustained_rand_write_300s_qd32_repeat3,rand_write,3,results\external_ssd\sustained_rand_write_300s_qd32_repeat3\sustained_rand_write_300s_qd32_repeat3_run3.json
76000.0,76.0,,,384.033,sustained_rand_write_300s_qd32_repeat3,rand_write,3,results\external_ssd\sustained_rand_write_300s_qd32_repeat3\sustained_rand_write_300s_qd32_repeat3_run3.json
76044.0,76.044,165.9609375,42486.0,,sustained_rand_write_300s_qd32_repeat3,rand_write,3,results\external_ssd\sustained_rand_write_300s_qd32_repeat3\sustained_rand_write_300s_qd32_repeat3_run3.json
77000.0,77.0,,,452.271,sustained_rand_write_300s_qd32_repeat3,rand_write,3,results\external_ssd\sustained_rand_write_300s_qd32_repeat3\sustained_rand_write_300s_qd32_repeat3_run3.json
77044.0,77.044,141.6640625,36266.0,,sustained_rand_write_300s_qd32_repeat3,rand_write,3,results\external_ssd\sustained_rand_write_300s_qd32_repeat3\sustained_rand_write_300s_qd32_repeat3_run3.json
78000.0,78.0,,,419.292,sustained_rand_write_300s_qd32_repeat3,rand_write,3,results\external_ssd\sustained_rand_write_300s_qd32_repeat3\sustained_rand_write_300s_qd32_repeat3_run3.json
78045.0,78.045,153.0302734375,39175.0,,sustained_rand_write_300s_qd32_repeat3,rand_write,3,results\external_ssd\sustained_rand_write_300s_qd32_repeat3\sustained_rand_write_300s_qd32_repeat3_run3.json
79000.0,79.0,,,404.1,sustained_rand_write_300s_qd32_repeat3,rand_write,3,results\external_ssd\sustained_rand_write_300s_qd32_repeat3\sustained_rand_write_300s_qd32_repeat3_run3.json
79046.0,79.046,160.0546875,40974.0,,sustained_rand_write_300s_qd32_repeat3,rand_write,3,results\external_ssd\sustained_rand_write_300s_qd32_repeat3\sustained_rand_write_300s_qd32_repeat3_run3.json
80000.0,80.0,,,408.867,sustained_rand_write_300s_qd32_repeat3,rand_write,3,results\external_ssd\sustained_rand_write_300s_qd32_repeat3\sustained_rand_write_300s_qd32_repeat3_run3.json
80046.0,80.046,157.1875,40240.0,,sustained_rand_write_300s_qd32_repeat3,rand_write,3,results\external_ssd\sustained_rand_write_300s_qd32_repeat3\sustained_rand_write_300s_qd32_repeat3_run3.json
81000.0,81.0,,,365.199,sustained_rand_write_300s_qd32_repeat3,rand_write,3,results\external_ssd\sustained_rand_write_300s_qd32_repeat3\sustained_rand_write_300s_qd32_repeat3_run3.json
81047.0,81.047,178.3359375,45654.0,,sustained_rand_write_300s_qd32_repeat3,rand_write,3,results\external_ssd\sustained_rand_write_300s_qd32_repeat3\sustained_rand_write_300s_qd32_repeat3_run3.json
82000.0,82.0,,,323.098,sustained_rand_write_300s_qd32_repeat3,rand_write,3,results\external_ssd\sustained_rand_write_300s_qd32_repeat3\sustained_rand_write_300s_qd32_repeat3_run3.json
82048.0,82.048,198.96875,50936.0,,sustained_rand_write_300s_qd32_repeat3,rand_write,3,results\external_ssd\sustained_rand_write_300s_qd32_repeat3\sustained_rand_write_300s_qd32_repeat3_run3.json
83000.0,83.0,,,376.618,sustained_rand_write_300s_qd32_repeat3,rand_write,3,results\external_ssd\sustained_rand_write_300s_qd32_repeat3\sustained_rand_write_300s_qd32_repeat3_run3.json
83049.0,83.049,169.666015625,43434.0,,sustained_rand_write_300s_qd32_repeat3,rand_write,3,results\external_ssd\sustained_rand_write_300s_qd32_repeat3\sustained_rand_write_300s_qd32_repeat3_run3.json
84000.0,84.0,,,383.449,sustained_rand_write_300s_qd32_repeat3,rand_write,3,results\external_ssd\sustained_rand_write_300s_qd32_repeat3\sustained_rand_write_300s_qd32_repeat3_run3.json
84049.0,84.049,165.8125,42448.0,,sustained_rand_write_300s_qd32_repeat3,rand_write,3,results\external_ssd\sustained_rand_write_300s_qd32_repeat3\sustained_rand_write_300s_qd32_repeat3_run3.json
85000.0,85.0,,,331.899,sustained_rand_write_300s_qd32_repeat3,rand_write,3,results\external_ssd\sustained_rand_write_300s_qd32_repeat3\sustained_rand_write_300s_qd32_repeat3_run3.json
85050.0,85.05,193.9697265625,49656.0,,sustained_rand_write_300s_qd32_repeat3,rand_write,3,results\external_ssd\sustained_rand_write_300s_qd32_repeat3\sustained_rand_write_300s_qd32_repeat3_run3.json
86000.0,86.0,,,326.311,sustained_rand_write_300s_qd32_repeat3,rand_write,3,results\external_ssd\sustained_rand_write_300s_qd32_repeat3\sustained_rand_write_300s_qd32_repeat3_run3.json
86051.0,86.051,196.78515625,50377.0,,sustained_rand_write_300s_qd32_repeat3,rand_write,3,results\external_ssd\sustained_rand_write_300s_qd32_repeat3\sustained_rand_write_300s_qd32_repeat3_run3.json
87000.0,87.0,,,343.362,sustained_rand_write_300s_qd32_repeat3,rand_write,3,results\external_ssd\sustained_rand_write_300s_qd32_repeat3\sustained_rand_write_300s_qd32_repeat3_run3.json
87051.0,87.051,186.05078125,47629.0,,sustained_rand_write_300s_qd32_repeat3,rand_write,3,results\external_ssd\sustained_rand_write_300s_qd32_repeat3\sustained_rand_write_300s_qd32_repeat3_run3.json
88000.0,88.0,,,335.014,sustained_rand_write_300s_qd32_repeat3,rand_write,3,results\external_ssd\sustained_rand_write_300s_qd32_repeat3\sustained_rand_write_300s_qd32_repeat3_run3.json
88052.0,88.052,193.30078125,49485.0,,sustained_rand_write_300s_qd32_repeat3,rand_write,3,results\external_ssd\sustained_rand_write_300s_qd32_repeat3\sustained_rand_write_300s_qd32_repeat3_run3.json
89000.0,89.0,,,343.867,sustained_rand_write_300s_qd32_repeat3,rand_write,3,results\external_ssd\sustained_rand_write_300s_qd32_repeat3\sustained_rand_write_300s_qd32_repeat3_run3.json
89052.0,89.052,185.48046875,47483.0,,sustained_rand_write_300s_qd32_repeat3,rand_write,3,results\external_ssd\sustained_rand_write_300s_qd32_repeat3\sustained_rand_write_300s_qd32_repeat3_run3.json
90000.0,90.0,,,371.318,sustained_rand_write_300s_qd32_repeat3,rand_write,3,results\external_ssd\sustained_rand_write_300s_qd32_repeat3\sustained_rand_write_300s_qd32_repeat3_run3.json
90053.0,90.053,173.001953125,44288.0,,sustained_rand_write_300s_qd32_repeat3,rand_write,3,results\external_ssd\sustained_rand_write_300s_qd32_repeat3\sustained_rand_write_300s_qd32_repeat3_run3.json
91000.0,91.0,,,376.633,sustained_rand_write_300s_qd32_repeat3,rand_write,3,results\external_ssd\sustained_rand_write_300s_qd32_repeat3\sustained_rand_write_300s_qd32_repeat3_run3.json
91054.0,91.054,172.02734375,44039.0,,sustained_rand_write_300s_qd32_repeat3,rand_write,3,results\external_ssd\sustained_rand_write_300s_qd32_repeat3\sustained_rand_write_300s_qd32_repeat3_run3.json
92000.0,92.0,,,421.311,sustained_rand_write_300s_qd32_repeat3,rand_write,3,results\external_ssd\sustained_rand_write_300s_qd32_repeat3\sustained_rand_write_300s_qd32_repeat3_run3.json
92054.0,92.054,151.7109375,38838.0,,sustained_rand_write_300s_qd32_repeat3,rand_write,3,results\external_ssd\sustained_rand_write_300s_qd32_repeat3\sustained_rand_write_300s_qd32_repeat3_run3.json
93000.0,93.0,,,435.906,sustained_rand_write_300s_qd32_repeat3,rand_write,3,results\external_ssd\sustained_rand_write_300s_qd32_repeat3\sustained_rand_write_300s_qd32_repeat3_run3.json
93055.0,93.055,149.765625,38340.0,,sustained_rand_write_300s_qd32_repeat3,rand_write,3,results\external_ssd\sustained_rand_write_300s_qd32_repeat3\sustained_rand_write_300s_qd32_repeat3_run3.json
94000.0,94.0,,,403.318,sustained_rand_write_300s_qd32_repeat3,rand_write,3,results\external_ssd\sustained_rand_write_300s_qd32_repeat3\sustained_rand_write_300s_qd32_repeat3_run3.json
94056.0,94.056,159.4296875,40814.0,,sustained_rand_write_300s_qd32_repeat3,rand_write,3,results\external_ssd\sustained_rand_write_300s_qd32_repeat3\sustained_rand_write_300s_qd32_repeat3_run3.json
95000.0,95.0,,,399.381,sustained_rand_write_300s_qd32_repeat3,rand_write,3,results\external_ssd\sustained_rand_write_300s_qd32_repeat3\sustained_rand_write_300s_qd32_repeat3_run3.json
95057.0,95.057,160.5537109375,41101.0,,sustained_rand_write_300s_qd32_repeat3,rand_write,3,results\external_ssd\sustained_rand_write_300s_qd32_repeat3\sustained_rand_write_300s_qd32_repeat3_run3.json
96000.0,96.0,,,379.323,sustained_rand_write_300s_qd32_repeat3,rand_write,3,results\external_ssd\sustained_rand_write_300s_qd32_repeat3\sustained_rand_write_300s_qd32_repeat3_run3.json
96058.0,96.058,169.396484375,43365.0,,sustained_rand_write_300s_qd32_repeat3,rand_write,3,results\external_ssd\sustained_rand_write_300s_qd32_repeat3\sustained_rand_write_300s_qd32_repeat3_run3.json
97000.0,97.0,,,357.874,sustained_rand_write_300s_qd32_repeat3,rand_write,3,results\external_ssd\sustained_rand_write_300s_qd32_repeat3\sustained_rand_write_300s_qd32_repeat3_run3.json
97059.0,97.059,182.29296875,46667.0,,sustained_rand_write_300s_qd32_repeat3,rand_write,3,results\external_ssd\sustained_rand_write_300s_qd32_repeat3\sustained_rand_write_300s_qd32_repeat3_run3.json
98000.0,98.0,,,325.921,sustained_rand_write_300s_qd32_repeat3,rand_write,3,results\external_ssd\sustained_rand_write_300s_qd32_repeat3\sustained_rand_write_300s_qd32_repeat3_run3.json
98059.0,98.059,197.06640625,50449.0,,sustained_rand_write_300s_qd32_repeat3,rand_write,3,results\external_ssd\sustained_rand_write_300s_qd32_repeat3\sustained_rand_write_300s_qd32_repeat3_run3.json
99000.0,99.0,,,323.917,sustained_rand_write_300s_qd32_repeat3,rand_write,3,results\external_ssd\sustained_rand_write_300s_qd32_repeat3\sustained_rand_write_300s_qd32_repeat3_run3.json
99060.0,99.06,198.3046875,50766.0,,sustained_rand_write_300s_qd32_repeat3,rand_write,3,results\external_ssd\sustained_rand_write_300s_qd32_repeat3\sustained_rand_write_300s_qd32_repeat3_run3.json
100000.0,100.0,,,324.239,sustained_rand_write_300s_qd32_repeat3,rand_write,3,results\external_ssd\sustained_rand_write_300s_qd32_repeat3\sustained_rand_write_300s_qd32_repeat3_run3.json
100061.0,100.061,197.875,50656.0,,sustained_rand_write_300s_qd32_repeat3,rand_write,3,results\external_ssd\sustained_rand_write_300s_qd32_repeat3\sustained_rand_write_300s_qd32_repeat3_run3.json
101000.0,101.0,,,327.874,sustained_rand_write_300s_qd32_repeat3,rand_write,3,results\external_ssd\sustained_rand_write_300s_qd32_repeat3\sustained_rand_write_300s_qd32_repeat3_run3.json
101061.0,101.061,195.1171875,49950.0,,sustained_rand_write_300s_qd32_repeat3,rand_write,3,results\external_ssd\sustained_rand_write_300s_qd32_repeat3\sustained_rand_write_300s_qd32_repeat3_run3.json
102000.0,102.0,,,339.033,sustained_rand_write_300s_qd32_repeat3,rand_write,3,results\external_ssd\sustained_rand_write_300s_qd32_repeat3\sustained_rand_write_300s_qd32_repeat3_run3.json
102062.0,102.062,189.36328125,48477.0,,sustained_rand_write_300s_qd32_repeat3,rand_write,3,results\external_ssd\sustained_rand_write_300s_qd32_repeat3\sustained_rand_write_300s_qd32_repeat3_run3.json
103000.0,103.0,,,326.387,sustained_rand_write_300s_qd32_repeat3,rand_write,3,results\external_ssd\sustained_rand_write_300s_qd32_repeat3\sustained_rand_write_300s_qd32_repeat3_run3.json
103062.0,103.062,197.85546875,50651.0,,sustained_rand_write_300s_qd32_repeat3,rand_write,3,results\external_ssd\sustained_rand_write_300s_qd32_repeat3\sustained_rand_write_300s_qd32_repeat3_run3.json
104000.0,104.0,,,348.616,sustained_rand_write_300s_qd32_repeat3,rand_write,3,results\external_ssd\sustained_rand_write_300s_qd32_repeat3\sustained_rand_write_300s_qd32_repeat3_run3.json
104064.0,104.064,185.310546875,47439.0,,sustained_rand_write_300s_qd32_repeat3,rand_write,3,results\external_ssd\sustained_rand_write_300s_qd32_repeat3\sustained_rand_write_300s_qd32_repeat3_run3.json
105000.0,105.0,,,333.866,sustained_rand_write_300s_qd32_repeat3,rand_write,3,results\external_ssd\sustained_rand_write_300s_qd32_repeat3\sustained_rand_write_300s_qd32_repeat3_run3.json
105064.0,105.064,192.16015625,49193.0,,sustained_rand_write_300s_qd32_repeat3,rand_write,3,results\external_ssd\sustained_rand_write_300s_qd32_repeat3\sustained_rand_write_300s_qd32_repeat3_run3.json
106000.0,106.0,,,323.059,sustained_rand_write_300s_qd32_repeat3,rand_write,3,results\external_ssd\sustained_rand_write_300s_qd32_repeat3\sustained_rand_write_300s_qd32_repeat3_run3.json
106065.0,106.065,198.5,50816.0,,sustained_rand_write_300s_qd32_repeat3,rand_write,3,results\external_ssd\sustained_rand_write_300s_qd32_repeat3\sustained_rand_write_300s_qd32_repeat3_run3.json
107000.0,107.0,,,352.12,sustained_rand_write_300s_qd32_repeat3,rand_write,3,results\external_ssd\sustained_rand_write_300s_qd32_repeat3\sustained_rand_write_300s_qd32_repeat3_run3.json
107065.0,107.065,182.40625,46696.0,,sustained_rand_write_300s_qd32_repeat3,rand_write,3,results\external_ssd\sustained_rand_write_300s_qd32_repeat3\sustained_rand_write_300s_qd32_repeat3_run3.json
108000.0,108.0,,,350.207,sustained_rand_write_300s_qd32_repeat3,rand_write,3,results\external_ssd\sustained_rand_write_300s_qd32_repeat3\sustained_rand_write_300s_qd32_repeat3_run3.json
108066.0,108.066,183.515625,46980.0,,sustained_rand_write_300s_qd32_repeat3,rand_write,3,results\external_ssd\sustained_rand_write_300s_qd32_repeat3\sustained_rand_write_300s_qd32_repeat3_run3.json
109000.0,109.0,,,353.522,sustained_rand_write_300s_qd32_repeat3,rand_write,3,results\external_ssd\sustained_rand_write_300s_qd32_repeat3\sustained_rand_write_300s_qd32_repeat3_run3.json
109066.0,109.066,179.80859375,46031.0,,sustained_rand_write_300s_qd32_repeat3,rand_write,3,results\external_ssd\sustained_rand_write_300s_qd32_repeat3\sustained_rand_write_300s_qd32_repeat3_run3.json
110000.0,110.0,,,387.811,sustained_rand_write_300s_qd32_repeat3,rand_write,3,results\external_ssd\sustained_rand_write_300s_qd32_repeat3\sustained_rand_write_300s_qd32_repeat3_run3.json
110066.0,110.066,166.9765625,42746.0,,sustained_rand_write_300s_qd32_repeat3,rand_write,3,results\external_ssd\sustained_rand_write_300s_qd32_repeat3\sustained_rand_write_300s_qd32_repeat3_run3.json
111000.0,111.0,,,381.966,sustained_rand_write_300s_qd32_repeat3,rand_write,3,results\external_ssd\sustained_rand_write_300s_qd32_repeat3\sustained_rand_write_300s_qd32_repeat3_run3.json
111067.0,111.067,167.80859375,42959.0,,sustained_rand_write_300s_qd32_repeat3,rand_write,3,results\external_ssd\sustained_rand_write_300s_qd32_repeat3\sustained_rand_write_300s_qd32_repeat3_run3.json
112000.0,112.0,,,410.419,sustained_rand_write_300s_qd32_repeat3,rand_write,3,results\external_ssd\sustained_rand_write_300s_qd32_repeat3\sustained_rand_write_300s_qd32_repeat3_run3.json
112068.0,112.068,157.955078125,40436.0,,sustained_rand_write_300s_qd32_repeat3,rand_write,3,results\external_ssd\sustained_rand_write_300s_qd32_repeat3\sustained_rand_write_300s_qd32_repeat3_run3.json
113000.0,113.0,,,364.485,sustained_rand_write_300s_qd32_repeat3,rand_write,3,results\external_ssd\sustained_rand_write_300s_qd32_repeat3\sustained_rand_write_300s_qd32_repeat3_run3.json
113069.0,113.069,178.7421875,45758.0,,sustained_rand_write_300s_qd32_repeat3,rand_write,3,results\external_ssd\sustained_rand_write_300s_qd32_repeat3\sustained_rand_write_300s_qd32_repeat3_run3.json
114000.0,114.0,,,321.703,sustained_rand_write_300s_qd32_repeat3,rand_write,3,results\external_ssd\sustained_rand_write_300s_qd32_repeat3\sustained_rand_write_300s_qd32_repeat3_run3.json
114069.0,114.069,199.64453125,51109.0,,sustained_rand_write_300s_qd32_repeat3,rand_write,3,results\external_ssd\sustained_rand_write_300s_qd32_repeat3\sustained_rand_write_300s_qd32_repeat3_run3.json
115000.0,115.0,,,329.854,sustained_rand_write_300s_qd32_repeat3,rand_write,3,results\external_ssd\sustained_rand_write_300s_qd32_repeat3\sustained_rand_write_300s_qd32_repeat3_run3.json
115070.0,115.07,194.79296875,49867.0,,sustained_rand_write_300s_qd32_repeat3,rand_write,3,results\external_ssd\sustained_rand_write_300s_qd32_repeat3\sustained_rand_write_300s_qd32_repeat3_run3.json
116000.0,116.0,,,331.998,sustained_rand_write_300s_qd32_repeat3,rand_write,3,results\external_ssd\sustained_rand_write_300s_qd32_repeat3\sustained_rand_write_300s_qd32_repeat3_run3.json
116070.0,116.07,194.078125,49684.0,,sustained_rand_write_300s_qd32_repeat3,rand_write,3,results\external_ssd\sustained_rand_write_300s_qd32_repeat3\sustained_rand_write_300s_qd32_repeat3_run3.json
117000.0,117.0,,,352.71,sustained_rand_write_300s_qd32_repeat3,rand_write,3,results\external_ssd\sustained_rand_write_300s_qd32_repeat3\sustained_rand_write_300s_qd32_repeat3_run3.json
117071.0,117.071,179.546875,45964.0,,sustained_rand_write_300s_qd32_repeat3,rand_write,3,results\external_ssd\sustained_rand_write_300s_qd32_repeat3\sustained_rand_write_300s_qd32_repeat3_run3.json
118000.0,118.0,,,399.19,sustained_rand_write_300s_qd32_repeat3,rand_write,3,results\external_ssd\sustained_rand_write_300s_qd32_repeat3\sustained_rand_write_300s_qd32_repeat3_run3.json
118071.0,118.071,159.2265625,40762.0,,sustained_rand_write_300s_qd32_repeat3,rand_write,3,results\external_ssd\sustained_rand_write_300s_qd32_repeat3\sustained_rand_write_300s_qd32_repeat3_run3.json
119000.0,119.0,,,411.915,sustained_rand_write_300s_qd32_repeat3,rand_write,3,results\external_ssd\sustained_rand_write_300s_qd32_repeat3\sustained_rand_write_300s_qd32_repeat3_run3.json
119071.0,119.071,158.07421875,40467.0,,sustained_rand_write_300s_qd32_repeat3,rand_write,3,results\external_ssd\sustained_rand_write_300s_qd32_repeat3\sustained_rand_write_300s_qd32_repeat3_run3.json
120000.0,120.0,,,392.381,sustained_rand_write_300s_qd32_repeat3,rand_write,3,results\external_ssd\sustained_rand_write_300s_qd32_repeat3\sustained_rand_write_300s_qd32_repeat3_run3.json
120072.0,120.072,164.7802734375,42183.0,,sustained_rand_write_300s_qd32_repeat3,rand_write,3,results\external_ssd\sustained_rand_write_300s_qd32_repeat3\sustained_rand_write_300s_qd32_repeat3_run3.json
121000.0,121.0,,,389.52,sustained_rand_write_300s_qd32_repeat3,rand_write,3,results\external_ssd\sustained_rand_write_300s_qd32_repeat3\sustained_rand_write_300s_qd32_repeat3_run3.json
121074.0,121.074,166.9111328125,42729.0,,sustained_rand_write_300s_qd32_repeat3,rand_write,3,results\external_ssd\sustained_rand_write_300s_qd32_repeat3\sustained_rand_write_300s_qd32_repeat3_run3.json
122000.0,122.0,,,335.083,sustained_rand_write_300s_qd32_repeat3,rand_write,3,results\external_ssd\sustained_rand_write_300s_qd32_repeat3\sustained_rand_write_300s_qd32_repeat3_run3.json
122074.0,122.074,192.15234375,49191.0,,sustained_rand_write_300s_qd32_repeat3,rand_write,3,results\external_ssd\sustained_rand_write_300s_qd32_repeat3\sustained_rand_write_300s_qd32_repeat3_run3.json
123000.0,123.0,,,355.565,sustained_rand_write_300s_qd32_repeat3,rand_write,3,results\external_ssd\sustained_rand_write_300s_qd32_repeat3\sustained_rand_write_300s_qd32_repeat3_run3.json
123075.0,123.075,173.62890625,44449.0,,sustained_rand_write_300s_qd32_repeat3,rand_write,3,results\external_ssd\sustained_rand_write_300s_qd32_repeat3\sustained_rand_write_300s_qd32_repeat3_run3.json
124000.0,124.0,,,374.386,sustained_rand_write_300s_qd32_repeat3,rand_write,3,results\external_ssd\sustained_rand_write_300s_qd32_repeat3\sustained_rand_write_300s_qd32_repeat3_run3.json
124076.0,124.076,170.8134765625,43728.0,,sustained_rand_write_300s_qd32_repeat3,rand_write,3,results\external_ssd\sustained_rand_write_300s_qd32_repeat3\sustained_rand_write_300s_qd32_repeat3_run3.json
125000.0,125.0,,,347.419,sustained_rand_write_300s_qd32_repeat3,rand_write,3,results\external_ssd\sustained_rand_write_300s_qd32_repeat3\sustained_rand_write_300s_qd32_repeat3_run3.json
125077.0,125.077,185.490234375,47485.0,,sustained_rand_write_300s_qd32_repeat3,rand_write,3,results\external_ssd\sustained_rand_write_300s_qd32_repeat3\sustained_rand_write_300s_qd32_repeat3_run3.json
126000.0,126.0,,,347.258,sustained_rand_write_300s_qd32_repeat3,rand_write,3,results\external_ssd\sustained_rand_write_300s_qd32_repeat3\sustained_rand_write_300s_qd32_repeat3_run3.json
126078.0,126.078,186.2265625,47674.0,,sustained_rand_write_300s_qd32_repeat3,rand_write,3,results\external_ssd\sustained_rand_write_300s_qd32_repeat3\sustained_rand_write_300s_qd32_repeat3_run3.json
127000.0,127.0,,,331.238,sustained_rand_write_300s_qd32_repeat3,rand_write,3,results\external_ssd\sustained_rand_write_300s_qd32_repeat3\sustained_rand_write_300s_qd32_repeat3_run3.json
127078.0,127.078,194.7421875,49854.0,,sustained_rand_write_300s_qd32_repeat3,rand_write,3,results\external_ssd\sustained_rand_write_300s_qd32_repeat3\sustained_rand_write_300s_qd32_repeat3_run3.json
128000.0,128.0,,,350.587,sustained_rand_write_300s_qd32_repeat3,rand_write,3,results\external_ssd\sustained_rand_write_300s_qd32_repeat3\sustained_rand_write_300s_qd32_repeat3_run3.json
128078.0,128.078,180.25,46144.0,,sustained_rand_write_300s_qd32_repeat3,rand_write,3,results\external_ssd\sustained_rand_write_300s_qd32_repeat3\sustained_rand_write_300s_qd32_repeat3_run3.json
129000.0,129.0,,,433.113,sustained_rand_write_300s_qd32_repeat3,rand_write,3,results\external_ssd\sustained_rand_write_300s_qd32_repeat3\sustained_rand_write_300s_qd32_repeat3_run3.json
129079.0,129.079,147.43359375,37743.0,,sustained_rand_write_300s_qd32_repeat3,rand_write,3,results\external_ssd\sustained_rand_write_300s_qd32_repeat3\sustained_rand_write_300s_qd32_repeat3_run3.json
130000.0,130.0,,,339.417,sustained_rand_write_300s_qd32_repeat3,rand_write,3,results\external_ssd\sustained_rand_write_300s_qd32_repeat3\sustained_rand_write_300s_qd32_repeat3_run3.json
130079.0,130.079,189.125,48416.0,,sustained_rand_write_300s_qd32_repeat3,rand_write,3,results\external_ssd\sustained_rand_write_300s_qd32_repeat3\sustained_rand_write_300s_qd32_repeat3_run3.json
131000.0,131.0,,,359.77,sustained_rand_write_300s_qd32_repeat3,rand_write,3,results\external_ssd\sustained_rand_write_300s_qd32_repeat3\sustained_rand_write_300s_qd32_repeat3_run3.json
131080.0,131.08,178.83984375,45783.0,,sustained_rand_write_300s_qd32_repeat3,rand_write,3,results\external_ssd\sustained_rand_write_300s_qd32_repeat3\sustained_rand_write_300s_qd32_repeat3_run3.json
132000.0,132.0,,,364.608,sustained_rand_write_300s_qd32_repeat3,rand_write,3,results\external_ssd\sustained_rand_write_300s_qd32_repeat3\sustained_rand_write_300s_qd32_repeat3_run3.json
132080.0,132.08,175.76953125,44997.0,,sustained_rand_write_300s_qd32_repeat3,rand_write,3,results\external_ssd\sustained_rand_write_300s_qd32_repeat3\sustained_rand_write_300s_qd32_repeat3_run3.json
133000.0,133.0,,,348.304,sustained_rand_write_300s_qd32_repeat3,rand_write,3,results\external_ssd\sustained_rand_write_300s_qd32_repeat3\sustained_rand_write_300s_qd32_repeat3_run3.json
133081.0,133.081,185.46875,47480.0,,sustained_rand_write_300s_qd32_repeat3,rand_write,3,results\external_ssd\sustained_rand_write_300s_qd32_repeat3\sustained_rand_write_300s_qd32_repeat3_run3.json
134000.0,134.0,,,350.901,sustained_rand_write_300s_qd32_repeat3,rand_write,3,results\external_ssd\sustained_rand_write_300s_qd32_repeat3\sustained_rand_write_300s_qd32_repeat3_run3.json
134081.0,134.081,182.51171875,46726.0,,sustained_rand_write_300s_qd32_repeat3,rand_write,3,results\external_ssd\sustained_rand_write_300s_qd32_repeat3\sustained_rand_write_300s_qd32_repeat3_run3.json
135000.0,135.0,,,349.14,sustained_rand_write_300s_qd32_repeat3,rand_write,3,results\external_ssd\sustained_rand_write_300s_qd32_repeat3\sustained_rand_write_300s_qd32_repeat3_run3.json
135082.0,135.082,183.8935546875,47076.0,,sustained_rand_write_300s_qd32_repeat3,rand_write,3,results\external_ssd\sustained_rand_write_300s_qd32_repeat3\sustained_rand_write_300s_qd32_repeat3_run3.json
136000.0,136.0,,,340.703,sustained_rand_write_300s_qd32_repeat3,rand_write,3,results\external_ssd\sustained_rand_write_300s_qd32_repeat3\sustained_rand_write_300s_qd32_repeat3_run3.json
136083.0,136.083,186.42578125,47725.0,,sustained_rand_write_300s_qd32_repeat3,rand_write,3,results\external_ssd\sustained_rand_write_300s_qd32_repeat3\sustained_rand_write_300s_qd32_repeat3_run3.json
137000.0,137.0,,,398.655,sustained_rand_write_300s_qd32_repeat3,rand_write,3,results\external_ssd\sustained_rand_write_300s_qd32_repeat3\sustained_rand_write_300s_qd32_repeat3_run3.json
137084.0,137.084,157.97265625,40441.0,,sustained_rand_write_300s_qd32_repeat3,rand_write,3,results\external_ssd\sustained_rand_write_300s_qd32_repeat3\sustained_rand_write_300s_qd32_repeat3_run3.json
138000.0,138.0,,,432.608,sustained_rand_write_300s_qd32_repeat3,rand_write,3,results\external_ssd\sustained_rand_write_300s_qd32_repeat3\sustained_rand_write_300s_qd32_repeat3_run3.json
138085.0,138.085,148.78125,38088.0,,sustained_rand_write_300s_qd32_repeat3,rand_write,3,results\external_ssd\sustained_rand_write_300s_qd32_repeat3\sustained_rand_write_300s_qd32_repeat3_run3.json
139000.0,139.0,,,449.09,sustained_rand_write_300s_qd32_repeat3,rand_write,3,results\external_ssd\sustained_rand_write_300s_qd32_repeat3\sustained_rand_write_300s_qd32_repeat3_run3.json
139085.0,139.085,149.44921875,38259.0,,sustained_rand_write_300s_qd32_repeat3,rand_write,3,results\external_ssd\sustained_rand_write_300s_qd32_repeat3\sustained_rand_write_300s_qd32_repeat3_run3.json
140000.0,140.0,,,375.79,sustained_rand_write_300s_qd32_repeat3,rand_write,3,results\external_ssd\sustained_rand_write_300s_qd32_repeat3\sustained_rand_write_300s_qd32_repeat3_run3.json
140086.0,140.086,168.7412109375,43197.0,,sustained_rand_write_300s_qd32_repeat3,rand_write,3,results\external_ssd\sustained_rand_write_300s_qd32_repeat3\sustained_rand_write_300s_qd32_repeat3_run3.json
141000.0,141.0,,,361.235,sustained_rand_write_300s_qd32_repeat3,rand_write,3,results\external_ssd\sustained_rand_write_300s_qd32_repeat3\sustained_rand_write_300s_qd32_repeat3_run3.json
141087.0,141.087,181.90625,46568.0,,sustained_rand_write_300s_qd32_repeat3,rand_write,3,results\external_ssd\sustained_rand_write_300s_qd32_repeat3\sustained_rand_write_300s_qd32_repeat3_run3.json
142000.0,142.0,,,339.054,sustained_rand_write_300s_qd32_repeat3,rand_write,3,results\external_ssd\sustained_rand_write_300s_qd32_repeat3\sustained_rand_write_300s_qd32_repeat3_run3.json
142088.0,142.088,189.21875,48440.0,,sustained_rand_write_300s_qd32_repeat3,rand_write,3,results\external_ssd\sustained_rand_write_300s_qd32_repeat3\sustained_rand_write_300s_qd32_repeat3_run3.json
143000.0,143.0,,,337.992,sustained_rand_write_300s_qd32_repeat3,rand_write,3,results\external_ssd\sustained_rand_write_300s_qd32_repeat3\sustained_rand_write_300s_qd32_repeat3_run3.json
143088.0,143.088,191.02734375,48903.0,,sustained_rand_write_300s_qd32_repeat3,rand_write,3,results\external_ssd\sustained_rand_write_300s_qd32_repeat3\sustained_rand_write_300s_qd32_repeat3_run3.json
144000.0,144.0,,,328.496,sustained_rand_write_300s_qd32_repeat3,rand_write,3,results\external_ssd\sustained_rand_write_300s_qd32_repeat3\sustained_rand_write_300s_qd32_repeat3_run3.json
144089.0,144.089,195.046875,49932.0,,sustained_rand_write_300s_qd32_repeat3,rand_write,3,results\external_ssd\sustained_rand_write_300s_qd32_repeat3\sustained_rand_write_300s_qd32_repeat3_run3.json
145000.0,145.0,,,340.876,sustained_rand_write_300s_qd32_repeat3,rand_write,3,results\external_ssd\sustained_rand_write_300s_qd32_repeat3\sustained_rand_write_300s_qd32_repeat3_run3.json
145089.0,145.089,186.3359375,47702.0,,sustained_rand_write_300s_qd32_repeat3,rand_write,3,results\external_ssd\sustained_rand_write_300s_qd32_repeat3\sustained_rand_write_300s_qd32_repeat3_run3.json
146000.0,146.0,,,377.943,sustained_rand_write_300s_qd32_repeat3,rand_write,3,results\external_ssd\sustained_rand_write_300s_qd32_repeat3\sustained_rand_write_300s_qd32_repeat3_run3.json
146089.0,146.089,169.5625,43408.0,,sustained_rand_write_300s_qd32_repeat3,rand_write,3,results\external_ssd\sustained_rand_write_300s_qd32_repeat3\sustained_rand_write_300s_qd32_repeat3_run3.json
147000.0,147.0,,,384.179,sustained_rand_write_300s_qd32_repeat3,rand_write,3,results\external_ssd\sustained_rand_write_300s_qd32_repeat3\sustained_rand_write_300s_qd32_repeat3_run3.json
147089.0,147.089,167.5625,42896.0,,sustained_rand_write_300s_qd32_repeat3,rand_write,3,results\external_ssd\sustained_rand_write_300s_qd32_repeat3\sustained_rand_write_300s_qd32_repeat3_run3.json
148000.0,148.0,,,394.605,sustained_rand_write_300s_qd32_repeat3,rand_write,3,results\external_ssd\sustained_rand_write_300s_qd32_repeat3\sustained_rand_write_300s_qd32_repeat3_run3.json
148090.0,148.09,164.3671875,42078.0,,sustained_rand_write_300s_qd32_repeat3,rand_write,3,results\external_ssd\sustained_rand_write_300s_qd32_repeat3\sustained_rand_write_300s_qd32_repeat3_run3.json
149000.0,149.0,,,362.805,sustained_rand_write_300s_qd32_repeat3,rand_write,3,results\external_ssd\sustained_rand_write_300s_qd32_repeat3\sustained_rand_write_300s_qd32_repeat3_run3.json
149091.0,149.091,180.8515625,46298.0,,sustained_rand_write_300s_qd32_repeat3,rand_write,3,results\external_ssd\sustained_rand_write_300s_qd32_repeat3\sustained_rand_write_300s_qd32_repeat3_run3.json
150000.0,150.0,,,321.951,sustained_rand_write_300s_qd32_repeat3,rand_write,3,results\external_ssd\sustained_rand_write_300s_qd32_repeat3\sustained_rand_write_300s_qd32_repeat3_run3.json
150091.0,150.091,199.12890625,50977.0,,sustained_rand_write_300s_qd32_repeat3,rand_write,3,results\external_ssd\sustained_rand_write_300s_qd32_repeat3\sustained_rand_write_300s_qd32_repeat3_run3.json
151000.0,151.0,,,320.154,sustained_rand_write_300s_qd32_repeat3,rand_write,3,results\external_ssd\sustained_rand_write_300s_qd32_repeat3\sustained_rand_write_300s_qd32_repeat3_run3.json
151092.0,151.092,201.013671875,51459.0,,sustained_rand_write_300s_qd32_repeat3,rand_write,3,results\external_ssd\sustained_rand_write_300s_qd32_repeat3\sustained_rand_write_300s_qd32_repeat3_run3.json
152000.0,152.0,,,328.781,sustained_rand_write_300s_qd32_repeat3,rand_write,3,results\external_ssd\sustained_rand_write_300s_qd32_repeat3\sustained_rand_write_300s_qd32_repeat3_run3.json
152093.0,152.093,195.6513671875,50086.0,,sustained_rand_write_300s_qd32_repeat3,rand_write,3,results\external_ssd\sustained_rand_write_300s_qd32_repeat3\sustained_rand_write_300s_qd32_repeat3_run3.json
153000.0,153.0,,,365.415,sustained_rand_write_300s_qd32_repeat3,rand_write,3,results\external_ssd\sustained_rand_write_300s_qd32_repeat3\sustained_rand_write_300s_qd32_repeat3_run3.json
153093.0,153.093,182.552734375,46733.0,,sustained_rand_write_300s_qd32_repeat3,rand_write,3,results\external_ssd\sustained_rand_write_300s_qd32_repeat3\sustained_rand_write_300s_qd32_repeat3_run3.json
154000.0,154.0,,,326.357,sustained_rand_write_300s_qd32_repeat3,rand_write,3,results\external_ssd\sustained_rand_write_300s_qd32_repeat3\sustained_rand_write_300s_qd32_repeat3_run3.json
154094.0,154.094,195.6201171875,50078.0,,sustained_rand_write_300s_qd32_repeat3,rand_write,3,results\external_ssd\sustained_rand_write_300s_qd32_repeat3\sustained_rand_write_300s_qd32_repeat3_run3.json
155000.0,155.0,,,330.777,sustained_rand_write_300s_qd32_repeat3,rand_write,3,results\external_ssd\sustained_rand_write_300s_qd32_repeat3\sustained_rand_write_300s_qd32_repeat3_run3.json
155094.0,155.094,192.9765625,49402.0,,sustained_rand_write_300s_qd32_repeat3,rand_write,3,results\external_ssd\sustained_rand_write_300s_qd32_repeat3\sustained_rand_write_300s_qd32_repeat3_run3.json
156000.0,156.0,,,333.791,sustained_rand_write_300s_qd32_repeat3,rand_write,3,results\external_ssd\sustained_rand_write_300s_qd32_repeat3\sustained_rand_write_300s_qd32_repeat3_run3.json
156094.0,156.094,194.67578125,49837.0,,sustained_rand_write_300s_qd32_repeat3,rand_write,3,results\external_ssd\sustained_rand_write_300s_qd32_repeat3\sustained_rand_write_300s_qd32_repeat3_run3.json
157000.0,157.0,,,327.808,sustained_rand_write_300s_qd32_repeat3,rand_write,3,results\external_ssd\sustained_rand_write_300s_qd32_repeat3\sustained_rand_write_300s_qd32_repeat3_run3.json
157095.0,157.095,193.8173828125,49617.0,,sustained_rand_write_300s_qd32_repeat3,rand_write,3,results\external_ssd\sustained_rand_write_300s_qd32_repeat3\sustained_rand_write_300s_qd32_repeat3_run3.json
158000.0,158.0,,,337.097,sustained_rand_write_300s_qd32_repeat3,rand_write,3,results\external_ssd\sustained_rand_write_300s_qd32_repeat3\sustained_rand_write_300s_qd32_repeat3_run3.json
158095.0,158.095,192.37890625,49249.0,,sustained_rand_write_300s_qd32_repeat3,rand_write,3,results\external_ssd\sustained_rand_write_300s_qd32_repeat3\sustained_rand_write_300s_qd32_repeat3_run3.json
159000.0,159.0,,,321.852,sustained_rand_write_300s_qd32_repeat3,rand_write,3,results\external_ssd\sustained_rand_write_300s_qd32_repeat3\sustained_rand_write_300s_qd32_repeat3_run3.json
159096.0,159.096,200.271484375,51269.0,,sustained_rand_write_300s_qd32_repeat3,rand_write,3,results\external_ssd\sustained_rand_write_300s_qd32_repeat3\sustained_rand_write_300s_qd32_repeat3_run3.json
160000.0,160.0,,,323.419,sustained_rand_write_300s_qd32_repeat3,rand_write,3,results\external_ssd\sustained_rand_write_300s_qd32_repeat3\sustained_rand_write_300s_qd32_repeat3_run3.json
160097.0,160.097,198.359375,50780.0,,sustained_rand_write_300s_qd32_repeat3,rand_write,3,results\external_ssd\sustained_rand_write_300s_qd32_repeat3\sustained_rand_write_300s_qd32_repeat3_run3.json
161000.0,161.0,,,341.571,sustained_rand_write_300s_qd32_repeat3,rand_write,3,results\external_ssd\sustained_rand_write_300s_qd32_repeat3\sustained_rand_write_300s_qd32_repeat3_run3.json
161099.0,161.099,187.0,47872.0,,sustained_rand_write_300s_qd32_repeat3,rand_write,3,results\external_ssd\sustained_rand_write_300s_qd32_repeat3\sustained_rand_write_300s_qd32_repeat3_run3.json
162000.0,162.0,,,329.647,sustained_rand_write_300s_qd32_repeat3,rand_write,3,results\external_ssd\sustained_rand_write_300s_qd32_repeat3\sustained_rand_write_300s_qd32_repeat3_run3.json
162099.0,162.099,196.703125,50356.0,,sustained_rand_write_300s_qd32_repeat3,rand_write,3,results\external_ssd\sustained_rand_write_300s_qd32_repeat3\sustained_rand_write_300s_qd32_repeat3_run3.json
163000.0,163.0,,,339.08,sustained_rand_write_300s_qd32_repeat3,rand_write,3,results\external_ssd\sustained_rand_write_300s_qd32_repeat3\sustained_rand_write_300s_qd32_repeat3_run3.json
163099.0,163.099,188.9453125,48370.0,,sustained_rand_write_300s_qd32_repeat3,rand_write,3,results\external_ssd\sustained_rand_write_300s_qd32_repeat3\sustained_rand_write_300s_qd32_repeat3_run3.json
164000.0,164.0,,,324.376,sustained_rand_write_300s_qd32_repeat3,rand_write,3,results\external_ssd\sustained_rand_write_300s_qd32_repeat3\sustained_rand_write_300s_qd32_repeat3_run3.json
164101.0,164.101,197.9423828125,50673.0,,sustained_rand_write_300s_qd32_repeat3,rand_write,3,results\external_ssd\sustained_rand_write_300s_qd32_repeat3\sustained_rand_write_300s_qd32_repeat3_run3.json
165000.0,165.0,,,320.147,sustained_rand_write_300s_qd32_repeat3,rand_write,3,results\external_ssd\sustained_rand_write_300s_qd32_repeat3\sustained_rand_write_300s_qd32_repeat3_run3.json
165101.0,165.101,201.16796875,51499.0,,sustained_rand_write_300s_qd32_repeat3,rand_write,3,results\external_ssd\sustained_rand_write_300s_qd32_repeat3\sustained_rand_write_300s_qd32_repeat3_run3.json
166000.0,166.0,,,316.025,sustained_rand_write_300s_qd32_repeat3,rand_write,3,results\external_ssd\sustained_rand_write_300s_qd32_repeat3\sustained_rand_write_300s_qd32_repeat3_run3.json
166102.0,166.102,201.6923828125,51633.0,,sustained_rand_write_300s_qd32_repeat3,rand_write,3,results\external_ssd\sustained_rand_write_300s_qd32_repeat3\sustained_rand_write_300s_qd32_repeat3_run3.json
167000.0,167.0,,,347.119,sustained_rand_write_300s_qd32_repeat3,rand_write,3,results\external_ssd\sustained_rand_write_300s_qd32_repeat3\sustained_rand_write_300s_qd32_repeat3_run3.json
167104.0,167.104,185.248046875,47423.0,,sustained_rand_write_300s_qd32_repeat3,rand_write,3,results\external_ssd\sustained_rand_write_300s_qd32_repeat3\sustained_rand_write_300s_qd32_repeat3_run3.json
168000.0,168.0,,,416.36,sustained_rand_write_300s_qd32_repeat3,rand_write,3,results\external_ssd\sustained_rand_write_300s_qd32_repeat3\sustained_rand_write_300s_qd32_repeat3_run3.json
168104.0,168.104,142.58203125,36501.0,,sustained_rand_write_300s_qd32_repeat3,rand_write,3,results\external_ssd\sustained_rand_write_300s_qd32_repeat3\sustained_rand_write_300s_qd32_repeat3_run3.json
169000.0,169.0,,,461.143,sustained_rand_write_300s_qd32_repeat3,rand_write,3,results\external_ssd\sustained_rand_write_300s_qd32_repeat3\sustained_rand_write_300s_qd32_repeat3_run3.json
169104.0,169.104,138.0078125,35330.0,,sustained_rand_write_300s_qd32_repeat3,rand_write,3,results\external_ssd\sustained_rand_write_300s_qd32_repeat3\sustained_rand_write_300s_qd32_repeat3_run3.json
170000.0,170.0,,,448.249,sustained_rand_write_300s_qd32_repeat3,rand_write,3,results\external_ssd\sustained_rand_write_300s_qd32_repeat3\sustained_rand_write_300s_qd32_repeat3_run3.json
170105.0,170.105,144.23046875,36923.0,,sustained_rand_write_300s_qd32_repeat3,rand_write,3,results\external_ssd\sustained_rand_write_300s_qd32_repeat3\sustained_rand_write_300s_qd32_repeat3_run3.json
171000.0,171.0,,,455.906,sustained_rand_write_300s_qd32_repeat3,rand_write,3,results\external_ssd\sustained_rand_write_300s_qd32_repeat3\sustained_rand_write_300s_qd32_repeat3_run3.json
171105.0,171.105,140.51953125,35973.0,,sustained_rand_write_300s_qd32_repeat3,rand_write,3,results\external_ssd\sustained_rand_write_300s_qd32_repeat3\sustained_rand_write_300s_qd32_repeat3_run3.json
172000.0,172.0,,,426.754,sustained_rand_write_300s_qd32_repeat3,rand_write,3,results\external_ssd\sustained_rand_write_300s_qd32_repeat3\sustained_rand_write_300s_qd32_repeat3_run3.json
172105.0,172.105,148.88671875,38115.0,,sustained_rand_write_300s_qd32_repeat3,rand_write,3,results\external_ssd\sustained_rand_write_300s_qd32_repeat3\sustained_rand_write_300s_qd32_repeat3_run3.json
173001.0,173.001,,,762.753,sustained_rand_write_300s_qd32_repeat3,rand_write,3,results\external_ssd\sustained_rand_write_300s_qd32_repeat3\sustained_rand_write_300s_qd32_repeat3_run3.json
173107.0,173.107,77.515625,19844.0,,sustained_rand_write_300s_qd32_repeat3,rand_write,3,results\external_ssd\sustained_rand_write_300s_qd32_repeat3\sustained_rand_write_300s_qd32_repeat3_run3.json
174000.0,174.0,,,943.552,sustained_rand_write_300s_qd32_repeat3,rand_write,3,results\external_ssd\sustained_rand_write_300s_qd32_repeat3\sustained_rand_write_300s_qd32_repeat3_run3.json
174107.0,174.107,71.34375,18264.0,,sustained_rand_write_300s_qd32_repeat3,rand_write,3,results\external_ssd\sustained_rand_write_300s_qd32_repeat3\sustained_rand_write_300s_qd32_repeat3_run3.json
175000.0,175.0,,,578.935,sustained_rand_write_300s_qd32_repeat3,rand_write,3,results\external_ssd\sustained_rand_write_300s_qd32_repeat3\sustained_rand_write_300s_qd32_repeat3_run3.json
175108.0,175.108,110.384765625,28258.0,,sustained_rand_write_300s_qd32_repeat3,rand_write,3,results\external_ssd\sustained_rand_write_300s_qd32_repeat3\sustained_rand_write_300s_qd32_repeat3_run3.json
176000.0,176.0,,,502.344,sustained_rand_write_300s_qd32_repeat3,rand_write,3,results\external_ssd\sustained_rand_write_300s_qd32_repeat3\sustained_rand_write_300s_qd32_repeat3_run3.json
176109.0,176.109,124.140625,31780.0,,sustained_rand_write_300s_qd32_repeat3,rand_write,3,results\external_ssd\sustained_rand_write_300s_qd32_repeat3\sustained_rand_write_300s_qd32_repeat3_run3.json
177000.0,177.0,,,501.243,sustained_rand_write_300s_qd32_repeat3,rand_write,3,results\external_ssd\sustained_rand_write_300s_qd32_repeat3\sustained_rand_write_300s_qd32_repeat3_run3.json
177109.0,177.109,128.43359375,32879.0,,sustained_rand_write_300s_qd32_repeat3,rand_write,3,results\external_ssd\sustained_rand_write_300s_qd32_repeat3\sustained_rand_write_300s_qd32_repeat3_run3.json
178000.0,178.0,,,641.699,sustained_rand_write_300s_qd32_repeat3,rand_write,3,results\external_ssd\sustained_rand_write_300s_qd32_repeat3\sustained_rand_write_300s_qd32_repeat3_run3.json
178110.0,178.11,97.5546875,24974.0,,sustained_rand_write_300s_qd32_repeat3,rand_write,3,results\external_ssd\sustained_rand_write_300s_qd32_repeat3\sustained_rand_write_300s_qd32_repeat3_run3.json
179000.0,179.0,,,554.761,sustained_rand_write_300s_qd32_repeat3,rand_write,3,results\external_ssd\sustained_rand_write_300s_qd32_repeat3\sustained_rand_write_300s_qd32_repeat3_run3.json
179110.0,179.11,111.6484375,28582.0,,sustained_rand_write_300s_qd32_repeat3,rand_write,3,results\external_ssd\sustained_rand_write_300s_qd32_repeat3\sustained_rand_write_300s_qd32_repeat3_run3.json
180000.0,180.0,,,593.405,sustained_rand_write_300s_qd32_repeat3,rand_write,3,results\external_ssd\sustained_rand_write_300s_qd32_repeat3\sustained_rand_write_300s_qd32_repeat3_run3.json
180111.0,180.111,105.4912109375,27005.0,,sustained_rand_write_300s_qd32_repeat3,rand_write,3,results\external_ssd\sustained_rand_write_300s_qd32_repeat3\sustained_rand_write_300s_qd32_repeat3_run3.json
181000.0,181.0,,,521.976,sustained_rand_write_300s_qd32_repeat3,rand_write,3,results\external_ssd\sustained_rand_write_300s_qd32_repeat3\sustained_rand_write_300s_qd32_repeat3_run3.json
181112.0,181.112,126.5859375,32406.0,,sustained_rand_write_300s_qd32_repeat3,rand_write,3,results\external_ssd\sustained_rand_write_300s_qd32_repeat3\sustained_rand_write_300s_qd32_repeat3_run3.json
182001.0,182.001,,,534.68,sustained_rand_write_300s_qd32_repeat3,rand_write,3,results\external_ssd\sustained_rand_write_300s_qd32_repeat3\sustained_rand_write_300s_qd32_repeat3_run3.json
182112.0,182.112,106.80859375,27343.0,,sustained_rand_write_300s_qd32_repeat3,rand_write,3,results\external_ssd\sustained_rand_write_300s_qd32_repeat3\sustained_rand_write_300s_qd32_repeat3_run3.json
183000.0,183.0,,,540.823,sustained_rand_write_300s_qd32_repeat3,rand_write,3,results\external_ssd\sustained_rand_write_300s_qd32_repeat3\sustained_rand_write_300s_qd32_repeat3_run3.json
183113.0,183.113,125.72265625,32185.0,,sustained_rand_write_300s_qd32_repeat3,rand_write,3,results\external_ssd\sustained_rand_write_300s_qd32_repeat3\sustained_rand_write_300s_qd32_repeat3_run3.json
184000.0,184.0,,,525.306,sustained_rand_write_300s_qd32_repeat3,rand_write,3,results\external_ssd\sustained_rand_write_300s_qd32_repeat3\sustained_rand_write_300s_qd32_repeat3_run3.json
184113.0,184.113,120.13671875,30755.0,,sustained_rand_write_300s_qd32_repeat3,rand_write,3,results\external_ssd\sustained_rand_write_300s_qd32_repeat3\sustained_rand_write_300s_qd32_repeat3_run3.json
185001.0,185.001,,,513.829,sustained_rand_write_300s_qd32_repeat3,rand_write,3,results\external_ssd\sustained_rand_write_300s_qd32_repeat3\sustained_rand_write_300s_qd32_repeat3_run3.json
185113.0,185.113,124.98046875,31995.0,,sustained_rand_write_300s_qd32_repeat3,rand_write,3,results\external_ssd\sustained_rand_write_300s_qd32_repeat3\sustained_rand_write_300s_qd32_repeat3_run3.json
186000.0,186.0,,,421.155,sustained_rand_write_300s_qd32_repeat3,rand_write,3,results\external_ssd\sustained_rand_write_300s_qd32_repeat3\sustained_rand_write_300s_qd32_repeat3_run3.json
186113.0,186.113,153.33984375,39255.0,,sustained_rand_write_300s_qd32_repeat3,rand_write,3,results\external_ssd\sustained_rand_write_300s_qd32_repeat3\sustained_rand_write_300s_qd32_repeat3_run3.json
187000.0,187.0,,,408.5,sustained_rand_write_300s_qd32_repeat3,rand_write,3,results\external_ssd\sustained_rand_write_300s_qd32_repeat3\sustained_rand_write_300s_qd32_repeat3_run3.json
187113.0,187.113,157.03515625,40201.0,,sustained_rand_write_300s_qd32_repeat3,rand_write,3,results\external_ssd\sustained_rand_write_300s_qd32_repeat3\sustained_rand_write_300s_qd32_repeat3_run3.json
188000.0,188.0,,,400.63,sustained_rand_write_300s_qd32_repeat3,rand_write,3,results\external_ssd\sustained_rand_write_300s_qd32_repeat3\sustained_rand_write_300s_qd32_repeat3_run3.json
188114.0,188.114,156.72265625,40121.0,,sustained_rand_write_300s_qd32_repeat3,rand_write,3,results\external_ssd\sustained_rand_write_300s_qd32_repeat3\sustained_rand_write_300s_qd32_repeat3_run3.json
189000.0,189.0,,,412.158,sustained_rand_write_300s_qd32_repeat3,rand_write,3,results\external_ssd\sustained_rand_write_300s_qd32_repeat3\sustained_rand_write_300s_qd32_repeat3_run3.json
189115.0,189.115,155.9375,39920.0,,sustained_rand_write_300s_qd32_repeat3,rand_write,3,results\external_ssd\sustained_rand_write_300s_qd32_repeat3\sustained_rand_write_300s_qd32_repeat3_run3.json
190000.0,190.0,,,395.052,sustained_rand_write_300s_qd32_repeat3,rand_write,3,results\external_ssd\sustained_rand_write_300s_qd32_repeat3\sustained_rand_write_300s_qd32_repeat3_run3.json
190115.0,190.115,165.8984375,42470.0,,sustained_rand_write_300s_qd32_repeat3,rand_write,3,results\external_ssd\sustained_rand_write_300s_qd32_repeat3\sustained_rand_write_300s_qd32_repeat3_run3.json
191000.0,191.0,,,398.719,sustained_rand_write_300s_qd32_repeat3,rand_write,3,results\external_ssd\sustained_rand_write_300s_qd32_repeat3\sustained_rand_write_300s_qd32_repeat3_run3.json
191116.0,191.116,158.80859375,40655.0,,sustained_rand_write_300s_qd32_repeat3,rand_write,3,results\external_ssd\sustained_rand_write_300s_qd32_repeat3\sustained_rand_write_300s_qd32_repeat3_run3.json
192000.0,192.0,,,446.474,sustained_rand_write_300s_qd32_repeat3,rand_write,3,results\external_ssd\sustained_rand_write_300s_qd32_repeat3\sustained_rand_write_300s_qd32_repeat3_run3.json
192116.0,192.116,148.9921875,38142.0,,sustained_rand_write_300s_qd32_repeat3,rand_write,3,results\external_ssd\sustained_rand_write_300s_qd32_repeat3\sustained_rand_write_300s_qd32_repeat3_run3.json
193000.0,193.0,,,416.193,sustained_rand_write_300s_qd32_repeat3,rand_write,3,results\external_ssd\sustained_rand_write_300s_qd32_repeat3\sustained_rand_write_300s_qd32_repeat3_run3.json
193117.0,193.117,151.4140625,38762.0,,sustained_rand_write_300s_qd32_repeat3,rand_write,3,results\external_ssd\sustained_rand_write_300s_qd32_repeat3\sustained_rand_write_300s_qd32_repeat3_run3.json
194000.0,194.0,,,464.084,sustained_rand_write_300s_qd32_repeat3,rand_write,3,results\external_ssd\sustained_rand_write_300s_qd32_repeat3\sustained_rand_write_300s_qd32_repeat3_run3.json
194117.0,194.117,134.0078125,34306.0,,sustained_rand_write_300s_qd32_repeat3,rand_write,3,results\external_ssd\sustained_rand_write_300s_qd32_repeat3\sustained_rand_write_300s_qd32_repeat3_run3.json
195000.0,195.0,,,481.587,sustained_rand_write_300s_qd32_repeat3,rand_write,3,results\external_ssd\sustained_rand_write_300s_qd32_repeat3\sustained_rand_write_300s_qd32_repeat3_run3.json
195118.0,195.118,135.98828125,34813.0,,sustained_rand_write_300s_qd32_repeat3,rand_write,3,results\external_ssd\sustained_rand_write_300s_qd32_repeat3\sustained_rand_write_300s_qd32_repeat3_run3.json
196001.0,196.001,,,429.676,sustained_rand_write_300s_qd32_repeat3,rand_write,3,results\external_ssd\sustained_rand_write_300s_qd32_repeat3\sustained_rand_write_300s_qd32_repeat3_run3.json
196119.0,196.119,143.7890625,36810.0,,sustained_rand_write_300s_qd32_repeat3,rand_write,3,results\external_ssd\sustained_rand_write_300s_qd32_repeat3\sustained_rand_write_300s_qd32_repeat3_run3.json
197000.0,197.0,,,567.282,sustained_rand_write_300s_qd32_repeat3,rand_write,3,results\external_ssd\sustained_rand_write_300s_qd32_repeat3\sustained_rand_write_300s_qd32_repeat3_run3.json
197120.0,197.12,115.7939453125,29643.0,,sustained_rand_write_300s_qd32_repeat3,rand_write,3,results\external_ssd\sustained_rand_write_300s_qd32_repeat3\sustained_rand_write_300s_qd32_repeat3_run3.json
198001.0,198.001,,,504.063,sustained_rand_write_300s_qd32_repeat3,rand_write,3,results\external_ssd\sustained_rand_write_300s_qd32_repeat3\sustained_rand_write_300s_qd32_repeat3_run3.json
198121.0,198.121,122.30859375,31311.0,,sustained_rand_write_300s_qd32_repeat3,rand_write,3,results\external_ssd\sustained_rand_write_300s_qd32_repeat3\sustained_rand_write_300s_qd32_repeat3_run3.json
199000.0,199.0,,,577.889,sustained_rand_write_300s_qd32_repeat3,rand_write,3,results\external_ssd\sustained_rand_write_300s_qd32_repeat3\sustained_rand_write_300s_qd32_repeat3_run3.json
199121.0,199.121,110.140625,28196.0,,sustained_rand_write_300s_qd32_repeat3,rand_write,3,results\external_ssd\sustained_rand_write_300s_qd32_repeat3\sustained_rand_write_300s_qd32_repeat3_run3.json
200000.0,200.0,,,724.709,sustained_rand_write_300s_qd32_repeat3,rand_write,3,results\external_ssd\sustained_rand_write_300s_qd32_repeat3\sustained_rand_write_300s_qd32_repeat3_run3.json
200122.0,200.122,86.33984375,22103.0,,sustained_rand_write_300s_qd32_repeat3,rand_write,3,results\external_ssd\sustained_rand_write_300s_qd32_repeat3\sustained_rand_write_300s_qd32_repeat3_run3.json
201000.0,201.0,,,594.509,sustained_rand_write_300s_qd32_repeat3,rand_write,3,results\external_ssd\sustained_rand_write_300s_qd32_repeat3\sustained_rand_write_300s_qd32_repeat3_run3.json
201122.0,201.122,109.09375,27928.0,,sustained_rand_write_300s_qd32_repeat3,rand_write,3,results\external_ssd\sustained_rand_write_300s_qd32_repeat3\sustained_rand_write_300s_qd32_repeat3_run3.json
202000.0,202.0,,,503.224,sustained_rand_write_300s_qd32_repeat3,rand_write,3,results\external_ssd\sustained_rand_write_300s_qd32_repeat3\sustained_rand_write_300s_qd32_repeat3_run3.json
202123.0,202.123,127.375,32608.0,,sustained_rand_write_300s_qd32_repeat3,rand_write,3,results\external_ssd\sustained_rand_write_300s_qd32_repeat3\sustained_rand_write_300s_qd32_repeat3_run3.json
203000.0,203.0,,,517.714,sustained_rand_write_300s_qd32_repeat3,rand_write,3,results\external_ssd\sustained_rand_write_300s_qd32_repeat3\sustained_rand_write_300s_qd32_repeat3_run3.json
203123.0,203.123,120.06640625,30737.0,,sustained_rand_write_300s_qd32_repeat3,rand_write,3,results\external_ssd\sustained_rand_write_300s_qd32_repeat3\sustained_rand_write_300s_qd32_repeat3_run3.json
204000.0,204.0,,,559.127,sustained_rand_write_300s_qd32_repeat3,rand_write,3,results\external_ssd\sustained_rand_write_300s_qd32_repeat3\sustained_rand_write_300s_qd32_repeat3_run3.json
204123.0,204.123,109.2421875,27966.0,,sustained_rand_write_300s_qd32_repeat3,rand_write,3,results\external_ssd\sustained_rand_write_300s_qd32_repeat3\sustained_rand_write_300s_qd32_repeat3_run3.json
205000.0,205.0,,,867.934,sustained_rand_write_300s_qd32_repeat3,rand_write,3,results\external_ssd\sustained_rand_write_300s_qd32_repeat3\sustained_rand_write_300s_qd32_repeat3_run3.json
205124.0,205.124,71.02734375,18183.0,,sustained_rand_write_300s_qd32_repeat3,rand_write,3,results\external_ssd\sustained_rand_write_300s_qd32_repeat3\sustained_rand_write_300s_qd32_repeat3_run3.json
206000.0,206.0,,,599.516,sustained_rand_write_300s_qd32_repeat3,rand_write,3,results\external_ssd\sustained_rand_write_300s_qd32_repeat3\sustained_rand_write_300s_qd32_repeat3_run3.json
206125.0,206.125,112.8671875,28894.0,,sustained_rand_write_300s_qd32_repeat3,rand_write,3,results\external_ssd\sustained_rand_write_300s_qd32_repeat3\sustained_rand_write_300s_qd32_repeat3_run3.json
207000.0,207.0,,,554.489,sustained_rand_write_300s_qd32_repeat3,rand_write,3,results\external_ssd\sustained_rand_write_300s_qd32_repeat3\sustained_rand_write_300s_qd32_repeat3_run3.json
207126.0,207.126,116.0986328125,29721.0,,sustained_rand_write_300s_qd32_repeat3,rand_write,3,results\external_ssd\sustained_rand_write_300s_qd32_repeat3\sustained_rand_write_300s_qd32_repeat3_run3.json
208000.0,208.0,,,499.216,sustained_rand_write_300s_qd32_repeat3,rand_write,3,results\external_ssd\sustained_rand_write_300s_qd32_repeat3\sustained_rand_write_300s_qd32_repeat3_run3.json
208126.0,208.126,124.65625,31912.0,,sustained_rand_write_300s_qd32_repeat3,rand_write,3,results\external_ssd\sustained_rand_write_300s_qd32_repeat3\sustained_rand_write_300s_qd32_repeat3_run3.json
209003.0,209.003,,,529.567,sustained_rand_write_300s_qd32_repeat3,rand_write,3,results\external_ssd\sustained_rand_write_300s_qd32_repeat3\sustained_rand_write_300s_qd32_repeat3_run3.json
209127.0,209.127,112.4375,28784.0,,sustained_rand_write_300s_qd32_repeat3,rand_write,3,results\external_ssd\sustained_rand_write_300s_qd32_repeat3\sustained_rand_write_300s_qd32_repeat3_run3.json
210000.0,210.0,,,612.087,sustained_rand_write_300s_qd32_repeat3,rand_write,3,results\external_ssd\sustained_rand_write_300s_qd32_repeat3\sustained_rand_write_300s_qd32_repeat3_run3.json
210128.0,210.128,113.38671875,29027.0,,sustained_rand_write_300s_qd32_repeat3,rand_write,3,results\external_ssd\sustained_rand_write_300s_qd32_repeat3\sustained_rand_write_300s_qd32_repeat3_run3.json
211000.0,211.0,,,495.338,sustained_rand_write_300s_qd32_repeat3,rand_write,3,results\external_ssd\sustained_rand_write_300s_qd32_repeat3\sustained_rand_write_300s_qd32_repeat3_run3.json
211129.0,211.129,127.96875,32760.0,,sustained_rand_write_300s_qd32_repeat3,rand_write,3,results\external_ssd\sustained_rand_write_300s_qd32_repeat3\sustained_rand_write_300s_qd32_repeat3_run3.json
212000.0,212.0,,,562.774,sustained_rand_write_300s_qd32_repeat3,rand_write,3,results\external_ssd\sustained_rand_write_300s_qd32_repeat3\sustained_rand_write_300s_qd32_repeat3_run3.json
212129.0,212.129,110.7578125,28354.0,,sustained_rand_write_300s_qd32_repeat3,rand_write,3,results\external_ssd\sustained_rand_write_300s_qd32_repeat3\sustained_rand_write_300s_qd32_repeat3_run3.json
213000.0,213.0,,,704.293,sustained_rand_write_300s_qd32_repeat3,rand_write,3,results\external_ssd\sustained_rand_write_300s_qd32_repeat3\sustained_rand_write_300s_qd32_repeat3_run3.json
213130.0,213.13,91.736328125,23484.0,,sustained_rand_write_300s_qd32_repeat3,rand_write,3,results\external_ssd\sustained_rand_write_300s_qd32_repeat3\sustained_rand_write_300s_qd32_repeat3_run3.json
214000.0,214.0,,,554.966,sustained_rand_write_300s_qd32_repeat3,rand_write,3,results\external_ssd\sustained_rand_write_300s_qd32_repeat3\sustained_rand_write_300s_qd32_repeat3_run3.json
214131.0,214.131,118.04296875,30219.0,,sustained_rand_write_300s_qd32_repeat3,rand_write,3,results\external_ssd\sustained_rand_write_300s_qd32_repeat3\sustained_rand_write_300s_qd32_repeat3_run3.json
215000.0,215.0,,,513.76,sustained_rand_write_300s_qd32_repeat3,rand_write,3,results\external_ssd\sustained_rand_write_300s_qd32_repeat3\sustained_rand_write_300s_qd32_repeat3_run3.json
215132.0,215.132,123.8603515625,31708.0,,sustained_rand_write_300s_qd32_repeat3,rand_write,3,results\external_ssd\sustained_rand_write_300s_qd32_repeat3\sustained_rand_write_300s_qd32_repeat3_run3.json
216000.0,216.0,,,497.693,sustained_rand_write_300s_qd32_repeat3,rand_write,3,results\external_ssd\sustained_rand_write_300s_qd32_repeat3\sustained_rand_write_300s_qd32_repeat3_run3.json
216133.0,216.133,126.822265625,32466.0,,sustained_rand_write_300s_qd32_repeat3,rand_write,3,results\external_ssd\sustained_rand_write_300s_qd32_repeat3\sustained_rand_write_300s_qd32_repeat3_run3.json
217000.0,217.0,,,499.916,sustained_rand_write_300s_qd32_repeat3,rand_write,3,results\external_ssd\sustained_rand_write_300s_qd32_repeat3\sustained_rand_write_300s_qd32_repeat3_run3.json
217134.0,217.134,125.9599609375,32245.0,,sustained_rand_write_300s_qd32_repeat3,rand_write,3,results\external_ssd\sustained_rand_write_300s_qd32_repeat3\sustained_rand_write_300s_qd32_repeat3_run3.json
218000.0,218.0,,,494.9,sustained_rand_write_300s_qd32_repeat3,rand_write,3,results\external_ssd\sustained_rand_write_300s_qd32_repeat3\sustained_rand_write_300s_qd32_repeat3_run3.json
218134.0,218.134,130.4921875,33406.0,,sustained_rand_write_300s_qd32_repeat3,rand_write,3,results\external_ssd\sustained_rand_write_300s_qd32_repeat3\sustained_rand_write_300s_qd32_repeat3_run3.json
219000.0,219.0,,,514.249,sustained_rand_write_300s_qd32_repeat3,rand_write,3,results\external_ssd\sustained_rand_write_300s_qd32_repeat3\sustained_rand_write_300s_qd32_repeat3_run3.json
219135.0,219.135,118.703125,30388.0,,sustained_rand_write_300s_qd32_repeat3,rand_write,3,results\external_ssd\sustained_rand_write_300s_qd32_repeat3\sustained_rand_write_300s_qd32_repeat3_run3.json
220000.0,220.0,,,516.32,sustained_rand_write_300s_qd32_repeat3,rand_write,3,results\external_ssd\sustained_rand_write_300s_qd32_repeat3\sustained_rand_write_300s_qd32_repeat3_run3.json
220135.0,220.135,127.3671875,32606.0,,sustained_rand_write_300s_qd32_repeat3,rand_write,3,results\external_ssd\sustained_rand_write_300s_qd32_repeat3\sustained_rand_write_300s_qd32_repeat3_run3.json
221000.0,221.0,,,479.857,sustained_rand_write_300s_qd32_repeat3,rand_write,3,results\external_ssd\sustained_rand_write_300s_qd32_repeat3\sustained_rand_write_300s_qd32_repeat3_run3.json
221136.0,221.136,127.5908203125,32663.0,,sustained_rand_write_300s_qd32_repeat3,rand_write,3,results\external_ssd\sustained_rand_write_300s_qd32_repeat3\sustained_rand_write_300s_qd32_repeat3_run3.json
222000.0,222.0,,,468.792,sustained_rand_write_300s_qd32_repeat3,rand_write,3,results\external_ssd\sustained_rand_write_300s_qd32_repeat3\sustained_rand_write_300s_qd32_repeat3_run3.json
222137.0,222.137,139.171875,35628.0,,sustained_rand_write_300s_qd32_repeat3,rand_write,3,results\external_ssd\sustained_rand_write_300s_qd32_repeat3\sustained_rand_write_300s_qd32_repeat3_run3.json
223000.0,223.0,,,715.004,sustained_rand_write_300s_qd32_repeat3,rand_write,3,results\external_ssd\sustained_rand_write_300s_qd32_repeat3\sustained_rand_write_300s_qd32_repeat3_run3.json
223138.0,223.138,87.583984375,22421.0,,sustained_rand_write_300s_qd32_repeat3,rand_write,3,results\external_ssd\sustained_rand_write_300s_qd32_repeat3\sustained_rand_write_300s_qd32_repeat3_run3.json
224001.0,224.001,,,579.967,sustained_rand_write_300s_qd32_repeat3,rand_write,3,results\external_ssd\sustained_rand_write_300s_qd32_repeat3\sustained_rand_write_300s_qd32_repeat3_run3.json
224139.0,224.139,110.365234375,28253.0,,sustained_rand_write_300s_qd32_repeat3,rand_write,3,results\external_ssd\sustained_rand_write_300s_qd32_repeat3\sustained_rand_write_300s_qd32_repeat3_run3.json
225000.0,225.0,,,649.546,sustained_rand_write_300s_qd32_repeat3,rand_write,3,results\external_ssd\sustained_rand_write_300s_qd32_repeat3\sustained_rand_write_300s_qd32_repeat3_run3.json
225139.0,225.139,97.41796875,24939.0,,sustained_rand_write_300s_qd32_repeat3,rand_write,3,results\external_ssd\sustained_rand_write_300s_qd32_repeat3\sustained_rand_write_300s_qd32_repeat3_run3.json
226000.0,226.0,,,737.315,sustained_rand_write_300s_qd32_repeat3,rand_write,3,results\external_ssd\sustained_rand_write_300s_qd32_repeat3\sustained_rand_write_300s_qd32_repeat3_run3.json
226140.0,226.14,82.90625,21224.0,,sustained_rand_write_300s_qd32_repeat3,rand_write,3,results\external_ssd\sustained_rand_write_300s_qd32_repeat3\sustained_rand_write_300s_qd32_repeat3_run3.json
227000.0,227.0,,,871.559,sustained_rand_write_300s_qd32_repeat3,rand_write,3,results\external_ssd\sustained_rand_write_300s_qd32_repeat3\sustained_rand_write_300s_qd32_repeat3_run3.json
227140.0,227.14,74.71484375,19127.0,,sustained_rand_write_300s_qd32_repeat3,rand_write,3,results\external_ssd\sustained_rand_write_300s_qd32_repeat3\sustained_rand_write_300s_qd32_repeat3_run3.json
228000.0,228.0,,,635.934,sustained_rand_write_300s_qd32_repeat3,rand_write,3,results\external_ssd\sustained_rand_write_300s_qd32_repeat3\sustained_rand_write_300s_qd32_repeat3_run3.json
228141.0,228.141,96.4892578125,24701.0,,sustained_rand_write_300s_qd32_repeat3,rand_write,3,results\external_ssd\sustained_rand_write_300s_qd32_repeat3\sustained_rand_write_300s_qd32_repeat3_run3.json
229000.0,229.0,,,715.226,sustained_rand_write_300s_qd32_repeat3,rand_write,3,results\external_ssd\sustained_rand_write_300s_qd32_repeat3\sustained_rand_write_300s_qd32_repeat3_run3.json
229141.0,229.141,90.4921875,23166.0,,sustained_rand_write_300s_qd32_repeat3,rand_write,3,results\external_ssd\sustained_rand_write_300s_qd32_repeat3\sustained_rand_write_300s_qd32_repeat3_run3.json
230000.0,230.0,,,535.312,sustained_rand_write_300s_qd32_repeat3,rand_write,3,results\external_ssd\sustained_rand_write_300s_qd32_repeat3\sustained_rand_write_300s_qd32_repeat3_run3.json
230141.0,230.141,117.0078125,29954.0,,sustained_rand_write_300s_qd32_repeat3,rand_write,3,results\external_ssd\sustained_rand_write_300s_qd32_repeat3\sustained_rand_write_300s_qd32_repeat3_run3.json
231000.0,231.0,,,627.829,sustained_rand_write_300s_qd32_repeat3,rand_write,3,results\external_ssd\sustained_rand_write_300s_qd32_repeat3\sustained_rand_write_300s_qd32_repeat3_run3.json
231142.0,231.142,102.783203125,26312.0,,sustained_rand_write_300s_qd32_repeat3,rand_write,3,results\external_ssd\sustained_rand_write_300s_qd32_repeat3\sustained_rand_write_300s_qd32_repeat3_run3.json
232000.0,232.0,,,537.147,sustained_rand_write_300s_qd32_repeat3,rand_write,3,results\external_ssd\sustained_rand_write_300s_qd32_repeat3\sustained_rand_write_300s_qd32_repeat3_run3.json
232143.0,232.143,115.8837890625,29666.0,,sustained_rand_write_300s_qd32_repeat3,rand_write,3,results\external_ssd\sustained_rand_write_300s_qd32_repeat3\sustained_rand_write_300s_qd32_repeat3_run3.json
233000.0,233.0,,,637.528,sustained_rand_write_300s_qd32_repeat3,rand_write,3,results\external_ssd\sustained_rand_write_300s_qd32_repeat3\sustained_rand_write_300s_qd32_repeat3_run3.json
233144.0,233.144,103.5859375,26518.0,,sustained_rand_write_300s_qd32_repeat3,rand_write,3,results\external_ssd\sustained_rand_write_300s_qd32_repeat3\sustained_rand_write_300s_qd32_repeat3_run3.json
234001.0,234.001,,,626.02,sustained_rand_write_300s_qd32_repeat3,rand_write,3,results\external_ssd\sustained_rand_write_300s_qd32_repeat3\sustained_rand_write_300s_qd32_repeat3_run3.json
234145.0,234.145,95.052734375,24333.0,,sustained_rand_write_300s_qd32_repeat3,rand_write,3,results\external_ssd\sustained_rand_write_300s_qd32_repeat3\sustained_rand_write_300s_qd32_repeat3_run3.json
235000.0,235.0,,,693.742,sustained_rand_write_300s_qd32_repeat3,rand_write,3,results\external_ssd\sustained_rand_write_300s_qd32_repeat3\sustained_rand_write_300s_qd32_repeat3_run3.json
235145.0,235.145,93.96484375,24055.0,,sustained_rand_write_300s_qd32_repeat3,rand_write,3,results\external_ssd\sustained_rand_write_300s_qd32_repeat3\sustained_rand_write_300s_qd32_repeat3_run3.json
236000.0,236.0,,,530.397,sustained_rand_write_300s_qd32_repeat3,rand_write,3,results\external_ssd\sustained_rand_write_300s_qd32_repeat3\sustained_rand_write_300s_qd32_repeat3_run3.json
236146.0,236.146,119.13671875,30499.0,,sustained_rand_write_300s_qd32_repeat3,rand_write,3,results\external_ssd\sustained_rand_write_300s_qd32_repeat3\sustained_rand_write_300s_qd32_repeat3_run3.json
237000.0,237.0,,,620.316,sustained_rand_write_300s_qd32_repeat3,rand_write,3,results\external_ssd\sustained_rand_write_300s_qd32_repeat3\sustained_rand_write_300s_qd32_repeat3_run3.json
237147.0,237.147,101.9794921875,26106.0,,sustained_rand_write_300s_qd32_repeat3,rand_write,3,results\external_ssd\sustained_rand_write_300s_qd32_repeat3\sustained_rand_write_300s_qd32_repeat3_run3.json
238000.0,238.0,,,546.963,sustained_rand_write_300s_qd32_repeat3,rand_write,3,results\external_ssd\sustained_rand_write_300s_qd32_repeat3\sustained_rand_write_300s_qd32_repeat3_run3.json
238147.0,238.147,118.42578125,30317.0,,sustained_rand_write_300s_qd32_repeat3,rand_write,3,results\external_ssd\sustained_rand_write_300s_qd32_repeat3\sustained_rand_write_300s_qd32_repeat3_run3.json
239000.0,239.0,,,571.255,sustained_rand_write_300s_qd32_repeat3,rand_write,3,results\external_ssd\sustained_rand_write_300s_qd32_repeat3\sustained_rand_write_300s_qd32_repeat3_run3.json
239147.0,239.147,110.6640625,28330.0,,sustained_rand_write_300s_qd32_repeat3,rand_write,3,results\external_ssd\sustained_rand_write_300s_qd32_repeat3\sustained_rand_write_300s_qd32_repeat3_run3.json
240000.0,240.0,,,590.297,sustained_rand_write_300s_qd32_repeat3,rand_write,3,results\external_ssd\sustained_rand_write_300s_qd32_repeat3\sustained_rand_write_300s_qd32_repeat3_run3.json
240148.0,240.148,114.31640625,29265.0,,sustained_rand_write_300s_qd32_repeat3,rand_write,3,results\external_ssd\sustained_rand_write_300s_qd32_repeat3\sustained_rand_write_300s_qd32_repeat3_run3.json
241000.0,241.0,,,555.728,sustained_rand_write_300s_qd32_repeat3,rand_write,3,results\external_ssd\sustained_rand_write_300s_qd32_repeat3\sustained_rand_write_300s_qd32_repeat3_run3.json
241148.0,241.148,112.75390625,28865.0,,sustained_rand_write_300s_qd32_repeat3,rand_write,3,results\external_ssd\sustained_rand_write_300s_qd32_repeat3\sustained_rand_write_300s_qd32_repeat3_run3.json
242000.0,242.0,,,532.979,sustained_rand_write_300s_qd32_repeat3,rand_write,3,results\external_ssd\sustained_rand_write_300s_qd32_repeat3\sustained_rand_write_300s_qd32_repeat3_run3.json
242149.0,242.149,113.7734375,29126.0,,sustained_rand_write_300s_qd32_repeat3,rand_write,3,results\external_ssd\sustained_rand_write_300s_qd32_repeat3\sustained_rand_write_300s_qd32_repeat3_run3.json
243000.0,243.0,,,527.781,sustained_rand_write_300s_qd32_repeat3,rand_write,3,results\external_ssd\sustained_rand_write_300s_qd32_repeat3\sustained_rand_write_300s_qd32_repeat3_run3.json
243149.0,243.149,123.1171875,31518.0,,sustained_rand_write_300s_qd32_repeat3,rand_write,3,results\external_ssd\sustained_rand_write_300s_qd32_repeat3\sustained_rand_write_300s_qd32_repeat3_run3.json
244000.0,244.0,,,949.447,sustained_rand_write_300s_qd32_repeat3,rand_write,3,results\external_ssd\sustained_rand_write_300s_qd32_repeat3\sustained_rand_write_300s_qd32_repeat3_run3.json
244150.0,244.15,59.2099609375,15157.0,,sustained_rand_write_300s_qd32_repeat3,rand_write,3,results\external_ssd\sustained_rand_write_300s_qd32_repeat3\sustained_rand_write_300s_qd32_repeat3_run3.json
245000.0,245.0,,,757.509,sustained_rand_write_300s_qd32_repeat3,rand_write,3,results\external_ssd\sustained_rand_write_300s_qd32_repeat3\sustained_rand_write_300s_qd32_repeat3_run3.json
245151.0,245.151,84.0625,21520.0,,sustained_rand_write_300s_qd32_repeat3,rand_write,3,results\external_ssd\sustained_rand_write_300s_qd32_repeat3\sustained_rand_write_300s_qd32_repeat3_run3.json
246000.0,246.0,,,563.069,sustained_rand_write_300s_qd32_repeat3,rand_write,3,results\external_ssd\sustained_rand_write_300s_qd32_repeat3\sustained_rand_write_300s_qd32_repeat3_run3.json
246151.0,246.151,119.66796875,30635.0,,sustained_rand_write_300s_qd32_repeat3,rand_write,3,results\external_ssd\sustained_rand_write_300s_qd32_repeat3\sustained_rand_write_300s_qd32_repeat3_run3.json
247000.0,247.0,,,563.725,sustained_rand_write_300s_qd32_repeat3,rand_write,3,results\external_ssd\sustained_rand_write_300s_qd32_repeat3\sustained_rand_write_300s_qd32_repeat3_run3.json
247152.0,247.152,110.5859375,28310.0,,sustained_rand_write_300s_qd32_repeat3,rand_write,3,results\external_ssd\sustained_rand_write_300s_qd32_repeat3\sustained_rand_write_300s_qd32_repeat3_run3.json
248000.0,248.0,,,598.13,sustained_rand_write_300s_qd32_repeat3,rand_write,3,results\external_ssd\sustained_rand_write_300s_qd32_repeat3\sustained_rand_write_300s_qd32_repeat3_run3.json
248152.0,248.152,106.484375,27260.0,,sustained_rand_write_300s_qd32_repeat3,rand_write,3,results\external_ssd\sustained_rand_write_300s_qd32_repeat3\sustained_rand_write_300s_qd32_repeat3_run3.json
249000.0,249.0,,,627.956,sustained_rand_write_300s_qd32_repeat3,rand_write,3,results\external_ssd\sustained_rand_write_300s_qd32_repeat3\sustained_rand_write_300s_qd32_repeat3_run3.json
249153.0,249.153,93.43359375,23919.0,,sustained_rand_write_300s_qd32_repeat3,rand_write,3,results\external_ssd\sustained_rand_write_300s_qd32_repeat3\sustained_rand_write_300s_qd32_repeat3_run3.json
250003.0,250.003,,,950.814,sustained_rand_write_300s_qd32_repeat3,rand_write,3,results\external_ssd\sustained_rand_write_300s_qd32_repeat3\sustained_rand_write_300s_qd32_repeat3_run3.json
250154.0,250.154,64.205078125,16436.0,,sustained_rand_write_300s_qd32_repeat3,rand_write,3,results\external_ssd\sustained_rand_write_300s_qd32_repeat3\sustained_rand_write_300s_qd32_repeat3_run3.json
251000.0,251.0,,,846.5,sustained_rand_write_300s_qd32_repeat3,rand_write,3,results\external_ssd\sustained_rand_write_300s_qd32_repeat3\sustained_rand_write_300s_qd32_repeat3_run3.json
251155.0,251.155,81.15625,20776.0,,sustained_rand_write_300s_qd32_repeat3,rand_write,3,results\external_ssd\sustained_rand_write_300s_qd32_repeat3\sustained_rand_write_300s_qd32_repeat3_run3.json
252000.0,252.0,,,565.885,sustained_rand_write_300s_qd32_repeat3,rand_write,3,results\external_ssd\sustained_rand_write_300s_qd32_repeat3\sustained_rand_write_300s_qd32_repeat3_run3.json
252155.0,252.155,113.8203125,29138.0,,sustained_rand_write_300s_qd32_repeat3,rand_write,3,results\external_ssd\sustained_rand_write_300s_qd32_repeat3\sustained_rand_write_300s_qd32_repeat3_run3.json
253000.0,253.0,,,698.082,sustained_rand_write_300s_qd32_repeat3,rand_write,3,results\external_ssd\sustained_rand_write_300s_qd32_repeat3\sustained_rand_write_300s_qd32_repeat3_run3.json
253155.0,253.155,89.9765625,23034.0,,sustained_rand_write_300s_qd32_repeat3,rand_write,3,results\external_ssd\sustained_rand_write_300s_qd32_repeat3\sustained_rand_write_300s_qd32_repeat3_run3.json
254000.0,254.0,,,511.221,sustained_rand_write_300s_qd32_repeat3,rand_write,3,results\external_ssd\sustained_rand_write_300s_qd32_repeat3\sustained_rand_write_300s_qd32_repeat3_run3.json
254155.0,254.155,130.05859375,33295.0,,sustained_rand_write_300s_qd32_repeat3,rand_write,3,results\external_ssd\sustained_rand_write_300s_qd32_repeat3\sustained_rand_write_300s_qd32_repeat3_run3.json
255000.0,255.0,,,522.72,sustained_rand_write_300s_qd32_repeat3,rand_write,3,results\external_ssd\sustained_rand_write_300s_qd32_repeat3\sustained_rand_write_300s_qd32_repeat3_run3.json
255155.0,255.155,122.6884765625,31408.0,,sustained_rand_write_300s_qd32_repeat3,rand_write,3,results\external_ssd\sustained_rand_write_300s_qd32_repeat3\sustained_rand_write_300s_qd32_repeat3_run3.json
256000.0,256.0,,,464.435,sustained_rand_write_300s_qd32_repeat3,rand_write,3,results\external_ssd\sustained_rand_write_300s_qd32_repeat3\sustained_rand_write_300s_qd32_repeat3_run3.json
256155.0,256.155,132.71484375,33975.0,,sustained_rand_write_300s_qd32_repeat3,rand_write,3,results\external_ssd\sustained_rand_write_300s_qd32_repeat3\sustained_rand_write_300s_qd32_repeat3_run3.json
257000.0,257.0,,,588.28,sustained_rand_write_300s_qd32_repeat3,rand_write,3,results\external_ssd\sustained_rand_write_300s_qd32_repeat3\sustained_rand_write_300s_qd32_repeat3_run3.json
257155.0,257.155,103.99609375,26623.0,,sustained_rand_write_300s_qd32_repeat3,rand_write,3,results\external_ssd\sustained_rand_write_300s_qd32_repeat3\sustained_rand_write_300s_qd32_repeat3_run3.json
258000.0,258.0,,,550.622,sustained_rand_write_300s_qd32_repeat3,rand_write,3,results\external_ssd\sustained_rand_write_300s_qd32_repeat3\sustained_rand_write_300s_qd32_repeat3_run3.json
258155.0,258.155,116.2265625,29754.0,,sustained_rand_write_300s_qd32_repeat3,rand_write,3,results\external_ssd\sustained_rand_write_300s_qd32_repeat3\sustained_rand_write_300s_qd32_repeat3_run3.json
259000.0,259.0,,,600.833,sustained_rand_write_300s_qd32_repeat3,rand_write,3,results\external_ssd\sustained_rand_write_300s_qd32_repeat3\sustained_rand_write_300s_qd32_repeat3_run3.json
259155.0,259.155,113.61328125,29086.0,,sustained_rand_write_300s_qd32_repeat3,rand_write,3,results\external_ssd\sustained_rand_write_300s_qd32_repeat3\sustained_rand_write_300s_qd32_repeat3_run3.json
260000.0,260.0,,,524.122,sustained_rand_write_300s_qd32_repeat3,rand_write,3,results\external_ssd\sustained_rand_write_300s_qd32_repeat3\sustained_rand_write_300s_qd32_repeat3_run3.json
260155.0,260.155,115.302734375,29517.0,,sustained_rand_write_300s_qd32_repeat3,rand_write,3,results\external_ssd\sustained_rand_write_300s_qd32_repeat3\sustained_rand_write_300s_qd32_repeat3_run3.json
261000.0,261.0,,,606.124,sustained_rand_write_300s_qd32_repeat3,rand_write,3,results\external_ssd\sustained_rand_write_300s_qd32_repeat3\sustained_rand_write_300s_qd32_repeat3_run3.json
261155.0,261.155,105.19140625,26929.0,,sustained_rand_write_300s_qd32_repeat3,rand_write,3,results\external_ssd\sustained_rand_write_300s_qd32_repeat3\sustained_rand_write_300s_qd32_repeat3_run3.json
262000.0,262.0,,,581.77,sustained_rand_write_300s_qd32_repeat3,rand_write,3,results\external_ssd\sustained_rand_write_300s_qd32_repeat3\sustained_rand_write_300s_qd32_repeat3_run3.json
262155.0,262.155,107.15234375,27431.0,,sustained_rand_write_300s_qd32_repeat3,rand_write,3,results\external_ssd\sustained_rand_write_300s_qd32_repeat3\sustained_rand_write_300s_qd32_repeat3_run3.json
263000.0,263.0,,,656.019,sustained_rand_write_300s_qd32_repeat3,rand_write,3,results\external_ssd\sustained_rand_write_300s_qd32_repeat3\sustained_rand_write_300s_qd32_repeat3_run3.json
263155.0,263.155,103.939453125,26608.0,,sustained_rand_write_300s_qd32_repeat3,rand_write,3,results\external_ssd\sustained_rand_write_300s_qd32_repeat3\sustained_rand_write_300s_qd32_repeat3_run3.json
264000.0,264.0,,,432.396,sustained_rand_write_300s_qd32_repeat3,rand_write,3,results\external_ssd\sustained_rand_write_300s_qd32_repeat3\sustained_rand_write_300s_qd32_repeat3_run3.json
264155.0,264.155,149.6220703125,38303.0,,sustained_rand_write_300s_qd32_repeat3,rand_write,3,results\external_ssd\sustained_rand_write_300s_qd32_repeat3\sustained_rand_write_300s_qd32_repeat3_run3.json
265000.0,265.0,,,448.374,sustained_rand_write_300s_qd32_repeat3,rand_write,3,results\external_ssd\sustained_rand_write_300s_qd32_repeat3\sustained_rand_write_300s_qd32_repeat3_run3.json
265155.0,265.155,140.87109375,36063.0,,sustained_rand_write_300s_qd32_repeat3,rand_write,3,results\external_ssd\sustained_rand_write_300s_qd32_repeat3\sustained_rand_write_300s_qd32_repeat3_run3.json
266000.0,266.0,,,431.835,sustained_rand_write_300s_qd32_repeat3,rand_write,3,results\external_ssd\sustained_rand_write_300s_qd32_repeat3\sustained_rand_write_300s_qd32_repeat3_run3.json
266155.0,266.155,149.12109375,38175.0,,sustained_rand_write_300s_qd32_repeat3,rand_write,3,results\external_ssd\sustained_rand_write_300s_qd32_repeat3\sustained_rand_write_300s_qd32_repeat3_run3.json
267000.0,267.0,,,549.503,sustained_rand_write_300s_qd32_repeat3,rand_write,3,results\external_ssd\sustained_rand_write_300s_qd32_repeat3\sustained_rand_write_300s_qd32_repeat3_run3.json
267155.0,267.155,114.0390625,29194.0,,sustained_rand_write_300s_qd32_repeat3,rand_write,3,results\external_ssd\sustained_rand_write_300s_qd32_repeat3\sustained_rand_write_300s_qd32_repeat3_run3.json
268000.0,268.0,,,457.33,sustained_rand_write_300s_qd32_repeat3,rand_write,3,results\external_ssd\sustained_rand_write_300s_qd32_repeat3\sustained_rand_write_300s_qd32_repeat3_run3.json
268155.0,268.155,131.91015625,33769.0,,sustained_rand_write_300s_qd32_repeat3,rand_write,3,results\external_ssd\sustained_rand_write_300s_qd32_repeat3\sustained_rand_write_300s_qd32_repeat3_run3.json
269000.0,269.0,,,598.917,sustained_rand_write_300s_qd32_repeat3,rand_write,3,results\external_ssd\sustained_rand_write_300s_qd32_repeat3\sustained_rand_write_300s_qd32_repeat3_run3.json
269155.0,269.155,108.03125,27656.0,,sustained_rand_write_300s_qd32_repeat3,rand_write,3,results\external_ssd\sustained_rand_write_300s_qd32_repeat3\sustained_rand_write_300s_qd32_repeat3_run3.json
270000.0,270.0,,,510.743,sustained_rand_write_300s_qd32_repeat3,rand_write,3,results\external_ssd\sustained_rand_write_300s_qd32_repeat3\sustained_rand_write_300s_qd32_repeat3_run3.json
270155.0,270.155,130.0361328125,33289.0,,sustained_rand_write_300s_qd32_repeat3,rand_write,3,results\external_ssd\sustained_rand_write_300s_qd32_repeat3\sustained_rand_write_300s_qd32_repeat3_run3.json
271000.0,271.0,,,583.827,sustained_rand_write_300s_qd32_repeat3,rand_write,3,results\external_ssd\sustained_rand_write_300s_qd32_repeat3\sustained_rand_write_300s_qd32_repeat3_run3.json
271155.0,271.155,107.71875,27576.0,,sustained_rand_write_300s_qd32_repeat3,rand_write,3,results\external_ssd\sustained_rand_write_300s_qd32_repeat3\sustained_rand_write_300s_qd32_repeat3_run3.json
272002.0,272.002,,,605.314,sustained_rand_write_300s_qd32_repeat3,rand_write,3,results\external_ssd\sustained_rand_write_300s_qd32_repeat3\sustained_rand_write_300s_qd32_repeat3_run3.json
272156.0,272.156,98.07421875,25107.0,,sustained_rand_write_300s_qd32_repeat3,rand_write,3,results\external_ssd\sustained_rand_write_300s_qd32_repeat3\sustained_rand_write_300s_qd32_repeat3_run3.json
273000.0,273.0,,,540.535,sustained_rand_write_300s_qd32_repeat3,rand_write,3,results\external_ssd\sustained_rand_write_300s_qd32_repeat3\sustained_rand_write_300s_qd32_repeat3_run3.json
273155.0,273.155,125.078125,32020.0,,sustained_rand_write_300s_qd32_repeat3,rand_write,3,results\external_ssd\sustained_rand_write_300s_qd32_repeat3\sustained_rand_write_300s_qd32_repeat3_run3.json
274000.0,274.0,,,457.207,sustained_rand_write_300s_qd32_repeat3,rand_write,3,results\external_ssd\sustained_rand_write_300s_qd32_repeat3\sustained_rand_write_300s_qd32_repeat3_run3.json
274155.0,274.155,140.38671875,35939.0,,sustained_rand_write_300s_qd32_repeat3,rand_write,3,results\external_ssd\sustained_rand_write_300s_qd32_repeat3\sustained_rand_write_300s_qd32_repeat3_run3.json
275000.0,275.0,,,464.11,sustained_rand_write_300s_qd32_repeat3,rand_write,3,results\external_ssd\sustained_rand_write_300s_qd32_repeat3\sustained_rand_write_300s_qd32_repeat3_run3.json
275156.0,275.156,132.65234375,33959.0,,sustained_rand_write_300s_qd32_repeat3,rand_write,3,results\external_ssd\sustained_rand_write_300s_qd32_repeat3\sustained_rand_write_300s_qd32_repeat3_run3.json
276000.0,276.0,,,506.536,sustained_rand_write_300s_qd32_repeat3,rand_write,3,results\external_ssd\sustained_rand_write_300s_qd32_repeat3\sustained_rand_write_300s_qd32_repeat3_run3.json
276155.0,276.155,124.2841796875,31816.0,,sustained_rand_write_300s_qd32_repeat3,rand_write,3,results\external_ssd\sustained_rand_write_300s_qd32_repeat3\sustained_rand_write_300s_qd32_repeat3_run3.json
277000.0,277.0,,,544.215,sustained_rand_write_300s_qd32_repeat3,rand_write,3,results\external_ssd\sustained_rand_write_300s_qd32_repeat3\sustained_rand_write_300s_qd32_repeat3_run3.json
277156.0,277.156,114.880859375,29409.0,,sustained_rand_write_300s_qd32_repeat3,rand_write,3,results\external_ssd\sustained_rand_write_300s_qd32_repeat3\sustained_rand_write_300s_qd32_repeat3_run3.json
278000.0,278.0,,,483.941,sustained_rand_write_300s_qd32_repeat3,rand_write,3,results\external_ssd\sustained_rand_write_300s_qd32_repeat3\sustained_rand_write_300s_qd32_repeat3_run3.json
278156.0,278.156,137.671875,35244.0,,sustained_rand_write_300s_qd32_repeat3,rand_write,3,results\external_ssd\sustained_rand_write_300s_qd32_repeat3\sustained_rand_write_300s_qd32_repeat3_run3.json
279000.0,279.0,,,531.699,sustained_rand_write_300s_qd32_repeat3,rand_write,3,results\external_ssd\sustained_rand_write_300s_qd32_repeat3\sustained_rand_write_300s_qd32_repeat3_run3.json
279156.0,279.156,116.4638671875,29814.0,,sustained_rand_write_300s_qd32_repeat3,rand_write,3,results\external_ssd\sustained_rand_write_300s_qd32_repeat3\sustained_rand_write_300s_qd32_repeat3_run3.json
280008.0,280.008,,,501.617,sustained_rand_write_300s_qd32_repeat3,rand_write,3,results\external_ssd\sustained_rand_write_300s_qd32_repeat3\sustained_rand_write_300s_qd32_repeat3_run3.json
280156.0,280.156,112.177734375,28717.0,,sustained_rand_write_300s_qd32_repeat3,rand_write,3,results\external_ssd\sustained_rand_write_300s_qd32_repeat3\sustained_rand_write_300s_qd32_repeat3_run3.json
281000.0,281.0,,,570.509,sustained_rand_write_300s_qd32_repeat3,rand_write,3,results\external_ssd\sustained_rand_write_300s_qd32_repeat3\sustained_rand_write_300s_qd32_repeat3_run3.json
281156.0,281.156,126.91015625,32489.0,,sustained_rand_write_300s_qd32_repeat3,rand_write,3,results\external_ssd\sustained_rand_write_300s_qd32_repeat3\sustained_rand_write_300s_qd32_repeat3_run3.json
282000.0,282.0,,,461.958,sustained_rand_write_300s_qd32_repeat3,rand_write,3,results\external_ssd\sustained_rand_write_300s_qd32_repeat3\sustained_rand_write_300s_qd32_repeat3_run3.json
282155.0,282.155,135.8466796875,34776.0,,sustained_rand_write_300s_qd32_repeat3,rand_write,3,results\external_ssd\sustained_rand_write_300s_qd32_repeat3\sustained_rand_write_300s_qd32_repeat3_run3.json
283000.0,283.0,,,579.389,sustained_rand_write_300s_qd32_repeat3,rand_write,3,results\external_ssd\sustained_rand_write_300s_qd32_repeat3\sustained_rand_write_300s_qd32_repeat3_run3.json
283156.0,283.156,105.421875,26988.0,,sustained_rand_write_300s_qd32_repeat3,rand_write,3,results\external_ssd\sustained_rand_write_300s_qd32_repeat3\sustained_rand_write_300s_qd32_repeat3_run3.json
284000.0,284.0,,,559.693,sustained_rand_write_300s_qd32_repeat3,rand_write,3,results\external_ssd\sustained_rand_write_300s_qd32_repeat3\sustained_rand_write_300s_qd32_repeat3_run3.json
284156.0,284.156,113.46484375,29047.0,,sustained_rand_write_300s_qd32_repeat3,rand_write,3,results\external_ssd\sustained_rand_write_300s_qd32_repeat3\sustained_rand_write_300s_qd32_repeat3_run3.json
285000.0,285.0,,,522.093,sustained_rand_write_300s_qd32_repeat3,rand_write,3,results\external_ssd\sustained_rand_write_300s_qd32_repeat3\sustained_rand_write_300s_qd32_repeat3_run3.json
285156.0,285.156,124.3505859375,31833.0,,sustained_rand_write_300s_qd32_repeat3,rand_write,3,results\external_ssd\sustained_rand_write_300s_qd32_repeat3\sustained_rand_write_300s_qd32_repeat3_run3.json
286000.0,286.0,,,491.133,sustained_rand_write_300s_qd32_repeat3,rand_write,3,results\external_ssd\sustained_rand_write_300s_qd32_repeat3\sustained_rand_write_300s_qd32_repeat3_run3.json
286156.0,286.156,129.94921875,33267.0,,sustained_rand_write_300s_qd32_repeat3,rand_write,3,results\external_ssd\sustained_rand_write_300s_qd32_repeat3\sustained_rand_write_300s_qd32_repeat3_run3.json
287000.0,287.0,,,499.522,sustained_rand_write_300s_qd32_repeat3,rand_write,3,results\external_ssd\sustained_rand_write_300s_qd32_repeat3\sustained_rand_write_300s_qd32_repeat3_run3.json
287156.0,287.156,125.9140625,32234.0,,sustained_rand_write_300s_qd32_repeat3,rand_write,3,results\external_ssd\sustained_rand_write_300s_qd32_repeat3\sustained_rand_write_300s_qd32_repeat3_run3.json
288000.0,288.0,,,563.769,sustained_rand_write_300s_qd32_repeat3,rand_write,3,results\external_ssd\sustained_rand_write_300s_qd32_repeat3\sustained_rand_write_300s_qd32_repeat3_run3.json
288156.0,288.156,110.23046875,28219.0,,sustained_rand_write_300s_qd32_repeat3,rand_write,3,results\external_ssd\sustained_rand_write_300s_qd32_repeat3\sustained_rand_write_300s_qd32_repeat3_run3.json
289000.0,289.0,,,475.308,sustained_rand_write_300s_qd32_repeat3,rand_write,3,results\external_ssd\sustained_rand_write_300s_qd32_repeat3\sustained_rand_write_300s_qd32_repeat3_run3.json
289155.0,289.155,139.064453125,35600.0,,sustained_rand_write_300s_qd32_repeat3,rand_write,3,results\external_ssd\sustained_rand_write_300s_qd32_repeat3\sustained_rand_write_300s_qd32_repeat3_run3.json
290000.0,290.0,,,481.059,sustained_rand_write_300s_qd32_repeat3,rand_write,3,results\external_ssd\sustained_rand_write_300s_qd32_repeat3\sustained_rand_write_300s_qd32_repeat3_run3.json
290155.0,290.155,128.23828125,32829.0,,sustained_rand_write_300s_qd32_repeat3,rand_write,3,results\external_ssd\sustained_rand_write_300s_qd32_repeat3\sustained_rand_write_300s_qd32_repeat3_run3.json
291000.0,291.0,,,494.221,sustained_rand_write_300s_qd32_repeat3,rand_write,3,results\external_ssd\sustained_rand_write_300s_qd32_repeat3\sustained_rand_write_300s_qd32_repeat3_run3.json
291156.0,291.156,131.9453125,33778.0,,sustained_rand_write_300s_qd32_repeat3,rand_write,3,results\external_ssd\sustained_rand_write_300s_qd32_repeat3\sustained_rand_write_300s_qd32_repeat3_run3.json
292000.0,292.0,,,437.15,sustained_rand_write_300s_qd32_repeat3,rand_write,3,results\external_ssd\sustained_rand_write_300s_qd32_repeat3\sustained_rand_write_300s_qd32_repeat3_run3.json
292156.0,292.156,144.83984375,37079.0,,sustained_rand_write_300s_qd32_repeat3,rand_write,3,results\external_ssd\sustained_rand_write_300s_qd32_repeat3\sustained_rand_write_300s_qd32_repeat3_run3.json
293000.0,293.0,,,501.381,sustained_rand_write_300s_qd32_repeat3,rand_write,3,results\external_ssd\sustained_rand_write_300s_qd32_repeat3\sustained_rand_write_300s_qd32_repeat3_run3.json
293156.0,293.156,127.484375,32636.0,,sustained_rand_write_300s_qd32_repeat3,rand_write,3,results\external_ssd\sustained_rand_write_300s_qd32_repeat3\sustained_rand_write_300s_qd32_repeat3_run3.json
294000.0,294.0,,,490.28,sustained_rand_write_300s_qd32_repeat3,rand_write,3,results\external_ssd\sustained_rand_write_300s_qd32_repeat3\sustained_rand_write_300s_qd32_repeat3_run3.json
294156.0,294.156,125.76171875,32195.0,,sustained_rand_write_300s_qd32_repeat3,rand_write,3,results\external_ssd\sustained_rand_write_300s_qd32_repeat3\sustained_rand_write_300s_qd32_repeat3_run3.json
295000.0,295.0,,,543.344,sustained_rand_write_300s_qd32_repeat3,rand_write,3,results\external_ssd\sustained_rand_write_300s_qd32_repeat3\sustained_rand_write_300s_qd32_repeat3_run3.json
295156.0,295.156,123.482421875,31611.0,,sustained_rand_write_300s_qd32_repeat3,rand_write,3,results\external_ssd\sustained_rand_write_300s_qd32_repeat3\sustained_rand_write_300s_qd32_repeat3_run3.json
296000.0,296.0,,,505.126,sustained_rand_write_300s_qd32_repeat3,rand_write,3,results\external_ssd\sustained_rand_write_300s_qd32_repeat3\sustained_rand_write_300s_qd32_repeat3_run3.json
296156.0,296.156,121.01171875,30979.0,,sustained_rand_write_300s_qd32_repeat3,rand_write,3,results\external_ssd\sustained_rand_write_300s_qd32_repeat3\sustained_rand_write_300s_qd32_repeat3_run3.json
297000.0,297.0,,,473.802,sustained_rand_write_300s_qd32_repeat3,rand_write,3,results\external_ssd\sustained_rand_write_300s_qd32_repeat3\sustained_rand_write_300s_qd32_repeat3_run3.json
297155.0,297.155,135.451171875,34675.0,,sustained_rand_write_300s_qd32_repeat3,rand_write,3,results\external_ssd\sustained_rand_write_300s_qd32_repeat3\sustained_rand_write_300s_qd32_repeat3_run3.json
298001.0,298.001,,,508.111,sustained_rand_write_300s_qd32_repeat3,rand_write,3,results\external_ssd\sustained_rand_write_300s_qd32_repeat3\sustained_rand_write_300s_qd32_repeat3_run3.json
298155.0,298.155,125.015625,32004.0,,sustained_rand_write_300s_qd32_repeat3,rand_write,3,results\external_ssd\sustained_rand_write_300s_qd32_repeat3\sustained_rand_write_300s_qd32_repeat3_run3.json
299000.0,299.0,,,463.993,sustained_rand_write_300s_qd32_repeat3,rand_write,3,results\external_ssd\sustained_rand_write_300s_qd32_repeat3\sustained_rand_write_300s_qd32_repeat3_run3.json
299156.0,299.156,138.9462890625,35570.0,,sustained_rand_write_300s_qd32_repeat3,rand_write,3,results\external_ssd\sustained_rand_write_300s_qd32_repeat3\sustained_rand_write_300s_qd32_repeat3_run3.json
300000.0,300.0,,,478.851,sustained_rand_write_300s_qd32_repeat3,rand_write,3,results\external_ssd\sustained_rand_write_300s_qd32_repeat3\sustained_rand_write_300s_qd32_repeat3_run3.json
300000.0,300.0,,,141.813,sustained_rand_write_300s_qd32_repeat3,rand_write,3,results\external_ssd\sustained_rand_write_300s_qd32_repeat3\sustained_rand_write_300s_qd32_repeat3_run3.json
300156.0,300.156,110.6767578125,28333.0,,sustained_rand_write_300s_qd32_repeat3,rand_write,3,results\external_ssd\sustained_rand_write_300s_qd32_repeat3\sustained_rand_write_300s_qd32_repeat3_run3.json
