{
  "fio version" : "fio-3.42",
  "timestamp" : 1776177672,
  "timestamp_ms" : 1776177672616,
  "time" : "Tue Apr 14 23:41:12 2026",
  "jobs" : [
    {
      "jobname" : "rand_read",
      "groupid" : 0,
      "job_start" : 1776177642185,
      "error" : 0,
      "eta" : 0,
      "elapsed" : 35,
      "job options" : {
        "name" : "rand_read",
        "filename" : "E:\\fio_testfile",
        "size" : "2G",
        "bs" : "4k",
        "rw" : "randread",
        "iodepth" : "32",
        "direct" : "1",
        "thread" : "1",
        "time_based" : "1",
        "runtime" : "30",
        "ramp_time" : "3",
        "group_reporting" : ""
      },
      "read" : {
        "io_bytes" : 6781480960,
        "io_kbytes" : 6622540,
        "bw_bytes" : 226041830,
        "bw" : 220743,
        "iops" : 55185.093830,
        "runtime" : 30001,
        "total_ios" : 1655608,
        "short_ios" : 0,
        "drop_ios" : 0,
        "slat_ns" : {
          "min" : 8711,
          "max" : 962224,
          "mean" : 17230.178969,
          "stddev" : 10610.900754,
          "N" : 1655609
        },
        "clat_ns" : {
          "min" : 487,
          "max" : 2407957,
          "mean" : 345409.040151,
          "stddev" : 143350.717191,
          "N" : 1655635,
          "percentile" : {
            "1.000000" : 111104,
            "5.000000" : 138240,
            "10.000000" : 162816,
            "20.000000" : 207872,
            "30.000000" : 250880,
            "40.000000" : 292864,
            "50.000000" : 337920,
            "60.000000" : 382976,
            "70.000000" : 428032,
            "80.000000" : 468992,
            "90.000000" : 518144,
            "95.000000" : 577536,
            "99.000000" : 724992,
            "99.500000" : 790528,
            "99.900000" : 1003520,
            "99.950000" : 1122304,
            "99.990000" : 1449984
          }
        },
        "lat_ns" : {
          "min" : 77285,
          "max" : 2467431,
          "mean" : 362639.223014,
          "stddev" : 144092.203610,
          "N" : 1655635
        },
        "bw_min" : 198688,
        "bw_max" : 229160,
        "bw_agg" : 99.942932,
        "bw_mean" : 220618.300000,
        "bw_dev" : 6808.897114,
        "bw_samples" : 60,
        "iops_min" : 49672,
        "iops_max" : 57290,
        "iops_mean" : 55154.466667,
        "iops_stddev" : 1702.228424,
        "iops_samples" : 60
      },
      "write" : {
        "io_bytes" : 0,
        "io_kbytes" : 0,
        "bw_bytes" : 0,
        "bw" : 0,
        "iops" : 0.000000,
        "runtime" : 0,
        "total_ios" : 0,
        "short_ios" : 0,
        "drop_ios" : 0,
        "slat_ns" : {
          "min" : 0,
          "max" : 0,
          "mean" : 0.000000,
          "stddev" : 0.000000,
          "N" : 0
        },
        "clat_ns" : {
          "min" : 0,
          "max" : 0,
          "mean" : 0.000000,
          "stddev" : 0.000000,
          "N" : 0
        },
        "lat_ns" : {
          "min" : 0,
          "max" : 0,
          "mean" : 0.000000,
          "stddev" : 0.000000,
          "N" : 0
        },
        "bw_min" : 0,
        "bw_max" : 0,
        "bw_agg" : 0.000000,
        "bw_mean" : 0.000000,
        "bw_dev" : 0.000000,
        "bw_samples" : 0,
        "iops_min" : 0,
        "iops_max" : 0,
        "iops_mean" : 0.000000,
        "iops_stddev" : 0.000000,
        "iops_samples" : 0
      },
      "trim" : {
        "io_bytes" : 0,
        "io_kbytes" : 0,
        "bw_bytes" : 0,
        "bw" : 0,
        "iops" : 0.000000,
        "runtime" : 0,
        "total_ios" : 0,
        "short_ios" : 0,
        "drop_ios" : 0,
        "slat_ns" : {
          "min" : 0,
          "max" : 0,
          "mean" : 0.000000,
          "stddev" : 0.000000,
          "N" : 0
        },
        "clat_ns" : {
          "min" : 0,
          "max" : 0,
          "mean" : 0.000000,
          "stddev" : 0.000000,
          "N" : 0
        },
        "lat_ns" : {
          "min" : 0,
          "max" : 0,
          "mean" : 0.000000,
          "stddev" : 0.000000,
          "N" : 0
        },
        "bw_min" : 0,
        "bw_max" : 0,
        "bw_agg" : 0.000000,
        "bw_mean" : 0.000000,
        "bw_dev" : 0.000000,
        "bw_samples" : 0,
        "iops_min" : 0,
        "iops_max" : 0,
        "iops_mean" : 0.000000,
        "iops_stddev" : 0.000000,
        "iops_samples" : 0
      },
      "sync" : {
        "total_ios" : 0,
        "lat_ns" : {
          "min" : 0,
          "max" : 0,
          "mean" : 0.000000,
          "stddev" : 0.000000,
          "N" : 0
        }
      },
      "job_runtime" : 30000,
      "usr_cpu" : 6.666667,
      "sys_cpu" : 70.000000,
      "ctx" : 0,
      "majf" : 0,
      "minf" : 0,
      "iodepth_level" : {
        "1" : 0.100000,
        "2" : 0.100000,
        "4" : 2.338355,
        "8" : 28.766048,
        "16" : 64.802659,
        "32" : 4.063281,
        ">=64" : 0.000000
      },
      "iodepth_submit" : {
        "0" : 0.000000,
        "4" : 100.000000,
        "8" : 0.000000,
        "16" : 0.000000,
        "32" : 0.000000,
        "64" : 0.000000,
        ">=64" : 0.000000
      },
      "iodepth_complete" : {
        "0" : 0.000000,
        "4" : 96.102052,
        "8" : 0.100000,
        "16" : 0.100000,
        "32" : 3.882566,
        "64" : 0.000000,
        ">=64" : 0.000000
      },
      "latency_ns" : {
        "2" : 0.000000,
        "4" : 0.000000,
        "10" : 0.000000,
        "20" : 0.000000,
        "50" : 0.000000,
        "100" : 0.000000,
        "250" : 0.000000,
        "500" : 0.010000,
        "750" : 0.010000,
        "1000" : 0.010000
      },
      "latency_us" : {
        "2" : 0.010000,
        "4" : 0.000000,
        "10" : 0.000000,
        "20" : 0.010000,
        "50" : 0.010000,
        "100" : 0.254348,
        "250" : 29.439155,
        "500" : 57.083621,
        "750" : 12.466961,
        "1000" : 0.654805
      },
      "latency_ms" : {
        "2" : 0.098816,
        "4" : 0.010000,
        "10" : 0.000000,
        "20" : 0.000000,
        "50" : 0.000000,
        "100" : 0.000000,
        "250" : 0.000000,
        "500" : 0.000000,
        "750" : 0.000000,
        "1000" : 0.000000,
        "2000" : 0.000000,
        ">=2000" : 0.000000
      },
      "latency_depth" : 32,
      "latency_target" : 0,
      "latency_target_ns" : 0,
      "latency_percentile" : 100.000000,
      "latency_window" : 0,
      "latency_window_us" : 0
    }
  ]
}
