{
  "fio version" : "fio-3.42",
  "timestamp" : 1776177634,
  "timestamp_ms" : 1776177634946,
  "time" : "Tue Apr 14 23:40:34 2026",
  "jobs" : [
    {
      "jobname" : "rand_read",
      "groupid" : 0,
      "job_start" : 1776177604518,
      "error" : 0,
      "eta" : 0,
      "elapsed" : 35,
      "job options" : {
        "name" : "rand_read",
        "filename" : "E:\\fio_testfile",
        "size" : "2G",
        "bs" : "4k",
        "rw" : "randread",
        "iodepth" : "32",
        "direct" : "1",
        "thread" : "1",
        "time_based" : "1",
        "runtime" : "30",
        "ramp_time" : "3",
        "group_reporting" : ""
      },
      "read" : {
        "io_bytes" : 6671552512,
        "io_kbytes" : 6515188,
        "bw_bytes" : 222377671,
        "bw" : 217165,
        "iops" : 54290.423653,
        "runtime" : 30001,
        "total_ios" : 1628767,
        "short_ios" : 0,
        "drop_ios" : 0,
        "slat_ns" : {
          "min" : 8784,
          "max" : 31985579,
          "mean" : 17517.423712,
          "stddev" : 27376.415134,
          "N" : 1628768
        },
        "clat_ns" : {
          "min" : 535,
          "max" : 32647383,
          "mean" : 347690.172097,
          "stddev" : 170345.982896,
          "N" : 1628797,
          "percentile" : {
            "1.000000" : 109056,
            "5.000000" : 136192,
            "10.000000" : 160768,
            "20.000000" : 205824,
            "30.000000" : 250880,
            "40.000000" : 292864,
            "50.000000" : 337920,
            "60.000000" : 387072,
            "70.000000" : 428032,
            "80.000000" : 473088,
            "90.000000" : 528384,
            "95.000000" : 593920,
            "99.000000" : 741376,
            "99.500000" : 806912,
            "99.900000" : 987136,
            "99.950000" : 1105920,
            "99.990000" : 1482752
          }
        },
        "lat_ns" : {
          "min" : 73558,
          "max" : 32795584,
          "mean" : 365207.572300,
          "stddev" : 173111.664467,
          "N" : 1628797
        },
        "bw_min" : 176288,
        "bw_max" : 235096,
        "bw_agg" : 99.943962,
        "bw_mean" : 217044.333333,
        "bw_dev" : 14079.084515,
        "bw_samples" : 60,
        "iops_min" : 44072,
        "iops_max" : 58774,
        "iops_mean" : 54260.950000,
        "iops_stddev" : 3519.813600,
        "iops_samples" : 60
      },
      "write" : {
        "io_bytes" : 0,
        "io_kbytes" : 0,
        "bw_bytes" : 0,
        "bw" : 0,
        "iops" : 0.000000,
        "runtime" : 0,
        "total_ios" : 0,
        "short_ios" : 0,
        "drop_ios" : 0,
        "slat_ns" : {
          "min" : 0,
          "max" : 0,
          "mean" : 0.000000,
          "stddev" : 0.000000,
          "N" : 0
        },
        "clat_ns" : {
          "min" : 0,
          "max" : 0,
          "mean" : 0.000000,
          "stddev" : 0.000000,
          "N" : 0
        },
        "lat_ns" : {
          "min" : 0,
          "max" : 0,
          "mean" : 0.000000,
          "stddev" : 0.000000,
          "N" : 0
        },
        "bw_min" : 0,
        "bw_max" : 0,
        "bw_agg" : 0.000000,
        "bw_mean" : 0.000000,
        "bw_dev" : 0.000000,
        "bw_samples" : 0,
        "iops_min" : 0,
        "iops_max" : 0,
        "iops_mean" : 0.000000,
        "iops_stddev" : 0.000000,
        "iops_samples" : 0
      },
      "trim" : {
        "io_bytes" : 0,
        "io_kbytes" : 0,
        "bw_bytes" : 0,
        "bw" : 0,
        "iops" : 0.000000,
        "runtime" : 0,
        "total_ios" : 0,
        "short_ios" : 0,
        "drop_ios" : 0,
        "slat_ns" : {
          "min" : 0,
          "max" : 0,
          "mean" : 0.000000,
          "stddev" : 0.000000,
          "N" : 0
        },
        "clat_ns" : {
          "min" : 0,
          "max" : 0,
          "mean" : 0.000000,
          "stddev" : 0.000000,
          "N" : 0
        },
        "lat_ns" : {
          "min" : 0,
          "max" : 0,
          "mean" : 0.000000,
          "stddev" : 0.000000,
          "N" : 0
        },
        "bw_min" : 0,
        "bw_max" : 0,
        "bw_agg" : 0.000000,
        "bw_mean" : 0.000000,
        "bw_dev" : 0.000000,
        "bw_samples" : 0,
        "iops_min" : 0,
        "iops_max" : 0,
        "iops_mean" : 0.000000,
        "iops_stddev" : 0.000000,
        "iops_samples" : 0
      },
      "sync" : {
        "total_ios" : 0,
        "lat_ns" : {
          "min" : 0,
          "max" : 0,
          "mean" : 0.000000,
          "stddev" : 0.000000,
          "N" : 0
        }
      },
      "job_runtime" : 30000,
      "usr_cpu" : 6.666667,
      "sys_cpu" : 70.000000,
      "ctx" : 0,
      "majf" : 0,
      "minf" : 0,
      "iodepth_level" : {
        "1" : 0.100000,
        "2" : 0.100000,
        "4" : 2.757914,
        "8" : 29.150271,
        "16" : 64.058395,
        "32" : 4.005914,
        ">=64" : 0.000000
      },
      "iodepth_submit" : {
        "0" : 0.000000,
        "4" : 100.000000,
        "8" : 0.000000,
        "16" : 0.000000,
        "32" : 0.000000,
        "64" : 0.000000,
        ">=64" : 0.000000
      },
      "iodepth_complete" : {
        "0" : 0.000000,
        "4" : 96.149562,
        "8" : 0.100000,
        "16" : 0.100000,
        "32" : 3.847487,
        "64" : 0.000000,
        ">=64" : 0.000000
      },
      "latency_ns" : {
        "2" : 0.000000,
        "4" : 0.000000,
        "10" : 0.000000,
        "20" : 0.000000,
        "50" : 0.000000,
        "100" : 0.000000,
        "250" : 0.000000,
        "500" : 0.000000,
        "750" : 0.010000,
        "1000" : 0.010000
      },
      "latency_us" : {
        "2" : 0.010000,
        "4" : 0.000000,
        "10" : 0.000000,
        "20" : 0.010000,
        "50" : 0.010000,
        "100" : 0.303481,
        "250" : 29.612891,
        "500" : 55.864344,
        "750" : 13.289316,
        "1000" : 0.835479
      },
      "latency_ms" : {
        "2" : 0.089454,
        "4" : 0.010000,
        "10" : 0.010000,
        "20" : 0.010000,
        "50" : 0.010000,
        "100" : 0.000000,
        "250" : 0.000000,
        "500" : 0.000000,
        "750" : 0.000000,
        "1000" : 0.000000,
        "2000" : 0.000000,
        ">=2000" : 0.000000
      },
      "latency_depth" : 32,
      "latency_target" : 0,
      "latency_target_ns" : 0,
      "latency_percentile" : 100.000000,
      "latency_window" : 0,
      "latency_window_us" : 0
    }
  ]
}
