{
  "fio version" : "fio-3.42",
  "timestamp" : 1776177747,
  "timestamp_ms" : 1776177747932,
  "time" : "Tue Apr 14 23:42:27 2026",
  "jobs" : [
    {
      "jobname" : "rand_write",
      "groupid" : 0,
      "job_start" : 1776177717504,
      "error" : 0,
      "eta" : 0,
      "elapsed" : 35,
      "job options" : {
        "name" : "rand_write",
        "filename" : "E:\\fio_testfile",
        "size" : "2G",
        "bs" : "4k",
        "rw" : "randwrite",
        "iodepth" : "32",
        "direct" : "1",
        "thread" : "1",
        "time_based" : "1",
        "runtime" : "30",
        "ramp_time" : "3",
        "group_reporting" : ""
      },
      "read" : {
        "io_bytes" : 0,
        "io_kbytes" : 0,
        "bw_bytes" : 0,
        "bw" : 0,
        "iops" : 0.000000,
        "runtime" : 0,
        "total_ios" : 0,
        "short_ios" : 0,
        "drop_ios" : 0,
        "slat_ns" : {
          "min" : 0,
          "max" : 0,
          "mean" : 0.000000,
          "stddev" : 0.000000,
          "N" : 0
        },
        "clat_ns" : {
          "min" : 0,
          "max" : 0,
          "mean" : 0.000000,
          "stddev" : 0.000000,
          "N" : 0
        },
        "lat_ns" : {
          "min" : 0,
          "max" : 0,
          "mean" : 0.000000,
          "stddev" : 0.000000,
          "N" : 0
        },
        "bw_min" : 0,
        "bw_max" : 0,
        "bw_agg" : 0.000000,
        "bw_mean" : 0.000000,
        "bw_dev" : 0.000000,
        "bw_samples" : 0,
        "iops_min" : 0,
        "iops_max" : 0,
        "iops_mean" : 0.000000,
        "iops_stddev" : 0.000000,
        "iops_samples" : 0
      },
      "write" : {
        "io_bytes" : 3964596224,
        "io_kbytes" : 3871676,
        "bw_bytes" : 132148802,
        "bw" : 129051,
        "iops" : 32261.957935,
        "runtime" : 30001,
        "total_ios" : 967891,
        "short_ios" : 0,
        "drop_ios" : 0,
        "slat_ns" : {
          "min" : 17627,
          "max" : 1132223,
          "mean" : 29968.342767,
          "stddev" : 11325.880475,
          "N" : 967892
        },
        "clat_ns" : {
          "min" : 558,
          "max" : 3527616,
          "mean" : 504403.548058,
          "stddev" : 285448.937427,
          "N" : 967919,
          "percentile" : {
            "1.000000" : 44288,
            "5.000000" : 81408,
            "10.000000" : 127488,
            "20.000000" : 218112,
            "30.000000" : 309248,
            "40.000000" : 403456,
            "50.000000" : 497664,
            "60.000000" : 585728,
            "70.000000" : 675840,
            "80.000000" : 774144,
            "90.000000" : 872448,
            "95.000000" : 946176,
            "99.000000" : 1187840,
            "99.500000" : 1286144,
            "99.900000" : 1531904,
            "99.950000" : 1679360,
            "99.990000" : 2179072
          }
        },
        "lat_ns" : {
          "min" : 48995,
          "max" : 3565093,
          "mean" : 534371.953454,
          "stddev" : 286649.802635,
          "N" : 967919
        },
        "bw_min" : 118962,
        "bw_max" : 133656,
        "bw_agg" : 99.949970,
        "bw_mean" : 128987.866667,
        "bw_dev" : 3212.485829,
        "bw_samples" : 60,
        "iops_min" : 29740,
        "iops_max" : 33414,
        "iops_mean" : 32246.833333,
        "iops_stddev" : 803.195824,
        "iops_samples" : 60
      },
      "trim" : {
        "io_bytes" : 0,
        "io_kbytes" : 0,
        "bw_bytes" : 0,
        "bw" : 0,
        "iops" : 0.000000,
        "runtime" : 0,
        "total_ios" : 0,
        "short_ios" : 0,
        "drop_ios" : 0,
        "slat_ns" : {
          "min" : 0,
          "max" : 0,
          "mean" : 0.000000,
          "stddev" : 0.000000,
          "N" : 0
        },
        "clat_ns" : {
          "min" : 0,
          "max" : 0,
          "mean" : 0.000000,
          "stddev" : 0.000000,
          "N" : 0
        },
        "lat_ns" : {
          "min" : 0,
          "max" : 0,
          "mean" : 0.000000,
          "stddev" : 0.000000,
          "N" : 0
        },
        "bw_min" : 0,
        "bw_max" : 0,
        "bw_agg" : 0.000000,
        "bw_mean" : 0.000000,
        "bw_dev" : 0.000000,
        "bw_samples" : 0,
        "iops_min" : 0,
        "iops_max" : 0,
        "iops_mean" : 0.000000,
        "iops_stddev" : 0.000000,
        "iops_samples" : 0
      },
      "sync" : {
        "total_ios" : 0,
        "lat_ns" : {
          "min" : 0,
          "max" : 0,
          "mean" : 0.000000,
          "stddev" : 0.000000,
          "N" : 0
        }
      },
      "job_runtime" : 30000,
      "usr_cpu" : 6.666667,
      "sys_cpu" : 76.666667,
      "ctx" : 0,
      "majf" : 0,
      "minf" : 0,
      "iodepth_level" : {
        "1" : 0.100000,
        "2" : 4.444612,
        "4" : 13.166049,
        "8" : 26.358133,
        "16" : 52.733314,
        "32" : 3.296032,
        ">=64" : 0.000000
      },
      "iodepth_submit" : {
        "0" : 0.000000,
        "4" : 100.000000,
        "8" : 0.000000,
        "16" : 0.000000,
        "32" : 0.000000,
        "64" : 0.000000,
        ">=64" : 0.000000
      },
      "iodepth_complete" : {
        "0" : 0.000000,
        "4" : 96.809043,
        "8" : 0.100000,
        "16" : 0.100000,
        "32" : 3.190257,
        "64" : 0.000000,
        ">=64" : 0.000000
      },
      "latency_ns" : {
        "2" : 0.000000,
        "4" : 0.000000,
        "10" : 0.000000,
        "20" : 0.000000,
        "50" : 0.000000,
        "100" : 0.000000,
        "250" : 0.000000,
        "500" : 0.000000,
        "750" : 0.010000,
        "1000" : 0.010000
      },
      "latency_us" : {
        "2" : 0.010000,
        "4" : 0.010000,
        "10" : 0.000000,
        "20" : 0.010000,
        "50" : 1.241049,
        "100" : 5.613545,
        "250" : 16.604762,
        "500" : 27.077636,
        "750" : 26.970186,
        "1000" : 18.923412
      },
      "latency_ms" : {
        "2" : 3.553396,
        "4" : 0.017151,
        "10" : 0.000000,
        "20" : 0.000000,
        "50" : 0.000000,
        "100" : 0.000000,
        "250" : 0.000000,
        "500" : 0.000000,
        "750" : 0.000000,
        "1000" : 0.000000,
        "2000" : 0.000000,
        ">=2000" : 0.000000
      },
      "latency_depth" : 32,
      "latency_target" : 0,
      "latency_target_ns" : 0,
      "latency_percentile" : 100.000000,
      "latency_window" : 0,
      "latency_window_us" : 0
    }
  ]
}
