{
  "fio version" : "fio-3.42",
  "timestamp" : 1776177785,
  "timestamp_ms" : 1776177785588,
  "time" : "Tue Apr 14 23:43:05 2026",
  "jobs" : [
    {
      "jobname" : "rand_write",
      "groupid" : 0,
      "job_start" : 1776177755162,
      "error" : 0,
      "eta" : 0,
      "elapsed" : 35,
      "job options" : {
        "name" : "rand_write",
        "filename" : "E:\\fio_testfile",
        "size" : "2G",
        "bs" : "4k",
        "rw" : "randwrite",
        "iodepth" : "32",
        "direct" : "1",
        "thread" : "1",
        "time_based" : "1",
        "runtime" : "30",
        "ramp_time" : "3",
        "group_reporting" : ""
      },
      "read" : {
        "io_bytes" : 0,
        "io_kbytes" : 0,
        "bw_bytes" : 0,
        "bw" : 0,
        "iops" : 0.000000,
        "runtime" : 0,
        "total_ios" : 0,
        "short_ios" : 0,
        "drop_ios" : 0,
        "slat_ns" : {
          "min" : 0,
          "max" : 0,
          "mean" : 0.000000,
          "stddev" : 0.000000,
          "N" : 0
        },
        "clat_ns" : {
          "min" : 0,
          "max" : 0,
          "mean" : 0.000000,
          "stddev" : 0.000000,
          "N" : 0
        },
        "lat_ns" : {
          "min" : 0,
          "max" : 0,
          "mean" : 0.000000,
          "stddev" : 0.000000,
          "N" : 0
        },
        "bw_min" : 0,
        "bw_max" : 0,
        "bw_agg" : 0.000000,
        "bw_mean" : 0.000000,
        "bw_dev" : 0.000000,
        "bw_samples" : 0,
        "iops_min" : 0,
        "iops_max" : 0,
        "iops_mean" : 0.000000,
        "iops_stddev" : 0.000000,
        "iops_samples" : 0
      },
      "write" : {
        "io_bytes" : 3982262272,
        "io_kbytes" : 3888928,
        "bw_bytes" : 132737651,
        "bw" : 129626,
        "iops" : 32406.153128,
        "runtime" : 30001,
        "total_ios" : 972217,
        "short_ios" : 0,
        "drop_ios" : 0,
        "slat_ns" : {
          "min" : 17821,
          "max" : 11520061,
          "mean" : 29846.363116,
          "stddev" : 16074.362493,
          "N" : 972218
        },
        "clat_ns" : {
          "min" : 1254,
          "max" : 12810314,
          "mean" : 502321.362263,
          "stddev" : 290660.399315,
          "N" : 972232,
          "percentile" : {
            "1.000000" : 45824,
            "5.000000" : 80384,
            "10.000000" : 127488,
            "20.000000" : 218112,
            "30.000000" : 309248,
            "40.000000" : 399360,
            "50.000000" : 493568,
            "60.000000" : 585728,
            "70.000000" : 675840,
            "80.000000" : 765952,
            "90.000000" : 864256,
            "95.000000" : 946176,
            "99.000000" : 1187840,
            "99.500000" : 1302528,
            "99.900000" : 1548288,
            "99.950000" : 1679360,
            "99.990000" : 2056192
          }
        },
        "lat_ns" : {
          "min" : 46309,
          "max" : 12858574,
          "mean" : 532167.698572,
          "stddev" : 292131.308921,
          "N" : 972232
        },
        "bw_min" : 114419,
        "bw_max" : 136127,
        "bw_agg" : 99.946298,
        "bw_mean" : 129557.850000,
        "bw_dev" : 4324.110457,
        "bw_samples" : 60,
        "iops_min" : 28604,
        "iops_max" : 34031,
        "iops_mean" : 32389.333333,
        "iops_stddev" : 1081.027535,
        "iops_samples" : 60
      },
      "trim" : {
        "io_bytes" : 0,
        "io_kbytes" : 0,
        "bw_bytes" : 0,
        "bw" : 0,
        "iops" : 0.000000,
        "runtime" : 0,
        "total_ios" : 0,
        "short_ios" : 0,
        "drop_ios" : 0,
        "slat_ns" : {
          "min" : 0,
          "max" : 0,
          "mean" : 0.000000,
          "stddev" : 0.000000,
          "N" : 0
        },
        "clat_ns" : {
          "min" : 0,
          "max" : 0,
          "mean" : 0.000000,
          "stddev" : 0.000000,
          "N" : 0
        },
        "lat_ns" : {
          "min" : 0,
          "max" : 0,
          "mean" : 0.000000,
          "stddev" : 0.000000,
          "N" : 0
        },
        "bw_min" : 0,
        "bw_max" : 0,
        "bw_agg" : 0.000000,
        "bw_mean" : 0.000000,
        "bw_dev" : 0.000000,
        "bw_samples" : 0,
        "iops_min" : 0,
        "iops_max" : 0,
        "iops_mean" : 0.000000,
        "iops_stddev" : 0.000000,
        "iops_samples" : 0
      },
      "sync" : {
        "total_ios" : 0,
        "lat_ns" : {
          "min" : 0,
          "max" : 0,
          "mean" : 0.000000,
          "stddev" : 0.000000,
          "N" : 0
        }
      },
      "job_runtime" : 30000,
      "usr_cpu" : 6.666667,
      "sys_cpu" : 80.000000,
      "ctx" : 0,
      "majf" : 0,
      "minf" : 0,
      "iodepth_level" : {
        "1" : 0.100000,
        "2" : 4.415887,
        "4" : 13.168151,
        "8" : 26.368907,
        "16" : 52.749232,
        "32" : 3.297001,
        ">=64" : 0.000000
      },
      "iodepth_submit" : {
        "0" : 0.000000,
        "4" : 100.000000,
        "8" : 0.000000,
        "16" : 0.000000,
        "32" : 0.000000,
        "64" : 0.000000,
        ">=64" : 0.000000
      },
      "iodepth_complete" : {
        "0" : 0.000000,
        "4" : 96.808335,
        "8" : 0.000000,
        "16" : 0.100000,
        "32" : 3.191267,
        "64" : 0.000000,
        ">=64" : 0.000000
      },
      "latency_ns" : {
        "2" : 0.000000,
        "4" : 0.000000,
        "10" : 0.000000,
        "20" : 0.000000,
        "50" : 0.000000,
        "100" : 0.000000,
        "250" : 0.000000,
        "500" : 0.000000,
        "750" : 0.000000,
        "1000" : 0.000000
      },
      "latency_us" : {
        "2" : 0.010000,
        "4" : 0.000000,
        "10" : 0.000000,
        "20" : 0.000000,
        "50" : 1.190372,
        "100" : 5.663448,
        "250" : 16.734638,
        "500" : 27.314272,
        "750" : 27.087265,
        "1000" : 18.412453
      },
      "latency_ms" : {
        "2" : 3.586339,
        "4" : 0.010000,
        "10" : 0.010000,
        "20" : 0.010000,
        "50" : 0.000000,
        "100" : 0.000000,
        "250" : 0.000000,
        "500" : 0.000000,
        "750" : 0.000000,
        "1000" : 0.000000,
        "2000" : 0.000000,
        ">=2000" : 0.000000
      },
      "latency_depth" : 32,
      "latency_target" : 0,
      "latency_target_ns" : 0,
      "latency_percentile" : 100.000000,
      "latency_window" : 0,
      "latency_window_us" : 0
    }
  ]
}
