{
  "fio version" : "fio-3.42",
  "timestamp" : 1776177823,
  "timestamp_ms" : 1776177823205,
  "time" : "Tue Apr 14 23:43:43 2026",
  "jobs" : [
    {
      "jobname" : "rand_write",
      "groupid" : 0,
      "job_start" : 1776177792813,
      "error" : 0,
      "eta" : 0,
      "elapsed" : 35,
      "job options" : {
        "name" : "rand_write",
        "filename" : "E:\\fio_testfile",
        "size" : "2G",
        "bs" : "4k",
        "rw" : "randwrite",
        "iodepth" : "32",
        "direct" : "1",
        "thread" : "1",
        "time_based" : "1",
        "runtime" : "30",
        "ramp_time" : "3",
        "group_reporting" : ""
      },
      "read" : {
        "io_bytes" : 0,
        "io_kbytes" : 0,
        "bw_bytes" : 0,
        "bw" : 0,
        "iops" : 0.000000,
        "runtime" : 0,
        "total_ios" : 0,
        "short_ios" : 0,
        "drop_ios" : 0,
        "slat_ns" : {
          "min" : 0,
          "max" : 0,
          "mean" : 0.000000,
          "stddev" : 0.000000,
          "N" : 0
        },
        "clat_ns" : {
          "min" : 0,
          "max" : 0,
          "mean" : 0.000000,
          "stddev" : 0.000000,
          "N" : 0
        },
        "lat_ns" : {
          "min" : 0,
          "max" : 0,
          "mean" : 0.000000,
          "stddev" : 0.000000,
          "N" : 0
        },
        "bw_min" : 0,
        "bw_max" : 0,
        "bw_agg" : 0.000000,
        "bw_mean" : 0.000000,
        "bw_dev" : 0.000000,
        "bw_samples" : 0,
        "iops_min" : 0,
        "iops_max" : 0,
        "iops_mean" : 0.000000,
        "iops_stddev" : 0.000000,
        "iops_samples" : 0
      },
      "write" : {
        "io_bytes" : 3983294464,
        "io_kbytes" : 3889936,
        "bw_bytes" : 132772056,
        "bw" : 129660,
        "iops" : 32414.019533,
        "runtime" : 30001,
        "total_ios" : 972453,
        "short_ios" : 0,
        "drop_ios" : 0,
        "slat_ns" : {
          "min" : 17729,
          "max" : 1443089,
          "mean" : 29816.772819,
          "stddev" : 12320.738803,
          "N" : 972454
        },
        "clat_ns" : {
          "min" : 559,
          "max" : 4520598,
          "mean" : 502299.248600,
          "stddev" : 284812.831380,
          "N" : 972484,
          "percentile" : {
            "1.000000" : 46336,
            "5.000000" : 80384,
            "10.000000" : 127488,
            "20.000000" : 218112,
            "30.000000" : 309248,
            "40.000000" : 403456,
            "50.000000" : 493568,
            "60.000000" : 585728,
            "70.000000" : 675840,
            "80.000000" : 765952,
            "90.000000" : 864256,
            "95.000000" : 946176,
            "99.000000" : 1171456,
            "99.500000" : 1286144,
            "99.900000" : 1548288,
            "99.950000" : 1728512,
            "99.990000" : 2703360
          }
        },
        "lat_ns" : {
          "min" : 49459,
          "max" : 4641279,
          "mean" : 532115.952535,
          "stddev" : 286109.785695,
          "N" : 972484
        },
        "bw_min" : 90015,
        "bw_max" : 134489,
        "bw_agg" : 99.636580,
        "bw_mean" : 129189.383333,
        "bw_dev" : 5902.639651,
        "bw_samples" : 60,
        "iops_min" : 22503,
        "iops_max" : 33622,
        "iops_mean" : 32297.050000,
        "iops_stddev" : 1475.707810,
        "iops_samples" : 60
      },
      "trim" : {
        "io_bytes" : 0,
        "io_kbytes" : 0,
        "bw_bytes" : 0,
        "bw" : 0,
        "iops" : 0.000000,
        "runtime" : 0,
        "total_ios" : 0,
        "short_ios" : 0,
        "drop_ios" : 0,
        "slat_ns" : {
          "min" : 0,
          "max" : 0,
          "mean" : 0.000000,
          "stddev" : 0.000000,
          "N" : 0
        },
        "clat_ns" : {
          "min" : 0,
          "max" : 0,
          "mean" : 0.000000,
          "stddev" : 0.000000,
          "N" : 0
        },
        "lat_ns" : {
          "min" : 0,
          "max" : 0,
          "mean" : 0.000000,
          "stddev" : 0.000000,
          "N" : 0
        },
        "bw_min" : 0,
        "bw_max" : 0,
        "bw_agg" : 0.000000,
        "bw_mean" : 0.000000,
        "bw_dev" : 0.000000,
        "bw_samples" : 0,
        "iops_min" : 0,
        "iops_max" : 0,
        "iops_mean" : 0.000000,
        "iops_stddev" : 0.000000,
        "iops_samples" : 0
      },
      "sync" : {
        "total_ios" : 0,
        "lat_ns" : {
          "min" : 0,
          "max" : 0,
          "mean" : 0.000000,
          "stddev" : 0.000000,
          "N" : 0
        }
      },
      "job_runtime" : 30000,
      "usr_cpu" : 6.666667,
      "sys_cpu" : 76.666667,
      "ctx" : 0,
      "majf" : 0,
      "minf" : 0,
      "iodepth_level" : {
        "1" : 0.100000,
        "2" : 4.394763,
        "4" : 13.170405,
        "8" : 26.375773,
        "16" : 52.759979,
        "32" : 3.297640,
        ">=64" : 0.000000
      },
      "iodepth_submit" : {
        "0" : 0.000000,
        "4" : 100.000000,
        "8" : 0.000000,
        "16" : 0.000000,
        "32" : 0.000000,
        "64" : 0.000000,
        ">=64" : 0.000000
      },
      "iodepth_complete" : {
        "0" : 0.000000,
        "4" : 96.807536,
        "8" : 0.000000,
        "16" : 0.100000,
        "32" : 3.191966,
        "64" : 0.000000,
        ">=64" : 0.000000
      },
      "latency_ns" : {
        "2" : 0.000000,
        "4" : 0.000000,
        "10" : 0.000000,
        "20" : 0.000000,
        "50" : 0.000000,
        "100" : 0.000000,
        "250" : 0.000000,
        "500" : 0.000000,
        "750" : 0.010000,
        "1000" : 0.000000
      },
      "latency_us" : {
        "2" : 0.010000,
        "4" : 0.010000,
        "10" : 0.000000,
        "20" : 0.000000,
        "50" : 1.272761,
        "100" : 5.582481,
        "250" : 16.683068,
        "500" : 27.262089,
        "750" : 27.063622,
        "1000" : 18.707125
      },
      "latency_ms" : {
        "2" : 3.405820,
        "4" : 0.023857,
        "10" : 0.010000,
        "20" : 0.000000,
        "50" : 0.000000,
        "100" : 0.000000,
        "250" : 0.000000,
        "500" : 0.000000,
        "750" : 0.000000,
        "1000" : 0.000000,
        "2000" : 0.000000,
        ">=2000" : 0.000000
      },
      "latency_depth" : 32,
      "latency_target" : 0,
      "latency_target_ns" : 0,
      "latency_percentile" : 100.000000,
      "latency_window" : 0,
      "latency_window_us" : 0
    }
  ]
}
