{
  "fio version" : "fio-3.42",
  "timestamp" : 1776177597,
  "timestamp_ms" : 1776177597288,
  "time" : "Tue Apr 14 23:39:57 2026",
  "jobs" : [
    {
      "jobname" : "seq_write",
      "groupid" : 0,
      "job_start" : 1776177566892,
      "error" : 0,
      "eta" : 0,
      "elapsed" : 35,
      "job options" : {
        "name" : "seq_write",
        "filename" : "E:\\fio_testfile",
        "size" : "2G",
        "bs" : "1M",
        "rw" : "write",
        "iodepth" : "32",
        "direct" : "1",
        "thread" : "1",
        "time_based" : "1",
        "runtime" : "30",
        "ramp_time" : "3",
        "group_reporting" : ""
      },
      "read" : {
        "io_bytes" : 0,
        "io_kbytes" : 0,
        "bw_bytes" : 0,
        "bw" : 0,
        "iops" : 0.000000,
        "runtime" : 0,
        "total_ios" : 0,
        "short_ios" : 0,
        "drop_ios" : 0,
        "slat_ns" : {
          "min" : 0,
          "max" : 0,
          "mean" : 0.000000,
          "stddev" : 0.000000,
          "N" : 0
        },
        "clat_ns" : {
          "min" : 0,
          "max" : 0,
          "mean" : 0.000000,
          "stddev" : 0.000000,
          "N" : 0
        },
        "lat_ns" : {
          "min" : 0,
          "max" : 0,
          "mean" : 0.000000,
          "stddev" : 0.000000,
          "N" : 0
        },
        "bw_min" : 0,
        "bw_max" : 0,
        "bw_agg" : 0.000000,
        "bw_mean" : 0.000000,
        "bw_dev" : 0.000000,
        "bw_samples" : 0,
        "iops_min" : 0,
        "iops_max" : 0,
        "iops_mean" : 0.000000,
        "iops_stddev" : 0.000000,
        "iops_samples" : 0
      },
      "write" : {
        "io_bytes" : 15168700416,
        "io_kbytes" : 14813184,
        "bw_bytes" : 504530198,
        "bw" : 492705,
        "iops" : 480.126393,
        "runtime" : 30065,
        "total_ios" : 14435,
        "short_ios" : 0,
        "drop_ios" : 0,
        "slat_ns" : {
          "min" : 50962,
          "max" : 1024866,
          "mean" : 98533.295670,
          "stddev" : 27711.377702,
          "N" : 14435
        },
        "clat_ns" : {
          "min" : 2390448,
          "max" : 198997244,
          "mean" : 66307501.212153,
          "stddev" : 10486902.098774,
          "N" : 14466,
          "percentile" : {
            "1.000000" : 20840448,
            "5.000000" : 60555264,
            "10.000000" : 64225280,
            "20.000000" : 65273856,
            "30.000000" : 65273856,
            "40.000000" : 65798144,
            "50.000000" : 66322432,
            "60.000000" : 66322432,
            "70.000000" : 66846720,
            "80.000000" : 67633152,
            "90.000000" : 68681728,
            "95.000000" : 72876032,
            "99.000000" : 112721920,
            "99.500000" : 121110528,
            "99.900000" : 133693440,
            "99.950000" : 139460608,
            "99.990000" : 162529280
          }
        },
        "lat_ns" : {
          "min" : 2685866,
          "max" : 199070608,
          "mean" : 66406026.523987,
          "stddev" : 10484698.067615,
          "N" : 14466
        },
        "bw_min" : 417710,
        "bw_max" : 502875,
        "bw_agg" : 99.835140,
        "bw_mean" : 491893.150000,
        "bw_dev" : 10799.323130,
        "bw_samples" : 60,
        "iops_min" : 407,
        "iops_max" : 491,
        "iops_mean" : 479.866667,
        "iops_stddev" : 10.598156,
        "iops_samples" : 60
      },
      "trim" : {
        "io_bytes" : 0,
        "io_kbytes" : 0,
        "bw_bytes" : 0,
        "bw" : 0,
        "iops" : 0.000000,
        "runtime" : 0,
        "total_ios" : 0,
        "short_ios" : 0,
        "drop_ios" : 0,
        "slat_ns" : {
          "min" : 0,
          "max" : 0,
          "mean" : 0.000000,
          "stddev" : 0.000000,
          "N" : 0
        },
        "clat_ns" : {
          "min" : 0,
          "max" : 0,
          "mean" : 0.000000,
          "stddev" : 0.000000,
          "N" : 0
        },
        "lat_ns" : {
          "min" : 0,
          "max" : 0,
          "mean" : 0.000000,
          "stddev" : 0.000000,
          "N" : 0
        },
        "bw_min" : 0,
        "bw_max" : 0,
        "bw_agg" : 0.000000,
        "bw_mean" : 0.000000,
        "bw_dev" : 0.000000,
        "bw_samples" : 0,
        "iops_min" : 0,
        "iops_max" : 0,
        "iops_mean" : 0.000000,
        "iops_stddev" : 0.000000,
        "iops_samples" : 0
      },
      "sync" : {
        "total_ios" : 0,
        "lat_ns" : {
          "min" : 0,
          "max" : 0,
          "mean" : 0.000000,
          "stddev" : 0.000000,
          "N" : 0
        }
      },
      "job_runtime" : 30064,
      "usr_cpu" : 0.000000,
      "sys_cpu" : 0.000000,
      "ctx" : 0,
      "majf" : 0,
      "minf" : 0,
      "iodepth_level" : {
        "1" : 0.100000,
        "2" : 0.100000,
        "4" : 0.193973,
        "8" : 0.387946,
        "16" : 0.838240,
        "32" : 98.434361,
        ">=64" : 0.000000
      },
      "iodepth_submit" : {
        "0" : 0.000000,
        "4" : 100.000000,
        "8" : 0.000000,
        "16" : 0.000000,
        "32" : 0.000000,
        "64" : 0.000000,
        ">=64" : 0.000000
      },
      "iodepth_complete" : {
        "0" : 0.000000,
        "4" : 99.972079,
        "8" : 0.000000,
        "16" : 0.000000,
        "32" : 0.100000,
        "64" : 0.000000,
        ">=64" : 0.000000
      },
      "latency_ns" : {
        "2" : 0.000000,
        "4" : 0.000000,
        "10" : 0.000000,
        "20" : 0.000000,
        "50" : 0.000000,
        "100" : 0.000000,
        "250" : 0.000000,
        "500" : 0.000000,
        "750" : 0.000000,
        "1000" : 0.000000
      },
      "latency_us" : {
        "2" : 0.000000,
        "4" : 0.000000,
        "10" : 0.000000,
        "20" : 0.000000,
        "50" : 0.000000,
        "100" : 0.000000,
        "250" : 0.000000,
        "500" : 0.000000,
        "750" : 0.000000,
        "1000" : 0.000000
      },
      "latency_ms" : {
        "2" : 0.000000,
        "4" : 0.048493,
        "10" : 0.193973,
        "20" : 0.671978,
        "50" : 1.960513,
        "100" : 95.344648,
        "250" : 1.995151,
        "500" : 0.000000,
        "750" : 0.000000,
        "1000" : 0.000000,
        "2000" : 0.000000,
        ">=2000" : 0.000000
      },
      "latency_depth" : 32,
      "latency_target" : 0,
      "latency_target_ns" : 0,
      "latency_percentile" : 100.000000,
      "latency_window" : 0,
      "latency_window_us" : 0
    }
  ]
}
