{
  "fio version" : "fio-3.42",
  "timestamp" : 1776177522,
  "timestamp_ms" : 1776177522010,
  "time" : "Tue Apr 14 23:38:42 2026",
  "jobs" : [
    {
      "jobname" : "seq_write",
      "groupid" : 0,
      "job_start" : 1776177491617,
      "error" : 0,
      "eta" : 0,
      "elapsed" : 35,
      "job options" : {
        "name" : "seq_write",
        "filename" : "E:\\fio_testfile",
        "size" : "2G",
        "bs" : "1M",
        "rw" : "write",
        "iodepth" : "32",
        "direct" : "1",
        "thread" : "1",
        "time_based" : "1",
        "runtime" : "30",
        "ramp_time" : "3",
        "group_reporting" : ""
      },
      "read" : {
        "io_bytes" : 0,
        "io_kbytes" : 0,
        "bw_bytes" : 0,
        "bw" : 0,
        "iops" : 0.000000,
        "runtime" : 0,
        "total_ios" : 0,
        "short_ios" : 0,
        "drop_ios" : 0,
        "slat_ns" : {
          "min" : 0,
          "max" : 0,
          "mean" : 0.000000,
          "stddev" : 0.000000,
          "N" : 0
        },
        "clat_ns" : {
          "min" : 0,
          "max" : 0,
          "mean" : 0.000000,
          "stddev" : 0.000000,
          "N" : 0
        },
        "lat_ns" : {
          "min" : 0,
          "max" : 0,
          "mean" : 0.000000,
          "stddev" : 0.000000,
          "N" : 0
        },
        "bw_min" : 0,
        "bw_max" : 0,
        "bw_agg" : 0.000000,
        "bw_mean" : 0.000000,
        "bw_dev" : 0.000000,
        "bw_samples" : 0,
        "iops_min" : 0,
        "iops_max" : 0,
        "iops_mean" : 0.000000,
        "iops_stddev" : 0.000000,
        "iops_samples" : 0
      },
      "write" : {
        "io_bytes" : 15118368768,
        "io_kbytes" : 14764032,
        "bw_bytes" : 502839378,
        "bw" : 491054,
        "iops" : 478.513936,
        "runtime" : 30066,
        "total_ios" : 14387,
        "short_ios" : 0,
        "drop_ios" : 0,
        "slat_ns" : {
          "min" : 50486,
          "max" : 693713,
          "mean" : 102759.616529,
          "stddev" : 29147.931801,
          "N" : 14387
        },
        "clat_ns" : {
          "min" : 2441245,
          "max" : 253697052,
          "mean" : 66514973.049591,
          "stddev" : 25521963.478344,
          "N" : 14418,
          "percentile" : {
            "1.000000" : 5865472,
            "5.000000" : 6258688,
            "10.000000" : 52166656,
            "20.000000" : 64749568,
            "30.000000" : 65273856,
            "40.000000" : 65798144,
            "50.000000" : 66322432,
            "60.000000" : 66846720,
            "70.000000" : 66846720,
            "80.000000" : 67633152,
            "90.000000" : 81264640,
            "95.000000" : 127401984,
            "99.000000" : 129499136,
            "99.500000" : 131596288,
            "99.900000" : 158334976,
            "99.950000" : 183500800,
            "99.990000" : 223346688
          }
        },
        "lat_ns" : {
          "min" : 2783752,
          "max" : 253840051,
          "mean" : 66617713.733042,
          "stddev" : 25512286.871018,
          "N" : 14418
        },
        "bw_min" : 450560,
        "bw_max" : 501760,
        "bw_agg" : 99.954368,
        "bw_mean" : 490830.300000,
        "bw_dev" : 7717.454523,
        "bw_samples" : 60,
        "iops_min" : 440,
        "iops_max" : 490,
        "iops_mean" : 479.316667,
        "iops_stddev" : 7.536334,
        "iops_samples" : 60
      },
      "trim" : {
        "io_bytes" : 0,
        "io_kbytes" : 0,
        "bw_bytes" : 0,
        "bw" : 0,
        "iops" : 0.000000,
        "runtime" : 0,
        "total_ios" : 0,
        "short_ios" : 0,
        "drop_ios" : 0,
        "slat_ns" : {
          "min" : 0,
          "max" : 0,
          "mean" : 0.000000,
          "stddev" : 0.000000,
          "N" : 0
        },
        "clat_ns" : {
          "min" : 0,
          "max" : 0,
          "mean" : 0.000000,
          "stddev" : 0.000000,
          "N" : 0
        },
        "lat_ns" : {
          "min" : 0,
          "max" : 0,
          "mean" : 0.000000,
          "stddev" : 0.000000,
          "N" : 0
        },
        "bw_min" : 0,
        "bw_max" : 0,
        "bw_agg" : 0.000000,
        "bw_mean" : 0.000000,
        "bw_dev" : 0.000000,
        "bw_samples" : 0,
        "iops_min" : 0,
        "iops_max" : 0,
        "iops_mean" : 0.000000,
        "iops_stddev" : 0.000000,
        "iops_samples" : 0
      },
      "sync" : {
        "total_ios" : 0,
        "lat_ns" : {
          "min" : 0,
          "max" : 0,
          "mean" : 0.000000,
          "stddev" : 0.000000,
          "N" : 0
        }
      },
      "job_runtime" : 30065,
      "usr_cpu" : 0.000000,
      "sys_cpu" : 0.000000,
      "ctx" : 0,
      "majf" : 0,
      "minf" : 0,
      "iodepth_level" : {
        "1" : 0.100000,
        "2" : 0.100000,
        "4" : 0.194620,
        "8" : 0.389240,
        "16" : 0.973101,
        "32" : 98.297074,
        ">=64" : 0.000000
      },
      "iodepth_submit" : {
        "0" : 0.000000,
        "4" : 100.000000,
        "8" : 0.000000,
        "16" : 0.000000,
        "32" : 0.000000,
        "64" : 0.000000,
        ">=64" : 0.000000
      },
      "iodepth_complete" : {
        "0" : 0.000000,
        "4" : 99.968462,
        "8" : 0.000000,
        "16" : 0.100000,
        "32" : 0.100000,
        "64" : 0.000000,
        ">=64" : 0.000000
      },
      "latency_ns" : {
        "2" : 0.000000,
        "4" : 0.000000,
        "10" : 0.000000,
        "20" : 0.000000,
        "50" : 0.000000,
        "100" : 0.000000,
        "250" : 0.000000,
        "500" : 0.000000,
        "750" : 0.000000,
        "1000" : 0.000000
      },
      "latency_us" : {
        "2" : 0.000000,
        "4" : 0.000000,
        "10" : 0.000000,
        "20" : 0.000000,
        "50" : 0.000000,
        "100" : 0.000000,
        "250" : 0.000000,
        "500" : 0.000000,
        "750" : 0.000000,
        "1000" : 0.000000
      },
      "latency_ms" : {
        "2" : 0.000000,
        "4" : 0.229374,
        "10" : 7.145340,
        "20" : 0.903594,
        "50" : 1.689025,
        "100" : 81.170501,
        "250" : 9.070689,
        "500" : 0.010000,
        "750" : 0.000000,
        "1000" : 0.000000,
        "2000" : 0.000000,
        ">=2000" : 0.000000
      },
      "latency_depth" : 32,
      "latency_target" : 0,
      "latency_target_ns" : 0,
      "latency_percentile" : 100.000000,
      "latency_window" : 0,
      "latency_window_us" : 0
    }
  ]
}
