{
  "fio version" : "fio-3.42",
  "timestamp" : 1776177409,
  "timestamp_ms" : 1776177409056,
  "time" : "Tue Apr 14 23:36:49 2026",
  "jobs" : [
    {
      "jobname" : "seq_read",
      "groupid" : 0,
      "job_start" : 1776177378659,
      "error" : 0,
      "eta" : 0,
      "elapsed" : 31,
      "job options" : {
        "name" : "seq_read",
        "filename" : "E:\\fio_testfile",
        "size" : "2G",
        "bs" : "1M",
        "rw" : "read",
        "iodepth" : "32",
        "direct" : "1",
        "thread" : "1",
        "time_based" : "1",
        "runtime" : "30",
        "ramp_time" : "3",
        "group_reporting" : ""
      },
      "read" : {
        "io_bytes" : 16478371840,
        "io_kbytes" : 16092160,
        "bw_bytes" : 548182695,
        "bw" : 535334,
        "iops" : 522.754491,
        "runtime" : 30060,
        "total_ios" : 15714,
        "short_ios" : 0,
        "drop_ios" : 0,
        "slat_ns" : {
          "min" : 27050,
          "max" : 575915,
          "mean" : 55208.494559,
          "stddev" : 19451.638186,
          "N" : 15715
        },
        "clat_ns" : {
          "min" : 2077192,
          "max" : 248652207,
          "mean" : 60872620.583010,
          "stddev" : 10349965.304974,
          "N" : 15715,
          "percentile" : {
            "1.000000" : 7634944,
            "5.000000" : 60030976,
            "10.000000" : 60555264,
            "20.000000" : 60555264,
            "30.000000" : 60555264,
            "40.000000" : 60555264,
            "50.000000" : 61079552,
            "60.000000" : 61079552,
            "70.000000" : 61079552,
            "80.000000" : 61079552,
            "90.000000" : 61603840,
            "95.000000" : 62128128,
            "99.000000" : 112721920,
            "99.500000" : 116916224,
            "99.900000" : 117964800,
            "99.950000" : 126353408,
            "99.990000" : 219152384
          }
        },
        "lat_ns" : {
          "min" : 2242059,
          "max" : 248694681,
          "mean" : 60927829.077569,
          "stddev" : 10346170.179117,
          "N" : 15715
        },
        "bw_min" : 410420,
        "bw_max" : 588953,
        "bw_agg" : 99.804671,
        "bw_mean" : 534289.633333,
        "bw_dev" : 22424.575878,
        "bw_samples" : 60,
        "iops_min" : 400,
        "iops_max" : 575,
        "iops_mean" : 521.366667,
        "iops_stddev" : 21.949840,
        "iops_samples" : 60
      },
      "write" : {
        "io_bytes" : 0,
        "io_kbytes" : 0,
        "bw_bytes" : 0,
        "bw" : 0,
        "iops" : 0.000000,
        "runtime" : 0,
        "total_ios" : 0,
        "short_ios" : 0,
        "drop_ios" : 0,
        "slat_ns" : {
          "min" : 0,
          "max" : 0,
          "mean" : 0.000000,
          "stddev" : 0.000000,
          "N" : 0
        },
        "clat_ns" : {
          "min" : 0,
          "max" : 0,
          "mean" : 0.000000,
          "stddev" : 0.000000,
          "N" : 0
        },
        "lat_ns" : {
          "min" : 0,
          "max" : 0,
          "mean" : 0.000000,
          "stddev" : 0.000000,
          "N" : 0
        },
        "bw_min" : 0,
        "bw_max" : 0,
        "bw_agg" : 0.000000,
        "bw_mean" : 0.000000,
        "bw_dev" : 0.000000,
        "bw_samples" : 0,
        "iops_min" : 0,
        "iops_max" : 0,
        "iops_mean" : 0.000000,
        "iops_stddev" : 0.000000,
        "iops_samples" : 0
      },
      "trim" : {
        "io_bytes" : 0,
        "io_kbytes" : 0,
        "bw_bytes" : 0,
        "bw" : 0,
        "iops" : 0.000000,
        "runtime" : 0,
        "total_ios" : 0,
        "short_ios" : 0,
        "drop_ios" : 0,
        "slat_ns" : {
          "min" : 0,
          "max" : 0,
          "mean" : 0.000000,
          "stddev" : 0.000000,
          "N" : 0
        },
        "clat_ns" : {
          "min" : 0,
          "max" : 0,
          "mean" : 0.000000,
          "stddev" : 0.000000,
          "N" : 0
        },
        "lat_ns" : {
          "min" : 0,
          "max" : 0,
          "mean" : 0.000000,
          "stddev" : 0.000000,
          "N" : 0
        },
        "bw_min" : 0,
        "bw_max" : 0,
        "bw_agg" : 0.000000,
        "bw_mean" : 0.000000,
        "bw_dev" : 0.000000,
        "bw_samples" : 0,
        "iops_min" : 0,
        "iops_max" : 0,
        "iops_mean" : 0.000000,
        "iops_stddev" : 0.000000,
        "iops_samples" : 0
      },
      "sync" : {
        "total_ios" : 0,
        "lat_ns" : {
          "min" : 0,
          "max" : 0,
          "mean" : 0.000000,
          "stddev" : 0.000000,
          "N" : 0
        }
      },
      "job_runtime" : 30059,
      "usr_cpu" : 0.000000,
      "sys_cpu" : 0.000000,
      "ctx" : 0,
      "majf" : 0,
      "minf" : 0,
      "iodepth_level" : {
        "1" : 0.100000,
        "2" : 0.101820,
        "4" : 0.203640,
        "8" : 0.407280,
        "16" : 0.833652,
        "32" : 98.409062,
        ">=64" : 0.000000
      },
      "iodepth_submit" : {
        "0" : 0.000000,
        "4" : 100.000000,
        "8" : 0.000000,
        "16" : 0.000000,
        "32" : 0.000000,
        "64" : 0.000000,
        ">=64" : 0.000000
      },
      "iodepth_complete" : {
        "0" : 0.000000,
        "4" : 99.974347,
        "8" : 0.000000,
        "16" : 0.000000,
        "32" : 0.100000,
        "64" : 0.000000,
        ">=64" : 0.000000
      },
      "latency_ns" : {
        "2" : 0.000000,
        "4" : 0.000000,
        "10" : 0.000000,
        "20" : 0.000000,
        "50" : 0.000000,
        "100" : 0.000000,
        "250" : 0.000000,
        "500" : 0.000000,
        "750" : 0.000000,
        "1000" : 0.000000
      },
      "latency_us" : {
        "2" : 0.000000,
        "4" : 0.000000,
        "10" : 0.000000,
        "20" : 0.000000,
        "50" : 0.000000,
        "100" : 0.000000,
        "250" : 0.000000,
        "500" : 0.000000,
        "750" : 0.000000,
        "1000" : 0.000000
      },
      "latency_ms" : {
        "2" : 0.000000,
        "4" : 0.076365,
        "10" : 1.100929,
        "20" : 0.407280,
        "50" : 0.980018,
        "100" : 95.914471,
        "250" : 1.527300,
        "500" : 0.000000,
        "750" : 0.000000,
        "1000" : 0.000000,
        "2000" : 0.000000,
        ">=2000" : 0.000000
      },
      "latency_depth" : 32,
      "latency_target" : 0,
      "latency_target_ns" : 0,
      "latency_percentile" : 100.000000,
      "latency_window" : 0,
      "latency_window_us" : 0
    }
  ]
}
