{
  "fio version" : "fio-3.42",
  "timestamp" : 1776177484,
  "timestamp_ms" : 1776177484379,
  "time" : "Tue Apr 14 23:38:04 2026",
  "jobs" : [
    {
      "jobname" : "seq_read",
      "groupid" : 0,
      "job_start" : 1776177453973,
      "error" : 0,
      "eta" : 0,
      "elapsed" : 35,
      "job options" : {
        "name" : "seq_read",
        "filename" : "E:\\fio_testfile",
        "size" : "2G",
        "bs" : "1M",
        "rw" : "read",
        "iodepth" : "32",
        "direct" : "1",
        "thread" : "1",
        "time_based" : "1",
        "runtime" : "30",
        "ramp_time" : "3",
        "group_reporting" : ""
      },
      "read" : {
        "io_bytes" : 16557015040,
        "io_kbytes" : 16168960,
        "bw_bytes" : 550780580,
        "bw" : 537871,
        "iops" : 524.267323,
        "runtime" : 30061,
        "total_ios" : 15760,
        "short_ios" : 0,
        "drop_ios" : 0,
        "slat_ns" : {
          "min" : 32907,
          "max" : 422620,
          "mean" : 55304.957360,
          "stddev" : 19897.107937,
          "N" : 15760
        },
        "clat_ns" : {
          "min" : 2093852,
          "max" : 118659400,
          "mean" : 60920870.207995,
          "stddev" : 6108736.174625,
          "N" : 15760,
          "percentile" : {
            "1.000000" : 37486592,
            "5.000000" : 60030976,
            "10.000000" : 60555264,
            "20.000000" : 60555264,
            "30.000000" : 60555264,
            "40.000000" : 60555264,
            "50.000000" : 61079552,
            "60.000000" : 61079552,
            "70.000000" : 61079552,
            "80.000000" : 61079552,
            "90.000000" : 61603840,
            "95.000000" : 62128128,
            "99.000000" : 81264640,
            "99.500000" : 100139008,
            "99.900000" : 115867648,
            "99.950000" : 117964800,
            "99.990000" : 119013376
          }
        },
        "lat_ns" : {
          "min" : 2241097,
          "max" : 118904927,
          "mean" : 60976175.165355,
          "stddev" : 6107306.000383,
          "N" : 15760
        },
        "bw_min" : 434176,
        "bw_max" : 592948,
        "bw_agg" : 99.786072,
        "bw_mean" : 536721.150000,
        "bw_dev" : 15981.559632,
        "bw_samples" : 60,
        "iops_min" : 424,
        "iops_max" : 579,
        "iops_mean" : 523.750000,
        "iops_stddev" : 15.620092,
        "iops_samples" : 60
      },
      "write" : {
        "io_bytes" : 0,
        "io_kbytes" : 0,
        "bw_bytes" : 0,
        "bw" : 0,
        "iops" : 0.000000,
        "runtime" : 0,
        "total_ios" : 0,
        "short_ios" : 0,
        "drop_ios" : 0,
        "slat_ns" : {
          "min" : 0,
          "max" : 0,
          "mean" : 0.000000,
          "stddev" : 0.000000,
          "N" : 0
        },
        "clat_ns" : {
          "min" : 0,
          "max" : 0,
          "mean" : 0.000000,
          "stddev" : 0.000000,
          "N" : 0
        },
        "lat_ns" : {
          "min" : 0,
          "max" : 0,
          "mean" : 0.000000,
          "stddev" : 0.000000,
          "N" : 0
        },
        "bw_min" : 0,
        "bw_max" : 0,
        "bw_agg" : 0.000000,
        "bw_mean" : 0.000000,
        "bw_dev" : 0.000000,
        "bw_samples" : 0,
        "iops_min" : 0,
        "iops_max" : 0,
        "iops_mean" : 0.000000,
        "iops_stddev" : 0.000000,
        "iops_samples" : 0
      },
      "trim" : {
        "io_bytes" : 0,
        "io_kbytes" : 0,
        "bw_bytes" : 0,
        "bw" : 0,
        "iops" : 0.000000,
        "runtime" : 0,
        "total_ios" : 0,
        "short_ios" : 0,
        "drop_ios" : 0,
        "slat_ns" : {
          "min" : 0,
          "max" : 0,
          "mean" : 0.000000,
          "stddev" : 0.000000,
          "N" : 0
        },
        "clat_ns" : {
          "min" : 0,
          "max" : 0,
          "mean" : 0.000000,
          "stddev" : 0.000000,
          "N" : 0
        },
        "lat_ns" : {
          "min" : 0,
          "max" : 0,
          "mean" : 0.000000,
          "stddev" : 0.000000,
          "N" : 0
        },
        "bw_min" : 0,
        "bw_max" : 0,
        "bw_agg" : 0.000000,
        "bw_mean" : 0.000000,
        "bw_dev" : 0.000000,
        "bw_samples" : 0,
        "iops_min" : 0,
        "iops_max" : 0,
        "iops_mean" : 0.000000,
        "iops_stddev" : 0.000000,
        "iops_samples" : 0
      },
      "sync" : {
        "total_ios" : 0,
        "lat_ns" : {
          "min" : 0,
          "max" : 0,
          "mean" : 0.000000,
          "stddev" : 0.000000,
          "N" : 0
        }
      },
      "job_runtime" : 30060,
      "usr_cpu" : 0.000000,
      "sys_cpu" : 3.326680,
      "ctx" : 0,
      "majf" : 0,
      "minf" : 0,
      "iodepth_level" : {
        "1" : 0.100000,
        "2" : 0.101523,
        "4" : 0.203046,
        "8" : 0.406091,
        "16" : 0.812183,
        "32" : 98.426396,
        ">=64" : 0.000000
      },
      "iodepth_submit" : {
        "0" : 0.000000,
        "4" : 100.000000,
        "8" : 0.000000,
        "16" : 0.000000,
        "32" : 0.000000,
        "64" : 0.000000,
        ">=64" : 0.000000
      },
      "iodepth_complete" : {
        "0" : 0.000000,
        "4" : 99.974425,
        "8" : 0.000000,
        "16" : 0.000000,
        "32" : 0.100000,
        "64" : 0.000000,
        ">=64" : 0.000000
      },
      "latency_ns" : {
        "2" : 0.000000,
        "4" : 0.000000,
        "10" : 0.000000,
        "20" : 0.000000,
        "50" : 0.000000,
        "100" : 0.000000,
        "250" : 0.000000,
        "500" : 0.000000,
        "750" : 0.000000,
        "1000" : 0.000000
      },
      "latency_us" : {
        "2" : 0.000000,
        "4" : 0.000000,
        "10" : 0.000000,
        "20" : 0.000000,
        "50" : 0.000000,
        "100" : 0.000000,
        "250" : 0.000000,
        "500" : 0.000000,
        "750" : 0.000000,
        "1000" : 0.000000
      },
      "latency_ms" : {
        "2" : 0.000000,
        "4" : 0.101523,
        "10" : 0.152284,
        "20" : 0.266497,
        "50" : 0.824873,
        "100" : 98.140863,
        "250" : 0.513959,
        "500" : 0.000000,
        "750" : 0.000000,
        "1000" : 0.000000,
        "2000" : 0.000000,
        ">=2000" : 0.000000
      },
      "latency_depth" : 32,
      "latency_target" : 0,
      "latency_target_ns" : 0,
      "latency_percentile" : 100.000000,
      "latency_window" : 0,
      "latency_window_us" : 0
    }
  ]
}
