{
  "fio version" : "fio-3.42",
  "timestamp" : 1776177446,
  "timestamp_ms" : 1776177446733,
  "time" : "Tue Apr 14 23:37:26 2026",
  "jobs" : [
    {
      "jobname" : "seq_read",
      "groupid" : 0,
      "job_start" : 1776177416324,
      "error" : 0,
      "eta" : 0,
      "elapsed" : 35,
      "job options" : {
        "name" : "seq_read",
        "filename" : "E:\\fio_testfile",
        "size" : "2G",
        "bs" : "1M",
        "rw" : "read",
        "iodepth" : "32",
        "direct" : "1",
        "thread" : "1",
        "time_based" : "1",
        "runtime" : "30",
        "ramp_time" : "3",
        "group_reporting" : ""
      },
      "read" : {
        "io_bytes" : 16555966464,
        "io_kbytes" : 16167936,
        "bw_bytes" : 550764020,
        "bw" : 537855,
        "iops" : 524.251497,
        "runtime" : 30060,
        "total_ios" : 15759,
        "short_ios" : 0,
        "drop_ios" : 0,
        "slat_ns" : {
          "min" : 33025,
          "max" : 995883,
          "mean" : 55778.481376,
          "stddev" : 20612.648545,
          "N" : 15759
        },
        "clat_ns" : {
          "min" : 2075381,
          "max" : 119929133,
          "mean" : 60925708.939844,
          "stddev" : 6163565.775330,
          "N" : 15759,
          "percentile" : {
            "1.000000" : 36962304,
            "5.000000" : 60030976,
            "10.000000" : 60555264,
            "20.000000" : 60555264,
            "30.000000" : 60555264,
            "40.000000" : 60555264,
            "50.000000" : 61079552,
            "60.000000" : 61079552,
            "70.000000" : 61079552,
            "80.000000" : 61079552,
            "90.000000" : 61603840,
            "95.000000" : 62128128,
            "99.000000" : 83361792,
            "99.500000" : 100139008,
            "99.900000" : 115867648,
            "99.950000" : 117964800,
            "99.990000" : 119013376
          }
        },
        "lat_ns" : {
          "min" : 2213135,
          "max" : 120032872,
          "mean" : 60981487.421220,
          "stddev" : 6163122.381342,
          "N" : 15759
        },
        "bw_min" : 430941,
        "bw_max" : 596996,
        "bw_agg" : 99.770480,
        "bw_mean" : 536621.950000,
        "bw_dev" : 15997.330664,
        "bw_samples" : 60,
        "iops_min" : 420,
        "iops_max" : 583,
        "iops_mean" : 523.650000,
        "iops_stddev" : 15.695001,
        "iops_samples" : 60
      },
      "write" : {
        "io_bytes" : 0,
        "io_kbytes" : 0,
        "bw_bytes" : 0,
        "bw" : 0,
        "iops" : 0.000000,
        "runtime" : 0,
        "total_ios" : 0,
        "short_ios" : 0,
        "drop_ios" : 0,
        "slat_ns" : {
          "min" : 0,
          "max" : 0,
          "mean" : 0.000000,
          "stddev" : 0.000000,
          "N" : 0
        },
        "clat_ns" : {
          "min" : 0,
          "max" : 0,
          "mean" : 0.000000,
          "stddev" : 0.000000,
          "N" : 0
        },
        "lat_ns" : {
          "min" : 0,
          "max" : 0,
          "mean" : 0.000000,
          "stddev" : 0.000000,
          "N" : 0
        },
        "bw_min" : 0,
        "bw_max" : 0,
        "bw_agg" : 0.000000,
        "bw_mean" : 0.000000,
        "bw_dev" : 0.000000,
        "bw_samples" : 0,
        "iops_min" : 0,
        "iops_max" : 0,
        "iops_mean" : 0.000000,
        "iops_stddev" : 0.000000,
        "iops_samples" : 0
      },
      "trim" : {
        "io_bytes" : 0,
        "io_kbytes" : 0,
        "bw_bytes" : 0,
        "bw" : 0,
        "iops" : 0.000000,
        "runtime" : 0,
        "total_ios" : 0,
        "short_ios" : 0,
        "drop_ios" : 0,
        "slat_ns" : {
          "min" : 0,
          "max" : 0,
          "mean" : 0.000000,
          "stddev" : 0.000000,
          "N" : 0
        },
        "clat_ns" : {
          "min" : 0,
          "max" : 0,
          "mean" : 0.000000,
          "stddev" : 0.000000,
          "N" : 0
        },
        "lat_ns" : {
          "min" : 0,
          "max" : 0,
          "mean" : 0.000000,
          "stddev" : 0.000000,
          "N" : 0
        },
        "bw_min" : 0,
        "bw_max" : 0,
        "bw_agg" : 0.000000,
        "bw_mean" : 0.000000,
        "bw_dev" : 0.000000,
        "bw_samples" : 0,
        "iops_min" : 0,
        "iops_max" : 0,
        "iops_mean" : 0.000000,
        "iops_stddev" : 0.000000,
        "iops_samples" : 0
      },
      "sync" : {
        "total_ios" : 0,
        "lat_ns" : {
          "min" : 0,
          "max" : 0,
          "mean" : 0.000000,
          "stddev" : 0.000000,
          "N" : 0
        }
      },
      "job_runtime" : 30059,
      "usr_cpu" : 0.000000,
      "sys_cpu" : 0.000000,
      "ctx" : 0,
      "majf" : 0,
      "minf" : 0,
      "iodepth_level" : {
        "1" : 0.100000,
        "2" : 0.101529,
        "4" : 0.203059,
        "8" : 0.406117,
        "16" : 0.926455,
        "32" : 98.312076,
        ">=64" : 0.000000
      },
      "iodepth_submit" : {
        "0" : 0.000000,
        "4" : 100.000000,
        "8" : 0.000000,
        "16" : 0.000000,
        "32" : 0.000000,
        "64" : 0.000000,
        ">=64" : 0.000000
      },
      "iodepth_complete" : {
        "0" : 0.000000,
        "4" : 99.971209,
        "8" : 0.000000,
        "16" : 0.100000,
        "32" : 0.100000,
        "64" : 0.000000,
        ">=64" : 0.000000
      },
      "latency_ns" : {
        "2" : 0.000000,
        "4" : 0.000000,
        "10" : 0.000000,
        "20" : 0.000000,
        "50" : 0.000000,
        "100" : 0.000000,
        "250" : 0.000000,
        "500" : 0.000000,
        "750" : 0.000000,
        "1000" : 0.000000
      },
      "latency_us" : {
        "2" : 0.000000,
        "4" : 0.000000,
        "10" : 0.000000,
        "20" : 0.000000,
        "50" : 0.000000,
        "100" : 0.000000,
        "250" : 0.000000,
        "500" : 0.000000,
        "750" : 0.000000,
        "1000" : 0.000000
      },
      "latency_ms" : {
        "2" : 0.000000,
        "4" : 0.069801,
        "10" : 0.184022,
        "20" : 0.253823,
        "50" : 0.901072,
        "100" : 98.070944,
        "250" : 0.520338,
        "500" : 0.000000,
        "750" : 0.000000,
        "1000" : 0.000000,
        "2000" : 0.000000,
        ">=2000" : 0.000000
      },
      "latency_depth" : 32,
      "latency_target" : 0,
      "latency_target_ns" : 0,
      "latency_percentile" : 100.000000,
      "latency_window" : 0,
      "latency_window_us" : 0
    }
  ]
}
