workload,wsl_ext4_run_count,mnt_d_run_count,wsl_ext4_bandwidth_mib_s_mean,mnt_d_bandwidth_mib_s_mean,mnt_d_over_wsl_ext4_bandwidth_mib_s,mnt_d_minus_wsl_ext4_bandwidth_mib_s,wsl_ext4_iops_mean,mnt_d_iops_mean,mnt_d_over_wsl_ext4_iops,mnt_d_minus_wsl_ext4_iops,wsl_ext4_clat_mean_us_mean,mnt_d_clat_mean_us_mean,mnt_d_over_wsl_ext4_clat_mean_us,mnt_d_minus_wsl_ext4_clat_mean_us,wsl_ext4_clat_p95_us_mean,mnt_d_clat_p95_us_mean,mnt_d_over_wsl_ext4_clat_p95_us,mnt_d_minus_wsl_ext4_clat_p95_us,wsl_ext4_clat_p99_us_mean,mnt_d_clat_p99_us_mean,mnt_d_over_wsl_ext4_clat_p99_us,mnt_d_minus_wsl_ext4_clat_p99_us,wsl_ext4_clat_p999_us_mean,mnt_d_clat_p999_us_mean,mnt_d_over_wsl_ext4_clat_p999_us,mnt_d_minus_wsl_ext4_clat_p999_us
rand_read,3,3,18.608915011088055,15.758063316345215,0.8468018316465968,-2.8508516947428397,4763.882408,4034.064395333333,0.8468018414054297,-729.8180126666675,284.1935254973334,250.153310187,0.8802217071948994,-34.040215310333394,534.5279999999999,479.23199999999997,0.8965517241379312,-55.295999999999935,1208.32,879.2746666666666,0.727683615819209,-329.04533333333336,10693.290666666668,3448.832,0.3225229826353421,-7244.458666666667
rand_write,3,3,670.7821038564047,14.247313499450684,0.021239853325753944,-656.534790356954,171720.218652,3647.3124016666666,0.021239854166841796,-168072.90625033336,3.932450482666667,271.95919095666665,69.15768988202139,268.026740474,6.197333333333333,501.07733333333334,80.85370051635113,494.88,16.128,853.3333333333334,52.91005291005291,837.2053333333333,84.13866666666667,1794.048,21.322515212981745,1709.9093333333333
